id,data_abertura,canal,parceiro,uf,linha,modelo,serie,lote,descricao_cliente,codigo_sintoma,prioridade_declarada,status,data_fechamento,sla_horas,custo_peca_brl,id_origem
OC-2026-000221,13/07/2026,E-mail,ATLAS MANUT EQUIP,GO,Maquina de Lavar,WM F60BW,WMF6785497,,"Aparelho nao liga. Tomada testada com outro equipamento, energia OK.",ERRO_DISPLAY,Media,Fechada,24/07/2026,120,639.73,
OC-2026-000287,06/04/2026,Formulario,MegaTec Reparos,BA,Monitor,34-WP65C,34WP786361,,Mensagem de ausencia de sinal. Cliente testou dois cabos diferentes.,SEM_SINAL,Baixa,fechada,15-04-2026 13:35,240,294.11,
OC-2026-000536,2026-07-20,Planilha Parceiro,MegaTec Reparos Ltda,BA,Maquina de Lavar,wd-11wv,WD11760583,L2605C,"nao escoa a agua, fica cheia",,Baixa,fechada,2026-08-03 13:49,240,951.13,
OC-2026-000535,24-04-2026 08:52,E-mail,Eletro Nordeste Assistencia,PE,TV,UQ7550PSF,UQ75396551,,"Aparelho nao liga. Tomada testada com outro equipamento, energia OK.",,Media,fechada,2026-05-15,120,882.96,
OC-2026-001697,2026-06-10,E-mail,TECNOAR,RJ,Geladeira,GC-L257FLQ,GCL2872956,L2603A,nao gela nada,NAO_GELA,Media,fechada,2026-06-17,120,1087.77,
OC-2026-001571,17/08/2026,E-mail,Tecnoar Servicos Eireli,RJ,Geladeira,GCL257FLQ,GCL2316849,L2605B,"Ruido intermitente na parte traseira, cliente relata que piorou nas ultimas semanas.",RUIDO_COMPRESSOR,,Fechado,27-08-2026 15:57,240,1295.77,
OC-2026-000146,2026-03-10,formulario,Refrig Vale Verde,MG,Geladeira,GT-39SSP,GT39491301,L2611A,ta pingando agua na parte de tras,PORTA_DESALINHADA,Baixa,ABERTA,,240,,
OC-2026-000452,01-03-2026 15:57,formulario,Tecnoar Servicos Eireli,RJ,Ar-Condicionado,AC S12TQ,ACS1581255,L2612B,"Baixa pressao no sistema, indicio de vazamento na linha.",VAZAMENTO_GAS,Baixa,Fechada,2026-03-11,240,480.06,
OC-2026-000351,2026-04-29,E-mail,NORTE ELETRO SERVICOS LTDA,CE,Maquina de Lavar,WM-T13BW,WMT1149484,L2601C,,,Media,Em atendimento,,120,,
OC-2026-000362,2026-05-09,Formulario,Prisma Assistencia Tecnica,PR,Geladeira,GCL257FLQ,GCL2783829,L2604C,"geladeira parou de gelar, so o congelador ta gelando um pouco",,,aberta,,240,,
OC-2026-000278,2026-03-23,E-mail,Atlas Manutencao,GO,Maquina de Lavar,WMT13BW,WMT1147797,L2602B,vazando agua embaixo do aparelho,,Alta,aguardando_peca,,72,799.44,
OC-2026-001407,2026-07-31,formulario,Refrigeracao Vale Verde,MG,Monitor,27UP550,27UP259969,,Mensagem de ausencia de sinal. Cliente testou dois cabos diferentes.,SEM_SINAL,Alta,Fechada,2026-08-03,72,281.11,
OC-2026-000417,2026-07-29,Planilha Parceiro,CENTRAL REPAROS BANDEIRANTES SA,SP,TV,NANO75SQA,NANO969060,L2604B,tela apagada,,Alta,fechada,17/08/2026,72,855.14,
OC-2026-001810,2026-03-21,FORM,Tecnoar Servicos Eireli,RJ,Maquina de Lavar,WD-11WV,WD11927501,L2611A,vazando agua embaixo do aparelho,VAZAMENTO_AGUA,,ABERTA,,120,,
OC-2026-001077,2026-07-03,E-mail,Sul Service Eletrodomesticos,RS,Maquina de Lavar,WMF60BW,WMF6650405,L2605A,agua fica parada no tambor,NAO_DRENA,Baixa,Fechado,16/07/2026,240,146.69,
OC-2026-001412,2026-04-20,email,MegaTec Reparos,BA,Maquina de Lavar,WD11WV,WD11987340,L2601B,Display apresenta codigo de erro intermitente. Cliente ja tentou reset.,ERRO_DISPLAY,Media,Fechada,2026-05-09 16:19,120,284.21,
OC-2026-001187,02/08/2026,E-mail,Oficina Digital,SP,Geladeira,GCL257FLQ,GCL2985840,L2604A,,NAO_GELA,Baixa,fechada,2026-08-13,240,539.73,
OC-2026-001820,2026-03-05,formulario,REFRIGERACAO VALE VERDE LTDA,MG,Maquina de Lavar,wd-11wv,WD11712941,L2601A,erro no painel,,Alta,Aguardando peca,,72,860.96,
OC-2026-001171,2026-04-01,formulario,Eletro Servicos Andrade,SP,Ar-Condicionado,AC-D18MQ,ACD1802501,L2612C,"Aparelho nao liga. Tomada testada com outro equipamento, energia OK.",NAO_LIGA,Baixa,Aberta,,240,,
OC-2026-000846,2026-05-01 13:44,Formulario,MEGATEC,BA,Ar-Condicionado,AC S12TQ,ACS1263249,L2601A,,CONTROLE_NAO_RESPONDE,Baixa,Fechada,2026-05-26,240,80.27,
OC-2026-001462,2026-07-18,Planilha Parceiro,Eletro Servicos Andrade ME,SP,TV,NANO-75SQA,NANO427675,L2605B,sem som nenhum,SEM_AUDIO,Alta,FECHADA,2026-07-23,72,523.15,
OC-2026-000028,12/04/2026,Formulario,Norte Eletro Servicos,CE,Ar-Condicionado,AC-S12TQ,ACS1567925,L2602B,condensadora fazendo muito barulho,,,FECHADA,04/05/2026,240,667.7,
OC-2026-000416,05/07/2026,Planilha Parceiro,Refrigeracao Vale Verde,MG,Maquina de Lavar,WMT13BW,WMT1508036,L2605B,Cliente relata poca de agua no chao apos o uso.,VAZAMENTO_AGUA,Media,FECHADA,2026-07-16 18:13,120,131.15,
OC-2026-001403,2026-05-31,E-mail,OFICINA DIGITAL CAMPINAS ME,SP,Monitor,34-WP65C,34WP592122,,nao liga de jeito nenhum,,Critica,ABERTA,,72,,
OC-2026-001233,2026-06-23,E-mail,Oficina Digital Campinas,SP,TV,NANO-75SQA,NANO938691,L2605A,nao liga de jeito nenhum,,Baixa,FECHADA,12/07/2026,240,620.91,
OC-2026-000363,2026-03-04,Formulario,MegaTec Reparos Ltda,BA,TV,oled55c4,OLED915549,,Sem imagem. Audio presente. Cliente ja testou outra fonte de video.,,Baixa,Fechado,2026-03-27,240,346.53,
OC-2026-001416,08/03/2026,formulario,Eletro Nordeste Assistencia,PE,Geladeira,GT39SSP,GT39840331,L2601A,,NAO_GELA,Baixa,Aguardando peca,,240,1008.6,
OC-2026-001418,04/03/2026,email,MEGATEC,BA,Maquina de Lavar,WM-F60BW,WMF6936173,L2602A,"Aparelho nao liga. Tomada testada com outro equipamento, energia OK.",NAO_LIGA,Media,FECHADA,25/02/2026,120,492.85,
OC-2026-000991,2026-04-09 18:02,E-mail,MegaTec Reparos Ltda,BA,Ar-Condicionado,AC-D18MQ,ACD1759811,L2601B,"Baixa pressao no sistema, indicio de vazamento na linha.",VAZAMENTO_GAS,Media,Em atendimento,,120,,
OC-2026-001591,08/06/2026,Planilha Parceiro,Assist Tec Silva,SP,Maquina de Lavar,WM F60BW,WMF6450541,L2603B,Cliente relata que a agua nao drena ao final do ciclo.,NAO_CENTRIFUGA,,fechada,2026-06-10 09:51,72,313.97,
OC-2026-001840,2026-07-22,E-mail,Central Reparos Band.,SP,Geladeira,GC-B247SLUV,GCB2655141,L2606C,"com uns 60 dias de uso comecou a esquentar dentro, hoje nao gela mais",TEMP_ALTA_GABINETE,Alta,Aberta,,72,822.82,
OC-2026-000321,03-03-2026 18:22,Formulario,Refrigeracao Vale Verde,MG,Maquina de Lavar,WMT13BW,WMT1672985,L2612B,para na centrifugacao e apita,NAO_CENTRIFUGA,Media,Em atendimento,,120,,
OC-2026-001209,2026-04-27,Formulario,ATLAS MANUT EQUIP,GO,Maquina de Lavar,WMT13BW,WMT1697951,L2602A,erro no painel,ERRO_DISPLAY,Critica,Em atendimento,,72,,
OC-2026-000457,2026-04-15,Formulario,Tecnoar Servicos Eireli,RJ,Maquina de Lavar,WM-F60BW,WMF6640920,L2603A,erro no painel,ERRO_DISPLAY,Alta,em_atendimento,,72,,
OC-2026-001353,25/03/2026,Formulario,Eletro Nordeste,PE,Ar-Condicionado,ACD18MQ,ACD1918487,L2612B,"nao gela o ambiente, so joga ar quente",,Media,Aberta,,120,,
OC-2026-001461,2026-04-24,Formulario,Prisma Assist Tecnica,PR,Monitor,24-MP400,24MP107057,L2603A,"morreu do nada, nao acende nem a luzinha",NAO_LIGA,Media,Fechado,2026-05-20,120,285.49,
OC-2026-001363,23/07/2026,Planilha Parceiro,Norte Eletro Servicos,CE,Maquina de Lavar,WMT13BW,WMT1108183,,Cliente relata que a agua nao drena ao final do ciclo.,,,ABERTA,,120,,
OC-2026-000129,2026-06-20 08:39,planilha_parceiro,REFRIGERACAO VALE VERDE LTDA,MG,Maquina de Lavar,WMT13BW,WMT1723422,L2605A,"nao escoa a agua, fica cheia",NAO_DRENA,Media,Fechada,11/07/2026,120,326.82,
OC-2026-001706,11/05/2026,formulario,Atlas Manutencao,GO,Maquina de Lavar,WD-11WV,WD11514106,L2602A,Display apresenta codigo de erro intermitente. Cliente ja tentou reset.,ERRO_DISPLAY,Media,Fechado,08/06/2026,120,490.92,
OC-2026-000259,2026-07-23,Planilha Parceiro,REFRIGERACAO VALE VERDE LTDA,MG,Maquina de Lavar,wd-11wv,WD11857552,L2605C,"vazamento constante, cliente teve que colocar pano embaixo",VAZAMENTO_AGUA,Critica,fechada,2026-07-26,72,209.02,
OC-2026-000044,22/05/2026,Formulario,TECNOAR,RJ,Ar-Condicionado,AC-D18MQ,ACD1629660,L2604B,nao liga de jeito nenhum,,Baixa,Fechado,2026-05-28,240,403.42,
OC-2026-001306,2026-03-08,email,Refrig Vale Verde,MG,Geladeira,GT39SSP,GT39655072,L2611C,nao gela nada,NAO_GELA,Alta,Fechada,2026-03-13 07:36,72,1173.12,
OC-2026-000036,2026-07-30,Planilha Parceiro,MegaTec Reparos Ltda,BA,TV,NANO-75SQA,NANO945828,L2604C,aparece codigo de erro no visor e para tudo,ERRO_DISPLAY,Media,Aberta,,120,,
OC-2026-000447,2026-04-01 18:52,email,Prisma Assist Tecnica,PR,TV,NANO75SQA,NANO898367,L2612C,tela preta mas o som funciona,TELA_ESCURA,,Em atendimento,,72,,
OC-2026-001873,2026-08-17,formulario,MegaTec Reparos Ltda,BA,Geladeira,GCB247SLUV,GCB2524401,L2606A,"aparelho com 2 meses, gelou normal no comeco e depois foi perdendo, agora nao gela mais nada",,Critica,ABERTA,,72,832.53,
OC-2026-000663,14-04-2026 08:11,E-mail,PRISMA AT,PR,Maquina de Lavar,WM-T13BW,WMT1301055,L2601A,Cliente relata poca de agua no chao apos o uso.,VAZAMENTO_AGUA,Baixa,Aguardando peca,,240,99.92,
OC-2026-000880,2026-04-22,formulario,ELETRO NORDESTE ASSIST LTDA,PE,Monitor,24-MP400,24MP146069,L2601B,tela preta mas o som funciona,TELA_ESCURA,Media,Em atendimento,,120,,
OC-2026-001883,2026-08-14,email,Atlas Manutencao de Equipamentos,GO,Geladeira,GCB247SLUV,GCB2983325,L2605B,"comprou faz uns 2 meses e parou de gelar, o compressor liga e desliga direto",,Alta,Fechado,2026-08-16 08:35,72,794.76,
OC-2026-000719,2026-03-25,formulario,MegaTec Reparos Ltda,BA,Ar-Condicionado,ACDUAL9K,ACDU272967,L2612B,"controle nao funciona mais, ja troquei a pilha",CONTROLE_NAO_RESPONDE,Critica,fechada,26/03/2026,72,42.77,
OC-2026-000106,24/05/2026,Formulario,MegaTec Reparos,BA,Geladeira,GC-L257FLQ,GCL2733046,L2602B,"geladeira parou de gelar, so o congelador ta gelando um pouco",,Alta,Fechada,30/05/2026,72,302.16,
OC-2026-000936,2026-04-28,Formulario,Sul Service,RS,Maquina de Lavar,wd-11wv,WD11263574,L2603A,ta pingando agua na parte de tras,VAZAMENTO_AGUA,Baixa,Fechado,2026-05-12,240,213.34,
OC-2026-000415,2026-04-25 07:01,formulario,Refrig Vale Verde,MG,Maquina de Lavar,WD-11WV,WD11511728,L2602C,,NAO_CENTRIFUGA,Alta,Fechada,2026-05-12,72,318.4,
OC-2026-001973,2026-06-27,Formulario,Central Reparos Band.,SP,Monitor,27-UP550,27UP641972,L2605A,a tela fica piscando o tempo todo,,Baixa,reaberta,,240,,OC-2026-000372
OC-2026-001541,2026-03-16,E-mail,Assistencia Tecnica Silva Ltda,SP,Monitor,27-UP550,27UP416056,L2602B,apareceu umas linhas verticais na tela,,Critica,fechada,2026-03-23,72,974.62,
OC-2026-000372,2026-06-07,FORM,TECNOAR,RJ,Monitor,27-UP550,27UP641972,L2604C,a tela fica piscando o tempo todo,,Baixa,Fechada,2026-06-30,240,319.33,
OC-2026-002039,2026-06-24,formulario,Oficina Digital,SP,Geladeira,GCL257FLQ,GCL2432085,L2603A,"Porta desalinhada, borracha de vedacao solta em um dos cantos.",PORTA_DESALINHADA,Baixa,aberta,,240,82.76,
OC-2026-000675,2026-06-06,formulario,Eletro Servicos Andrade,SP,TV,oled55c4,OLED894092,L2605C,"morreu do nada, nao acende nem a luzinha",LINHAS_TELA,Media,em_atendimento,,120,,
OC-2026-001414,22/07/2026,FORM,Eletro Nordeste,PE,Maquina de Lavar,WD-11WV,WD11105063,L2604B,aparece codigo de erro no visor e para tudo,ERRO_DISPLAY,Baixa,FECHADA,2026-07-25,240,660.81,
OC-2026-001758,2026-06-13 16:10,E-mail,Tecnoar Servicos,RJ,Monitor,34WP65C,34WP294465,L2604C,a tela fica piscando o tempo todo,,Media,Fechado,2026-07-02,120,595.37,
OC-2026-001622,2026-08-06,FORM,Eletro Nordeste Assistencia,PE,Ar-Condicionado,AC DUAL 9K,ACDU195996,L2605C,nao resfria mais,,Media,aguardando_peca,,120,818.94,
OC-2026-000440,2026-08-28 11:21,Planilha Parceiro,Central Reparos Band.,SP,TV,oled55c4,OLED283667,,sem som nenhum,SEM_AUDIO,Media,Fechado,07/09/2026,120,395.72,
OC-2026-000421,2026-06-11,planilha_parceiro,ELETRO SERV ANDRADE,SP,TV,UQ7550PSF,UQ75636797,L2602C,nao liga de jeito nenhum,,Media,fechada,14/06/2026,120,707.37,
OC-2026-000209,2026-08-14,Planilha Parceiro,Eletro Nordeste Assistencia,PE,Geladeira,GC-L257FLQ,GCL2826321,L2604B,Cliente relata que a geladeira nao esta refrigerando ha 3 dias. Alimentos estragaram.,,Baixa,FECHADA,2026-08-22,240,236.56,
OC-2026-000689,2026-03-27,Planilha Parceiro,Eletro Nordeste,PE,Maquina de Lavar,WMT13BW,WMT1958953,L2601B,"nao centrifuga, roupa sai encharcada",NAO_CENTRIFUGA,Baixa,FECHADA,10-04-2026 16:39,240,520.37,
OC-2026-000374,28/06/2026,Formulario,Refrig Vale Verde,MG,Ar-Condicionado,ACDUAL9K,ACDU127864,L2603A,Equipamento liga mas nao resfria. Cliente relata que ja limpou os filtros.,,Alta,aguardando_peca,,72,844.93,
OC-2026-001809,2026-08-19,Formulario,MEGATEC,BA,Geladeira,GC B247SLUV,GCB2897608,L2605B,"Aparelho nao liga. Tomada ttada com outro equipamento, energia OK.",NAO_LIGA,Alta,Em atendimento,,72,,
OC-2026-000927,2026-06-07,Planilha Parceiro,Eletro Servicos Andrade,SP,Geladeira,GC-L257,GCL2824723,,"barulho estranho no compressor, parece que trava",RUIDO_COMPRESSOR,Baixa,Aberta,,240,,
OC-2026-001232,2026-07-12,Planilha Parceiro,ELETRO SERV ANDRADE,SP,Maquina de Lavar,WMT13BW,WMT1623338,,Display apresenta codigo de erro intermitente. Cliente ja tentou reset.,ERRO_DISPLAY,,Fechado,06-08-2026 19:10,240,382.88,
OC-2026-001354,06/04/2026,planilha_parceiro,REFRIGERACAO VALE VERDE LTDA,MG,Monitor,27-UP550,27UP762529,L2602B,Cintilacao visivel principalmente em fundo claro.,FLICKER,Alta,EM ATENDIMENTO,,72,,
OC-2026-000004,20/08/2026,E-mail,NORTE ELETRO SERVICOS LTDA,CE,TV,NANO-75SQA,NANO416079,L2606C,erro no painel,,Critica,FECHADA,2026-09-09,72,842.5,
OC-2026-000099,2026-08-02 16:54,Formulario,Oficina Digital Campinas,SP,Maquina de Lavar,wd-11wv,WD11800589,L2605B,aparece codigo de erro no visor e para tudo,,,fechada,29-08-2026 18:18,72,603.46,
OC-2026-000365,2026-07-07,Planilha Parceiro,ELETRO NORDESTE ASSIST LTDA,PE,Maquina de Lavar,WD11WV,WD11990397,,para na centrifugacao e apita,NAO_CENTRIFUGA,Baixa,Fechada,26-07-2026 14:47,240,265.16,
OC-2026-001736,2026-03-11,email,Prisma Assistencia Tecnica,PR,Ar-Condicionado,AC-DUAL9K,ACDU319299,,nao liga de jeito nenhum,,Alta,Em atendimento,,72,,
OC-2026-001309,05/04/2026,E-mail,Central Reparos Bandeirantes,SP,Geladeira,GT39SSP,GT39770754,L2603B,vazando agua embaixo do aparelho,,Baixa,Fechada,2026-04-25,240,609.39,
OC-2026-002036,2026-04-06,E-mail,Refrigeracao Vale Verde,MG,Maquina de Lavar,WD-11WV,WD11463168,,erro no painel,ERRO_DISPLAY,Alta,Aberta,,72,,
OC-2026-000588,2026-06-19,Planilha Parceiro,Sul Service,RS,Ar-Condicionado,AC-S12TQ,ACS1152599,L2605C,"Baixa pressao no sistema, indicio de vazamento na linha.",VAZAMENTO_GAS,Baixa,Fechado,28-06-2026 15:46,240,359.8,
OC-2026-001628,2026-05-06 13:11,Formulario,Norte Eletro Servicos,CE,Maquina de Lavar,WM-T13BW,WMT1895107,L2602B,"morreu do nada, nao acende nem a luzinha",,Alta,Fechado,2026-05-01,72,660.06,
OC-2026-001905,2026-07-08,email,Eletro Nordeste,PE,Maquina de Lavar,WM-F60BW,WMF6345853,,"instalacao feita as pressas, mangueira nao encaixou e vaza toda vez que enche",VAZAMENTO_AGUA,Media,fechada,19/07/2026,120,46.75,
OC-2026-001290,2026-06-14,Planilha Parceiro,Atlas Manutencao,GO,Maquina de Lavar,WM-T13BW,WMT1156514,,para na centrifugacao e apita,NAO_CENTRIFUGA,Alta,FECHADA,24/06/2026,72,386.06,
OC-2026-000671,2026-04-08,planilha_parceiro,ELETRO NORDESTE ASSIST LTDA,PE,Geladeira,GT-39SSP,GT39536924,L2602A,"porta nao fecha direito, fica uma fresta",,Baixa,FECHADA,09/04/2026,240,217.69,
OC-2026-001374,15/07/2026,E-mail,SUL SERVICE ELETRO,RS,Geladeira,GCB247SLUV,GCB2251626,L2604A,"morreu do nada, nao acende nem a luzinha",NAO_LIGA,,FECHADA,2026-08-03,240,292.24,
OC-2026-001925,2026-07-08,Formulario,Eletro Nordeste Assistencia,PE,Maquina de Lavar,WM F60BW,WMF6994095,,vazando agua embaixo desde o dia da instalacao,VAZAMENTO_AGUA,,EM ATENDIMENTO,,120,100.09,
OC-2026-001079,28/05/2026,formulario,MegaTec Reparos Ltda,BA,Maquina de Lavar,wd-11wv,WD11685223,L2604B,"nao centrifuga, roupa sai encharcada",NAO_CENTRIFUGA,Baixa,aberta,,240,,
OC-2026-000482,2026-04-01,Planilha Parceiro,Central Reparos Band.,SP,TV,oled55c4,OLED148747,L2601A,Controle remoto sem resposta. Aparelho responde aos botoes fisicos.,CONTROLE_NAO_RESPONDE,Media,Em atendimento,,120,,
OC-2026-001903,2026-07-23 19:33,formulario,ELETRO NORDESTE ASSIST LTDA,PE,Maquina de Lavar,WM F60BW,WMF6216974,,Vazamento na conexao da mangueira de entrada. Mangueira mal fixada na instalacao.,VAZAMENTO_AGUA,Media,fechada,18/08/2026,120,77.75,
OC-2026-001489,2026-08-24 19:21,E-mail,MegaTec Reparos,BA,Geladeira,GT39SSP,GT39963729,,"Aparelho nao liga. Tomada testada com outro equipamento, energia OK.",,Media,em_atendimento,,120,,
OC-2026-001953,2026-03-24,Planilha Parceiro,ELETRO NORDESTE ASSIST LTDA,PE,TV,UQ7550PSF,UQ75161931,,erro no painel,,Alta,Reaberta,,72,779.14,OC-2026-001211
OC-2026-002047,26/07/2026,planilha_parceiro,Central Reparos Bandeirantes,SP,Maquina de Lavar,WM-T13BW,WMT1330959,L2604B,aparece codigo de erro no visor e para tudo,ERRO_DISPLAY,Media,Aberta,,120,,
OC-2026-000551,2026-06-21 09:37,E-mail,PRISMA AT,PR,Geladeira,GT39SSP,GT39553412,L2603B,"porta nao fecha direito, fica uma fresta",PORTA_DESALINHADA,Alta,Aguardando peca,,72,141.13,
OC-2026-001275,2026-08-05,Formulario,Assistencia Tecnica Silva Ltda,SP,TV,NANO-75SQA,NANO571545,L2605B,nao liga de jeito nenhum,NAO_LIGA,Alta,ABERTA,,72,,
OC-2026-001756,2026-03-15,E-mail,Sul Service,RS,Geladeira,GT-39SSP,GT39482414,L2601A,"porta nao fecha direito, fica uma fresta",PORTA_DESALINHADA,Baixa,Fechada,25/03/2026,240,166.34,
OC-2026-001016,2026-05-18,planilha_parceiro,SUL SERVICE ELETRO,RS,Ar-Condicionado,AC-S12TQ,ACS1847336,L2604C,"Baixa pressao no sistema, indicio de vazamento na linha.",,Media,Fechado,2026-06-11,120,799.35,
OC-2026-001442,2026-08-16,E-mail,CENTRAL REPAROS BANDEIRANTES SA,SP,Monitor,27-UP550,27UP301171,L2606A,Mensagem de ausencia de sinal. Cliente testou dois cabos diferentes.,,Alta,Fechado,2026-08-31,72,567.6,
OC-2026-001256,2026-06-14,Formulario,Eletro Nordeste,PE,Geladeira,GCL257FLQ,GCL2545415,L2603A,"Aparelho nao liga. Tomada testada com outro equipamento, energia OK.",,Baixa,FECHADA,16/06/2026,240,960.01,
OC-2026-000466,28/03/2026,Planilha Parceiro,Eletro Servicos Andrade ME,SP,Geladeira,GC-L257,GCL2140136,L2602A,Gabinete quente. Cliente ja verificou vedacao da porta.,TEMP_ALTA_GABINETE,Media,Aberta,,120,,
OC-2026-000437,2026-08-05,E-mail,Norte Eletro Servicos,CE,TV,OLED55C4,OLED920786,L2606B,,,Baixa,Fechada,2026-08-10,240,885.13,
OC-2026-000331,2026-05-30,email,ATLAS MANUT EQUIP,GO,Geladeira,GCL257FLQ,GCL2670786,L2601C,Cliente relata poca de agua no chao apos o uso.,VAZAMENTO_AGUA,Media,aberta,,120,,
OC-2026-000544,2026-05-11 11:15,E-mail,SUL SERVICE ELETRO,RS,Maquina de Lavar,WMT13BW,WMT1775552,L2602B,agua fica parada no tambor,NAO_DRENA,Alta,fechada,20/05/2026,72,241.78,
OC-2026-000856,2026-03-22,formulario,Prisma Assist Tecnica,PR,TV,OLED55C4,OLED888723,L2601A,Controle remoto sem resposta. Aparelho responde aos botoes fisicos.,CONTROLE_NAO_RESPONDE,Alta,Fechado,2026-04-19,72,144.21,
OC-2026-000609,2026-07-22,Formulario,ATLAS MANUT EQUIP,GO,TV,UQ-7550PSF,UQ75898223,,tela preta mas o som funciona,TELA_ESCURA,Alta,aberta,,72,,
OC-2026-001287,2026-06-24,Formulario,NORTE ELETRO SERVICOS LTDA,CE,Maquina de Lavar,WD-11WV,WD11510625,L2604A,Maquina completa o ciclo mas nao centrifuga.,,Critica,aguardando_peca,,72,264.14,
OC-2026-001193,2026-08-31,Planilha Parceiro,NORTE ELETRO SERVICOS LTDA,CE,Maquina de Lavar,WM-T13BW,WMT1260758,L2607C,erro no painel,ERRO_DISPLAY,Baixa,FECHADA,09/09/2026,240,460.92,
OC-2026-001928,11/07/2026,E-mail,Norte Eletro,CE,Maquina de Lavar,WM-F60BW,WMF6395653,,Vazamento na conexao da mangueira de entrada. Mangueira mal fixada na instalacao.,VAZAMENTO_AGUA,Media,fechada,2026-08-03 11:17,120,76.96,
OC-2026-002049,2026-08-17 08:33,E-mail,A.T. SILVA LTDA,SP,TV,UQ-7550PSF,UQ75936475,,tela apagada,,Media,aberta,,120,1325.39,
OC-2026-000313,2026-08-08,formulario,ELETRO NORDESTE ASSIST LTDA,PE,Geladeira,GC-L257,GCL2506815,L2604A,Gabinete quente. Cliente ja verificou vedacao da porta.,TEMP_ALTA_GABINETE,Media,fechada,2026-08-13,120,926.27,
OC-2026-001404,2026-08-04,Formulario,Prisma Assistencia Tecnica,PR,Ar-Condicionado,ACS12TQ,ACS1924097,,"controle nao funciona mais, ja troquei a pilha",CONTROLE_NAO_RESPONDE,Critica,ABERTA,,72,,
OC-2026-000113,2026-05-11,Formulario,REFRIGERACAO VALE VERDE LTDA,MG,TV,NANO-75SQA,NANO613414,L2604B,tela apagada,,Baixa,aguardando_peca,,240,746.39,
OC-2026-000697,18-04-2026 18:12,planilha_parceiro,assistencia tecnica silva,SP,Geladeira,GC-L257FLQ,GCL2280460,,,VAZAMENTO_AGUA,Media,Em atendimento,,120,,
OC-2026-001122,2026-05-07,Formulario,Eletro Nordeste,PE,Geladeira,GT-39SSP,GT39960738,L2603C,"morreu do nada, nao acende nem a luzinha",NAO_LIGA,Media,Fechada,17/05/2026,120,979.27,
OC-2026-001981,2026-04-01,formulario,CENTRAL REPAROS BANDEIRANTES SA,SP,Ar-Condicionado,ACD18MQ,ACD1570471,L2612C,nao liga de jeito nenhum,,Media,Reaberta,,120,252.51,OC-2026-000519
OC-2026-001131,2026-03-31 19:51,E-mail,REFRIGERACAO VALE VERDE LTDA,MG,TV,OLED-55C4,OLED602260,L2602A,tela preta mas o som funciona,,Media,Fechada,2026-04-08 15:23,120,625.01,
OC-2026-001677,,Planilha Parceiro,Tecnoar Servicos,RJ,Maquina de Lavar,WD-11WV,WD11103806,,Maquina completa o ciclo mas nao centrifuga.,NAO_CENTRIFUGA,Media,Fechada,2026-03-12 14:05,120,510.41,
OC-2026-001556,10/06/2026,Formulario,Eletro Nordeste,PE,Ar-Condicionado,AC-S12TQ,ACS1195323,L2602C,condensadora fazendo muito barulho,,,AGUARDANDO PECA,,120,384.6,
OC-2026-000778,10/03/2026,formulario,ELETRO NORDESTE ASSIST LTDA,PE,TV,oled55c4,OLED470627,,"Aparelho nao liga. Tomada testada com outro equipamento, energia OK.",NAO_LIGA,Alta,Fechado,2026-03-23,72,519.49,
OC-2026-001538,2026-06-04,formulario,ELETRO NORDESTE ASSIST LTDA,PE,TV,NANO75SQA,NANO170496,,risco na tela do lado esquerdo,,Alta,FECHADA,2026-06-16 19:22,72,340.57,
OC-2026-000429,21-08-2026 08:53,E-mail,SUL SERVICE ELETRO,RS,Geladeira,GC B247SLUV,GCB2997580,L2607C,"porta nao fecha direito, fica uma fresta",PORTA_DESALINHADA,Baixa,ABERTA,,240,,
OC-2026-000887,20-06-2026 09:21,E-mail,OFICINA DIGITAL CAMPINAS ME,SP,Maquina de Lavar,WD-11WV,WD11133667,L2603C,para na centrifugacao e apita,NAO_CENTRIFUGA,Media,Fechado,30/06/2026,120,395.75,
OC-2026-000537,2026-07-15,Planilha Parceiro,Refrigeracao Vale Verde,MG,Maquina de Lavar,WM-T13BW,WMT1977275,L2604A,"Aparelho nao liga. Tomada testada com outro equipamento, energia OK.",,Media,aguardando_peca,,120,611.28,
OC-2026-001195,30/05/2026,Planilha Parceiro,MegaTec Reparos,BA,Geladeira,GT-39SSP,GT39653193,L2604C,Cliente relata poca de agua no chao apos o uso.,VAZAMENTO_AGUA,Alta,Em atendimento,,72,,
OC-2026-001662,17/05/2026,Formulario,A.T. SILVA LTDA,SP,TV,NANO-75SQA,NANO254871,L2603C,"controle nao funciona mais, ja troquei a pilha",,Baixa,fechada,31/05/2026,240,213.76,
OC-2026-001480,2026-03-31,E-mail,Prisma Assistencia Tecnica,PR,Geladeira,GT39SSP,GT39352527,L2602A,,NAO_LIGA,Media,FECHADA,2026-04-12,120,755.88,
OC-2026-001639,2026-06-14 13:38,E-mail,ELETRO SERV ANDRADE,SP,Maquina de Lavar,WM F60BW,WMF6908702,L2604B,para na centrifugacao e apita,NAO_CENTRIFUGA,Media,Fechado,2026-06-29,120,239.71,
OC-2026-001895,05/08/2026,Planilha Parceiro,CENTRAL REPAROS BANDEIRANTES SA,SP,Geladeira,GC-B247SLUV,GCB2694153,L2606B,"geladeira nova parou de funcionar, o motor fica ligando e desligando toda hora e nao gela",NAO_GELA,Critica,Fechado,2026-08-16,72,1012.31,
OC-2026-001800,2026-08-20,Formulario,TECNOAR,RJ,Geladeira,GC-L257FLQ,GCL2600623,L2606B,"Aparelho nao liga. Tomada testada com outro equipamento, energia OK.",NAO_LIGA,Alta,EM ATENDIMENTO,,72,,
OC-2026-000692,29/04/2026,email,Prisma Assist Tecnica,PR,Monitor,27UP550,27UP997379,L2601B,"morreu do nada, nao acende nem a luzinha",NAO_LIGA,Alta,Fechada,2026-05-21,72,380.01,
OC-2026-000148,2026-05-05,Formulario,Eletro Servicos Andrade,SP,Geladeira,GT39SSP,GT39484137,L2601B,"morreu do nada, nao acende nem a luzinha",,Media,Aguardando peca,,120,670.95,
OC-2026-000626,30/06/2026,Formulario,TECNOAR,RJ,Geladeira,GCL257FLQ,GCL2407114,L2603B,ta pingando agua na parte de tras,,Alta,EM ATENDIMENTO,,72,,
OC-2026-000930,2026-08-03 17:43,Formulario,Eletro Nordeste Assistencia,PE,TV,NANO75SQA,NANO636493,L2605B,Sem imagem. Audio presente. Cliente ja testou outra fonte de video.,,Baixa,Fechada,2026-08-10,240,887.62,
OC-2026-002050,2026-04-04,Planilha Parceiro,Norte Eletro,CE,Ar-Condicionado,AC DUAL 9K,ACDU664101,L2601B,"morreu do nada, nao acende nem a luzinha",,Baixa,Aberta,,240,286.13,
OC-2026-001949,2026-04-26,email,A.T. SILVA LTDA,SP,Geladeira,GC B247SLUV,GCB2474899,,"Porta desalinhada, borracha de vedacao solta em um dos cantos.",PORTA_DESALINHADA,Media,Reaberta,,120,168.28,OC-2026-001522
OC-2026-000779,02/03/2026,E-mail,Norte Eletro,CE,Monitor,24-MP400,24MP565005,L2612C,aparece sem sinal na tela mesmo com o cabo ligado,SEM_SINAL,Alta,fechada,2026-03-10,72,323.71,
OC-2026-000547,2026-06-15,formulario,Refrig Vale Verde,MG,Ar-Condicionado,ACD18MQ,ACD1498293,L2604A,nao resfria mais,,Alta,fechada,2026-07-04 17:20,72,238.13,
OC-2026-001152,2026-08-06,Planilha Parceiro,Assist Tec Silva,SP,Geladeira,GT-39SSP,GT39817513,,"Aparelho nao liga. Tomada testada com outro equipamento, energia OK.",NAO_LIGA,Alta,Em atendimento,,72,,
OC-2026-001250,20/05/2026,planilha_parceiro,MegaTec Reparos Ltda,BA,TV,NANO75SQA,NANO307384,,erro no painel,ERRO_DISPLAY,Media,em_atendimento,,120,,
OC-2026-000790,2026-08-18,E-mail,Norte Eletro,CE,Monitor,24-MP400,24MP956288,L2607C,"morreu do nada, nao acende nem a luzinha",,Baixa,Fechada,25/08/2026,240,423.42,
OC-2026-000495,2026-05-21 19:44,email,SUL SERVICE ELETRO,RS,Geladeira,GT39SSP,GT39380585,L2603A,Cliente relata que a geladeira nao esta refrigerando ha 3 dias. Alimentos estragaram.,NAO_GELA,Media,Fechado,2026-06-14 16:51,120,1093.22,
OC-2026-000834,02/07/2026,email,Refrig Vale Verde,MG,Ar-Condicionado,ACD18MQ,ACD1458055,L2604B,Equipamento liga mas nao resfria. Cliente relata que ja limpou os filtros.,,Media,FECHADA,2026-07-17 16:11,120,941.29,
OC-2026-000475,2026-07-21 18:44,email,Atlas Manutencao de Equipamentos,GO,Geladeira,GC-L257,GCL2606648,L2603A,"morreu do nada, nao acende nem a luzinha",NAO_LIGA,Media,Aguardando peca,,120,528.4,
OC-2026-001786,11-08-2026 16:00,FORM,PRISMA AT,PR,Geladeira,GC-L257,GCL2115113,,esquentou tudo dentro,TEMP_ALTA_GABINETE,Media,fechada,14-08-2026 18:03,120,944.8,
OC-2026-001431,17/06/2026,planilha_parceiro,Central Reparos Band.,SP,Maquina de Lavar,WM F60BW,WMF6369196,,Cliente relata poca de agua no chao apos o uso.,VAZAMENTO_AGUA,Media,Fechada,24/06/2026,120,210.01,
OC-2026-000812,20/04/2026,Formulario,MEGATEC,BA,TV,UQ-7550PSF,UQ75239797,L2601C,"controle nao funciona mais, ja troquei a pilha",,,Fechada,2026-05-08,72,390.24,
OC-2026-000269,2026-03-01,planilha_parceiro,MEGATEC,BA,Ar-Condicionado,AC-DUAL9K,ACDU542905,L2611B,"morreu do nada, nap acende nem a luzinha",,Baixa,Fechada,2026-03-13,240,873.43,
OC-2026-000223,13/06/2026,E-mail,Refrigeracao Vale Verde,MG,TV,NANO-75SQA,NANO650833,L2604A,Audio ausente pelos alto-falantes internos. Saida optica funciona.,SEM_AUDIO,Critica,AGUARDANDO PECA,,72,152.5,
OC-2026-001867,01/08/2026,Planilha Parceiro,MegaTec Reparos,BA,Geladeira,GCB247SLUV,GCB2350671,L2606B,"comprou faz uns 2 meses e parou de gelar, o compressor liga e desliga direto",,Media,Fechado,2026-07-31,120,1041.31,
OC-2026-000444,2026-04-10 11:50,Formulario,Sul Service,RS,Monitor,24-MP400,24MP343877,L2612A,aparece sem sinal na tela mesmo com o cabo ligado,,Baixa,Fechado,08-05-2026 13:44,240,482.41,
OC-2026-000988,2026-07-14,Formulario,MEGATEC,BA,TV,UQ7550PSF,UQ75721654,L2603A,tela preta mas o som funciona,TELA_ESCURA,Baixa,aberta,,240,,
OC-2026-000629,2026-04-16,E-mail,Sul Service,RS,TV,NANO75SQA,NANO866058,L2602C,erro no painel,TELA_ESCURA,Media,Fechado,2026-04-08,120,1111.92,
OC-2026-000165,2026-06-10,Planilha Parceiro,ATLAS MANUT EQUIP,GO,TV,OLED-55C4,OLED166322,L2604B,aparece codigo de erro no visor e para tudo,,Baixa,AGUARDANDO PECA,,240,693.56,
OC-2026-002024,2026-05-10,planilha_parceiro,Central Reparos Bandeirantes,SP,Ar-Condicionado,AC-D18MQ,ACD1206623,L2602A,"controle nao funciona mais, ja troquei a pilha",,Media,ABERTA,,120,438.19,
OC-2026-000524,18-08-2026 17:25,Formulario,Assistencia Tecnica Silva Ltda,SP,Ar-Condicionado,AC-S12TQ,ACS1251939,,"nao gela o ambiente, so joga ar quente",,Alta,FECHADA,04/09/2026,72,462.91,
OC-2026-000386,02/04/2026,formulario,NORTE ELETRO SERVICOS LTDA,CE,Ar-Condicionado,AC-DUAL9K,ACDU561371,L2612C,"Baixa pressao no sistema, indicio de vazamento na linha.",VAZAMENTO_GAS,Media,FECHADA,05-04-2026 14:40,120,565.65,
OC-2026-000142,,Planilha Parceiro,Eletro Nordeste,PE,TV,UQ-7550PSF,UQ75638425,L2603C,apareceu umas linhas verticais na tela,,Media,fechada,16-07-2026 07:07,120,792.99,
OC-2026-001174,2026-04-10,Planilha Parceiro,Assist Tec Silva,SP,Geladeira,GT-39SSP,GT39884369,,"temperatura do gabinete alta, marcando 14 graus com regulagem no maximo",,Media,FECHADA,14/04/2026,120,535.4,
OC-2026-001380,04/05/2026,email,Prisma Assistencia Tecnica,PR,Ar-Condicionado,AC-DUAL9K,ACDU601382,L2601C,,VAZAMENTO_GAS,Media,Fechado,07/05/2026,120,460.5,
OC-2026-000920,10/05/2026,email,A.T. SILVA LTDA,SP,Maquina de Lavar,WMT13BW,WMT1890644,,"nao escoa a agua, fica cheia",,Media,Fechada,2026-06-01,120,338.58,
OC-2026-001433,2026-05-21,email,Eletro Servicos Andrade,SP,TV,oled55c4,OLED180601,L2602B,risco na tela do lado esquerdo,LINHAS_TELA,Alta,FECHADA,2026-06-07 17:55,72,699.71,
OC-2026-000879,30/07/2026,email,ELETRO SERV ANDRADE,SP,TV,oled55c4,OLED898128,L2606A,risco na tela do lado esquerdo,,Media,fechada,2026-08-22,120,858.03,
OC-2026-000901,11/05/2026,Formulario,Atlas Manutencao,GO,TV,OLED55C4,OLED961170,L2602C,"Manchas escuras no canto inferior direito da tela, cliente relata que aumentaram.",LINHAS_TELA,Baixa,em_atendimento,,240,,
OC-2026-000378,2026-06-29,email,Norte Eletro Servicos,CE,Geladeira,GC-L257,GCL2467751,L2604B,nao liga de jeito nenhum,NAO_LIGA,Baixa,fechada,07-07-2026 19:29,240,777.02,
OC-2026-000669,27/03/2026,E-mail,REFRIGERACAO VALE VERDE LTDA,MG,TV,UQ-7550PSF,UQ75295705,L2601B,Sem imagem. Audio presente. Cliente ja testou outra fonte de video.,TELA_ESCURA,Baixa,EM ATENDIMENTO,,240,,
OC-2026-001916,2026-07-20,formulario,Norte Eletro Servicos,CE,Maquina de Lavar,WM-F60BW,WMF6922283,L2606B,"agua vazando na parte de tras, mangueira solta",VAZAMENTO_AGUA,Media,fechada,06/08/2026,120,104.26,
OC-2026-000057,13/08/2026,planilha_parceiro,Prisma Assist Tecnica,PR,TV,UQ7550PSF,UQ75886150,L2604A,"controle nao funciona mais, ja troquei a pilha",NAO_LIGA,Baixa,Fechado,2026-08-21,240,238.92,
OC-2026-001797,2026-03-04,planilha_parceiro,PRISMA AT,PR,Ar-Condicionado,AC-DUAL9K,ACDU464942,L2612B,"Unidade externa com ruido alto durante a operacao, vizinhos reclamaram.",,Media,FECHADA,2026-03-27,120,461.89,
OC-2026-000530,13/03/2026,Planilha Parceiro,Atlas Manutencao,GO,Geladeira,GC-L257,GCL2863346,L2612A,"geladeira parou de gelar, so o congelador ta gelando um pouco",PORTA_DESALINHADA,Media,FECHADA,2026-04-03,120,153.23,
OC-2026-000665,2026-04-15 09:08,Planilha Parceiro,Central Reparos Band.,SP,Maquina de Lavar,WMT13BW,WMT1683247,L2601B,"nap escoa a agua, fica cheia",NAO_CENTRIFUGA,Media,FECHADA,2026-04-25,120,378.23,
OC-2026-000728,,formulario,Eletro Servicos Andrade ME,SP,Maquina de Lavar,wd-11wv,WD11630926,L2605A,"vazamento constante, cliente teve que colocar pano embaixo",VAZAMENTO_AGUA,Media,Aguardando peca,,120,206.25,
OC-2026-001175,2026-04-06,Planilha Parceiro,Oficina Digital Campinas,SP,Maquina de Lavar,WM-T13BW,WMT1405037,L2603A,Maquina completa o ciclo mas nao centrifuga.,NAO_CENTRIFUGA,Media,Fechado,2026-04-12,120,568.32,
OC-2026-000260,2026-04-10,E-mail,Tecnoar Servicos Eireli,RJ,Monitor,34WP65C,34WP892313,L2602A,"morreu do nada, nao acende nem a luzinha",NAO_LIGA,Alta,Fechada,2026-04-14,72,784.8,
OC-2026-000359,15/08/2026,Formulario,A.T. SILVA LTDA,SP,Maquina de Lavar,WMT13BW,WMT1490966,L2605C,"nao escoa a agua, fica cheia",NAO_DRENA,,Aberta,,240,,
OC-2026-000682,2026-03-30,formulario,Tecnoar Servicos Eireli,RJ,TV,OLED55C4,OLED854659,L2602B,aparece codigo de erro no visor e para tudo,,Alta,fechada,2026-04-06,72,766.19,
OC-2026-000228,2026-07-23,email,PRISMA AT,PR,TV,NANO75SQA,NANO220500,L2606A,"morreu do nada, nao acende nem a luzinha",,Media,Fechada,2026-07-25 08:18,120,210.11,
OC-2026-001807,2026-04-01 11:20,E-mail,Tecnoar Servicos,RJ,TV,UQ7550PSF,UQ75747136,L2612C,sem som nenhum,SEM_AUDIO,Media,fechada,2026-04-10,120,520.83,
OC-2026-000614,16/05/2026,email,Prisma Assistencia Tecnica,PR,Geladeira,GT39SSP,GT39732671,,"barulho estranho no compressor, parece qeu trava",,,fechada,2026-05-30,120,743.52,
OC-2026-001201,,Planilha Parceiro,TECNOAR,RJ,TV,NANO75SQA,NANO660235,L2605B,Controle remoto sem resposta. Aparelho responde aos botoes fisicos.,SEM_AUDIO,Media,Em atendimento,,120,,
OC-2026-000172,02-04-2026 14:39,FORM,ELETRO SERV ANDRADE,SP,TV,OLED-55C4,OLED750897,L2612A,Sem imagem. Audio presente. Cliente ja testou outra fonte de video.,,Baixa,FECHADA,2026-04-26,240,363.14,
OC-2026-000631,2026-08-11 14:03,E-mail,MEGATEC,BA,TV,OLED55C4,OLED936809,L2604C,erro no painel,,Media,Fechada,2026-08-21 15:31,120,795.31,
OC-2026-000849,2026-07-08,Formulario,Eletro Servicos Andrade,SP,Maquina de Lavar,WD-11WV,WD11102763,L2605B,nao liga de jeito nenhum,NAO_LIGA,Critica,em_atendimento,,72,,
OC-2026-000670,05-04-2026 10:29,Formulario,Tecnoar Servicos,RJ,Ar-Condicionado,ACD18MQ,ACD1231743,,"controle nao funciona mais, ja troquei a pilha",CONTROLE_NAO_RESPONDE,Media,FECHADA,2026-04-11,120,106.91,
OC-2026-000673,2026-08-07,email,REFRIGERACAO VALE VERDE LTDA,MG,Maquina de Lavar,WMT13BW,WMT1142416,L2605A,Display apresenta codigo de erro intermitente. Cliente ja tentou reset.,,Baixa,Fechado,2026-08-11,240,647.7,
OC-2026-000176,2026-07-29,planilha_parceiro,Tecnoar Servicos,RJ,Geladeira,GT-39SSP,GT39596903,L2606B,Cliente relata que a geladeira nao esta refrigerando ha 3 dias. Alimentos estragaram.,NAO_GELA,Alta,EM ATENDIMENTO,,72,,
OC-2026-001230,,planilha_parceiro,MegaTec Reparos,BA,Geladeira,GC-L257,GCL2663982,L2606A,"Porta desalinhada, borracha de vedacao solta em um dos cantos.",,,Fechada,2026-08-02,72,320.26,
OC-2026-002025,2026-03-15,planilha_parceiro,PRISMA AT,PR,Ar-Condicionado,AC-D18MQ,ACD1442478,L2612C,condensadora fazendo muito ruido,,,aberta,,240,960.58,
OC-2026-002040,2026-04-13,planilha_parceiro,Eletro Servicos Andrade,SP,TV,NANO75SQA,NANO104786,L2601C,tela sem imagem mas o som funciona,,Baixa,Aberta,,240,382.64,
OC-2026-001484,06/07/2026,Formulario,CENTRAL REPAROS BANDEIRANTES SA,SP,Maquina de Lavar,WM-T13BW,WMT1163507,L2606A,Cliente relata que a agua nao drena ao final do ciclo.,,,Em atendimento,,72,,
OC-2026-001235,18/07/2026,email,Eletro Nordeste Assistencia,PE,Geladeira,GT39SSP,GT39366992,,"porta nao fecha direito, fica uma fresta",PORTA_DESALINHADA,Alta,Fechado,2026-07-26,72,121.18,
OC-2026-001085,09/06/2026,planilha_parceiro,OFICINA DIGITAL CAMPINAS ME,SP,Geladeira,GC-L257,GCL2613108,,"Porta desalinhada, borracha de vedacao solta em um dos cantos.",PORTA_DESALINHADA,Baixa,fechada,2026-07-01,240,123.23,
OC-2026-000168,2026-08-16,Planilha Parceiro,SUL SERVICE ELETRO,RS,Ar-Condicionado,ACDUAL9K,ACDU776523,L2605C,"controle nao funciona mais, ja troquei a pilha",CONTROLE_NAO_RESPONDE,Media,aberta,,120,,
OC-2026-000080,2026-06-05 08:13,Formulario,Prisma Assistencia Tecnica,PR,Ar-Condicionado,AC-D18MQ,ACD1654331,L2602C,"controle nao funciona mais, ja troquei a pilha",,Alta,EM ATENDIMENTO,,72,,
OC-2026-000412,2026-03-25,Formulario,Prisma Assistencia Tecnica,PR,TV,oled55c4,OLED680176,,tela preta mas o som funciona,TELA_ESCURA,Critica,Aberta,,72,,
OC-2026-001605,2026-05-15,Planilha Parceiro,MEGATEC,BA,Ar-Condicionado,ACD18MQ,ACD1158944,L2602A,"suspeita de vazamento de gas, aparelho gela pouco",,,Aberta,,72,,
OC-2026-000181,19/06/2026,Formulario,MegaTec Reparos Ltda,BA,Geladeira,GC-L257,GCL2755958,L2605B,"Ruido intermitente na parte traseira, clinte relata que piorou nas ultimas semanas.",,Media,Aguardando peca,,120,767.94,
OC-2026-001500,2026-06-02 17:36,Planilha Parceiro,Prisma Assist Tecnica,PR,Maquina de Lavar,WMT13BW,WMT1385487,L2604B,"vazamento constante, cliente teve que colocar pano embaixo",,Critica,FECHADA,28-06-2026 16:56,72,593.61,
OC-2026-000095,07-03-2026 07:29,Planilha Parceiro,SUL SERVICE ELETRO,RS,Monitor,24-MP400,24MP744417,L2601B,apareceu umas linhas verticais na tela,SEM_SINAL,Media,Fechado,2026-03-28 12:34,120,256.59,
OC-2026-001961,20-08-2026 18:33,Planilha Parceiro,assistencia tecnica silva,SP,Geladeira,GC-L257FLQ,GCL2637000,,"vazamento constante, cliente teve que colocar pano embaixo",,Media,REABERTA,,120,642.89,OC-2026-001021
OC-2026-001889,2026-08-15,email,Sul Service,RS,Geladeira,GC B247SLUV,GCB2453278,L2606A,"geladeira nova parou de funcionar, o motor fica ligando e desligando toda hora e nao gela",,Critica,Em atendimento,,72,753.36,
OC-2026-001168,27-05-2026 08:30,email,Sul Service Eletrodomesticos,RS,Ar-Condicionado,ACDUAL9K,ACDU236313,L2604B,,,Media,Em atendimento,,120,,
OC-2026-000341,2026-05-11,Formulario,Oficina Digital,SP,Ar-Condicionado,AC-DUAL9K,ACDU173088,L2602A,condensadora fazendo muito barulho,RUIDO_UNIDADE_EXTERNA,Baixa,Em atendimento,,240,,
OC-2026-000110,06/05/2026,E-mail,Eletro Servicos Andrade,SP,Ar-Condicionado,AC DUAL 9K,ACDU453194,,condensadora fazendo muito barulho,NAO_RESFRIA,Alta,Fechado,2026-05-30,72,326.28,
OC-2026-000336,24/06/2026,Planilha Parceiro,Central Reparos Band.,SP,Maquina de Lavar,WMT13BW,WMT1700167,L2604C,aparece codigo de erro no visor e para tudo,ERRO_DISPLAY,Media,fechada,06/07/2026,120,276.07,
OC-2026-001467,2026-06-28,Planilha Parceiro,Norte Eletro,CE,Geladeira,GCL257FLQ,GCL2732639,L2605A,nao gela nada,,Media,aberta,,120,,
OC-2026-000843,07/04/2026,Formulario,Eletro Nordeste Assistencia,PE,Monitor,27-UP550,27UP212561,L2601B,risco na tela do lado esquerdo,,Media,fechada,2026-04-15 18:13,120,971.73,
OC-2026-000773,2026-08-13,Formulario,assistencia tecnica silva,SP,TV,NANO75SQA,NANO862457,L2607B,Sem imagem. Audio presente. Cliente ja testou outra fonte de video.,TELA_ESCURA,Alta,Em atendimento,,72,,
OC-2026-001803,27/08/2026,Formulario,Sul Service,RS,Maquina de Lavar,WM F60BW,WMF6111861,L2605A,"morreu do nada, nao acende nem a luzinha",NAO_LIGA,Media,aguardando_peca,,120,619.88,
OC-2026-000801,2026-04-11,Formulario,Refrig Vale Verde,MG,Monitor,27-UP550,27UP632216,,Sem imagem. Audio presente. Cliente ja testou outra fonte de video.,TELA_ESCURA,Media,Fechada,2026-04-26,120,769.71,
OC-2026-000217,2026-06-19,Formulario,Eletro Servicos Andrade,SP,Geladeira,GCL257FLQ,GCL2394210,L2603A,Gabinete quente. Cliente ja verificou vedacao da porta.,,Baixa,Fechada,2026-06-26,240,270.52,
OC-2026-000124,07/06/2026,Formulario,SUL SERVICE ELETRO,RS,Ar-Condicionado,ACDUAL9K,ACDU690685,L2605A,"suspeita de vazamento de gas, aparelho gela pouco",,Critica,Fechada,2026-06-10,72,454.8,
OC-2026-000904,2026-06-04,E-mail,Atlas Manutencao,GO,Maquina de Lavar,WD11WV,WD11276402,L2602C,ta pingando agua na parte de tras,VAZAMENTO_AGUA,Media,fechada,07-06-2026 11:24,120,166.53,
OC-2026-001508,2026-07-26,Formulario,ELETRO NORDESTE ASSIST LTDA,PE,Geladeira,GT-39SSP,GT39850011,L2606A,nao gela nada,VAZAMENTO_AGUA,Critica,Em atendimento,,72,,
OC-2026-001395,2026-08-29 11:13,Planilha Parceiro,Refrig Vale Verde,MG,Maquina de Lavar,WM-T13BW,WMT1750138,,aparece codigo de erro no visor e para tudo,NAO_CENTRIFUGA,Media,Fechado,2026-09-06,120,438.51,
OC-2026-000987,2026-04-29 11:52,Formulario,Sul Service Eletrodomesticos,RS,TV,oled55c4,OLED549983,,Controle remoto sem resposta. Aparelho responde aos botoes fisicos.,,Alta,Aberta,,72,,
OC-2026-001434,2026-05-31,Formulario,Refrigeracao Vale Verde,MG,TV,NANO-75SQA,NANO469845,L2603A,erro no painel,,,AGUARDANDO PECA,,120,808.31,
OC-2026-001430,2026-03-28,Planilha Parceiro,Oficina Digital Campinas,SP,Ar-Condicionado,ACD18MQ,ACD1580311,L2601A,condensadora fazendo muito barulho,VAZAMENTO_GAS,Baixa,fechada,07/04/2026,240,571.07,
OC-2026-001400,01-06-2026 07:50,Planilha Parceiro,Norte Eletro Servicos,CE,Ar-Condicionado,AC DUAL 9K,ACDU472900,L2602B,nao liga de jeito nenhum,NAO_LIGA,Baixa,Fechada,2026-06-26,240,948.25,
OC-2026-001872,10-08-2026 19:31,Formulario,REFRIGERACAO VALE VERDE LTDA,MG,Geladeira,GC-B247SLUV,GCB2917918,L2607B,Equipamento com aproximadamente 70 dias de uso apresentou perda total de refrigeracao. Compressor em ciclo curto.,,Alta,Fechada,2026-08-25,72,1253.41,
OC-2026-001752,05/05/2026,formulario,MEGATEC,BA,Maquina de Lavar,WMF60BW,WMF6585509,L2602A,Cliente relata que a agua nao drena ao final do ciclo.,,Media,FECHADA,19/05/2026,120,234.7,
OC-2026-000916,2026-07-02,Planilha Parceiro,Oficina Digital,SP,Maquina de Lavar,WM-T13BW,WMT1800737,L2604A,Cliente relata que a agua nao drena ao final do ciclo.,NAO_LIGA,Media,FECHADA,2026-07-13,120,635.92,
OC-2026-001197,2026-07-17 13:14,Formulario,Oficina Digital,SP,Maquina de Lavar,WM F60BW,WMF6702472,L2605C,nao liga de jeito nenhum,NAO_LIGA,Baixa,AGUARDANDO PECA,,240,771.02,
OC-2026-001028,2026-07-29,formulario,MEGATEC,BA,Maquina de Lavar,WMT13BW,WMT1170250,L2605B,Display apresenta codigo de erro intermitente. Cliente ja tentou reset.,NAO_CENTRIFUGA,Media,aguardando_peca,,120,631.1,
OC-2026-000100,22/08/2026,email,ELETRO NORDESTE ASSIST LTDA,PE,Monitor,27-UP550,27UP549379,L2606B,aparece sem sinal na tela mesmo com o cabo ligado,,Baixa,Em atendimento,,240,,
OC-2026-000661,2026-08-18,Formulario,Oficina Digital,SP,Geladeira,GT39SSP,GT39615210,L2605B,esquentou tudo dentro,,Media,Fechada,2026-08-13,120,554.91,
OC-2026-001012,2026-04-20 09:26,formulario,Norte Eletro Servicos,CE,TV,OLED-55C4,OLED295863,,aparece codigo de erro no visor e para tudo,ERRO_DISPLAY,Media,Fechada,2026-04-25,120,550.14,
OC-2026-001959,,email,assistencia tecnica silva,SP,Geladeira,GT-39SSP,GT39287855,L2605B,"A parte de baixo nao gela mais, o freezer ainda funciona normal.",NAO_GELA,Media,Reaberta,,120,1246.9,OC-2026-000742
OC-2026-000039,2026-04-07,Formulario,A.T. SILVA LTDA,SP,Ar-Condicionado,ACD18MQ,ACD1459554,L2612B,"Unidade externa com ruido alto durante a operacao, vizinhos reclamaram.",,,AGUARDANDO PECA,,72,757.59,
OC-2026-000161,2026-04-16 17:21,Formulario,MEGATEC,BA,Ar-Condicionado,AC S12TQ,ACS1868222,L2603B,"Baixa pressao no sistema, indicio de vazamento na linha.",VAZAMENTO_GAS,,Aguardando peca,,240,538.94,
OC-2026-001833,2026-07-14,E-mail,SUL SERVICE ELETRO,RS,Geladeira,GCB247SLUV,GCB2360837,L2605B,"parou de gelar do nada, produto tem pouco tempo de uso. tecnico falou que e a placa",RUIDO_COMPRESSOR,Alta,fechada,2026-07-22,72,1235.82,
OC-2026-001399,2026-04-09,Planilha Parceiro,Eletro Nordeste,PE,TV,NANO-75SQA,NANO438049,L2601A,apareceu umas linhas verticais na tela,,Critica,Fechado,26-04-2026 19:40,72,830.13,
OC-2026-001730,2026-08-06,Formulario,PRISMA AT,PR,Geladeira,GCL257FLQ,GCL2335545,,Cliente relata poca de agua no chao apos o uso.,,Baixa,aberta,,240,,
OC-2026-000561,2026-04-17,Planilha Parceiro,Atlas Manutencao,GO,Geladeira,GT39SSP,GT39253787,L2601A,Gabinete quente. Cliente ja verificou vedacao da porta.,TEMP_ALTA_GABINETE,Baixa,EM ATENDIMENTO,,240,,
OC-2026-000361,2026-07-31,Planilha Parceiro,A.T. SILVA LTDA,SP,TV,NANO-75SQA,NANO521381,L2606A,Audio ausente pelos alto-falantes internos. Saida optica funciona.,,Critica,FECHADA,07/08/2026,72,200.9,
OC-2026-000266,2026-04-18,planilha_parceiro,ELETRO NORDESTE ASSIST LTDA,PE,Ar-Condicionado,AC DUAL 9K,ACDU951474,L2612A,"Baixa pressao no sistema, indicio de vazamento na linha.",VAZAMENTO_GAS,Baixa,em_atendimento,,240,,
OC-2026-000117,2026-07-28,formulario,Eletro Nordeste Assistencia,PE,Ar-Condicionado,AC-S12TQ,ACS1100571,L2606B,"Baixa pressao no sistema, indicio de vazamento na linha.",,Baixa,Fechada,10/08/2026,240,858.47,
OC-2026-001860,06/08/2026,E-mail,Refrig Vale Verde,MG,Geladeira,GCB247SLUV,GCB2725571,L2606B,"aparelho com 2 meses, gelou normal no comeco e depois foi perdendo, agora nao gela mais nada",NAO_GELA,Alta,Fechado,11/08/2026,72,1316.37,
OC-2026-001876,2026-08-25,E-mail,Atlas Manutencao,GO,Geladeira,GC-B247SLUV,GCB2966760,L2607A,"aparelho com 2 meses, gelou normal no comeco e depois foi perdendo, agora nao gela mais nada",NAO_GELA,Alta,Fechada,2026-08-27,72,914.09,
OC-2026-000954,2026-07-23,Planilha Parceiro,Assistencia Tecnica Silva Ltda,SP,Geladeira,GC-L257FLQ,GCL2756612,L2605B,"Aparelho nao liga. Tomada testada com outro equipamento, energia OK.",,Baixa,Em atendimento,,240,,
OC-2026-000680,02/04/2026,FORM,A.T. SILVA LTDA,SP,Maquina de Lavar,WM F60BW,WMF6379031,,aparece codigo de erro no visor e para tudo,,Alta,Fechado,27/04/2026,72,589.83,
OC-2026-001293,2026-08-09,Formulario,CENTRAL REPAROS BANDEIRANTES SA,SP,TV,UQ7550PSF,UQ75571076,L2606C,sem som nenhum,SEM_AUDIO,Media,Fechado,2026-09-02,120,319.55,
OC-2026-002012,2026-06-07,E-mail,Central Reparos Bandeirantes,SP,TV,NANO-75SQA,NANO962758,L2603A,Audio ausente pelos alto-falantes internos. Saida optica funciona.,,Media,aberta,,120,,
OC-2026-001313,2026-06-25,planilha_parceiro,Central Reparos Band.,SP,Ar-Condicionado,AC S12TQ,ACS1479545,L2604A,"controle nao funciona mais, ja troquei a pilha",,Media,ABERTA,,120,,
OC-2026-001926,25/07/2026,planilha_parceiro,Eletro Nordeste,PE,Maquina de Lavar,WM F60BW,WMF6102068,,Cliente relata vazamento desde o primeiro uso. Verificada conexao de entrada fora do padrao.,VAZAMENTO_AGUA,Media,FECHADA,2026-08-10,120,102.07,
OC-2026-001444,25-04-2026 10:21,Formulario,CENTRAL REPAROS BANDEIRANTES SA,SP,Geladeira,GC-L257,GCL2477547,,vazando agua embaixo do aparelho,,Media,FECHADA,2026-05-22,120,913.08,
OC-2026-001975,11/07/2026,formulario,Atlas Manutencao de Equipamentos,GO,TV,OLED55C4,OLED723974,L2606B,"Manchas escuras no canto inferior direito da tela, cliente relata que aumentaram.",TELA_ESCURA,Baixa,REABERTA,,240,,OC-2026-000940
OC-2026-001226,2026-06-15,planilha_parceiro,Norte Eletro Servicos,CE,Geladeira,GCL257FLQ,GCL2469212,,ta pingando agua na parte de tras,,,FECHADA,2026-06-28 16:11,72,709.86,
OC-2026-001019,15/03/2026,E-mail,Central Reparos Bandeirantes,SP,Ar-Condicionado,ACDUAL9K,ACDU272460,L2601B,"nao gela o ambiente, so joga ar quente",NAO_RESFRIA,Media,fechada,2026-03-17,120,322.21,
OC-2026-000912,2026-07-26,email,Sul Service,RS,Maquina de Lavar,WMF60BW,WMF6422040,L2605B,aparece codigo de erro no visor e para tudo,ERRO_DISPLAY,Baixa,Fechado,07-08-2026 12:37,240,483.83,
OC-2026-000031,2026-08-08,Formulario,Prisma Assist Tecnica,PR,Maquina de Lavar,WMT13BW,WMT1346043,L2606A,ta pingando agua na parte de tras,VAZAMENTO_AGUA,Baixa,Aguardando peca,,240,260.4,
OC-2026-000851,2026-06-29,formulario,MegaTec Reparos Ltda,BA,TV,NANO-75SQA,NANO421355,L2604B,Audio ausente pelos alto-falantes internos. Saida optica funciona.,,Alta,Aberta,,72,,
OC-2026-001179,2026-05-02 17:57,Formulario,SUL SERVICE ELETRO,RS,Maquina de Lavar,WM-T13BW,WMT1846675,L2603C,"vazamento constante, cliente teve que colocar pano embaixo",VAZAMENTO_AGUA,Media,FECHADA,2026-05-17 19:06,120,259.84,
OC-2026-001726,2026-04-14,planilha_parceiro,TECNOAR,RJ,Ar-Condicionado,AC-D18MQ,ACD1964816,,"Aparelho nao liga. Tomada testada com outro equipamento, energia OK.",,Alta,fechada,03/05/2026,72,358.17,
OC-2026-001589,20/05/2026,Formulario,Sul Service,RS,Ar-Condicionado,ACD18MQ,ACD1626293,L2602C,"morreu do nada, nao acende nem a luzinha",NAO_LIGA,Alta,fechada,03/06/2026,72,294.83,
OC-2026-000497,2026-05-17,E-mail,Oficina Digital Campinas,SP,Maquina de Lavar,wd-11wv,WD11978329,L2603B,"morreu do nada, nao acende nem a luzinha",NAO_LIGA,Alta,Aberta,,72,,
OC-2026-001119,2026-08-31 19:23,Formulario,assistencia tecnica silva,SP,Geladeira,GC-B247SLUV,GCB2877013,L2606C,vazando agua embaixo do aparelh,VAZAMENTO_AGUA,,Fechado,2026-09-09,120,235.63,
OC-2026-001738,2026-07-14,FORM,Norte Eletro,CE,TV,oled55c4,OLED426557,L2605B,apareceu umas linhas verticais na tela,LINHAS_TELA,Baixa,aguardando_peca,,240,618.72,
OC-2026-001507,18/06/2026,formulario,REFRIGERACAO VALE VERDE LTDA,MG,Geladeira,GT-39SSP,GT39607448,L2604B,vazando agua embaixo do aparelho,,Critica,Fechado,09/07/2026,72,896.12,
OC-2026-001844,28/07/2026,formulario,Sul Service Eletrodomesticos,RS,Geladeira,GCB247SLUV,GCB2934622,L2606C,"produto com menos de 3 meses, nao refrigera. ja verificamos gas e esta ok, indicio de falha eletronica",NAO_GELA,Media,EM ATENDIMENTO,,120,1297.49,
OC-2026-000788,2026-07-21,E-mail,OFICINA DIGITAL CAMPINAS ME,SP,Maquina de Lavar,WD-11WV,WD11422406,L2604C,"vazamento constante, clinte teve que colocar pano embaixo",,Baixa,FECHADA,08/08/2026,240,683.97,
OC-2026-000250,,Formulario,Eletro Nordeste,PE,Maquina de Lavar,WM-T13BW,WMT1227299,L2602A,Cliente relata poca de agua no chao apos o uso.,VAZAMENTO_AGUA,Media,Em atendimento,,120,,
OC-2026-000407,2026-05-13,E-mail,Eletro Nordeste Assistencia,PE,Monitor,27-UP550,27UP503760,,"Manchas escuras no canto inferior direito da tela, cliente relata que aumentaram.",LINHAS_TELA,,em_atendimento,,72,,
OC-2026-000381,2026-04-24,email,Tecnoar Servicos,RJ,Monitor,34-WP65C,34WP823064,L2601C,tela apagada,TELA_ESCURA,Media,em_atendimento,,120,,
OC-2026-001413,,email,Atlas Manutencao de Equipamentos,GO,Geladeira,GC-L257FLQ,GCL2102406,L2603C,"geladeira parou de gelar, so o congelador ta gelando um pouco",,Media,Fechado,2026-07-18,120,433.34,
OC-2026-000005,26/05/2026,formulario,Prisma Assistencia Tecnica,PR,TV,NANO-75SQA,NANO665305,,apareceu umas linhas verticais na tela,LINHAS_TELA,Media,FECHADA,2026-06-03,120,1473.08,
OC-2026-001644,2026-03-19 12:16,planilha_parceiro,MegaTec Reparos Ltda,BA,TV,NANO-75SQA,NANO148396,L2602C,"Manchas escuras no canto inferior direito da tela, cliente relata que aumentaram.",LINHAS_TELA,Media,fechada,2026-04-12,120,1085.38,
OC-2026-001454,2026-05-28,planilha_parceiro,Refrig Vale Verde,MG,Monitor,24MP400,24MP364122,L2602A,apareceu umas linhas verticais na tela,,Alta,AGUARDANDO PECA,,72,969.84,
OC-2026-001557,2026-04-03,planilha_parceiro,NORTE ELETRO SERVICOS LTDA,CE,Geladeira,GC-L257FLQ,GCL2672463,L2612C,"vazamento constante, cliente teve que colocar pano embaixo",VAZAMENTO_AGUA,Alta,FECHADA,28/04/2026,72,134.02,
OC-2026-000730,2026-03-22 08:30,Formulario,CENTRAL REPAROS BANDEIRANTES SA,SP,Geladeira,GCL257FLQ,GCL2890964,L2612B,"A parte de baixo nap gela mais, o freezer ainda funciona normal.",NAO_GELA,Media,FECHADA,2026-03-29,120,1205.79,
OC-2026-000651,23/06/2026,email,Sul Service,RS,Geladeira,GC-L257FLQ,GCL2635060,L2602B,nao liga de jeito nenhum,RUIDO_COMPRESSOR,,Fechada,15/07/2026,240,541.14,
OC-2026-000244,30-06-2026 09:42,E-mail,ELETRO SERV ANDRADE,SP,TV,OLED-55C4,OLED796123,L2605B,"Aparelho nao liga. Tomada ttada com outro equipamento, energia OK.",NAO_LIGA,Media,Fechado,26/06/2026,120,860.84,
OC-2026-001934,2026-07-18,E-mail,Oficina Digital Campinas,SP,TV,NANO75SQA,NANO782673,L2605A,sem som nenhum,SEM_AUDIO,,REABERTA,,72,481.32,OC-2026-000295
OC-2026-000178,04/05/2026,email,Sul Service Eletrodomesticos,RS,TV,oled55c4,OLED346315,L2602A,Controle remoto sem resposta. Aparelho responde aos botoes fisicos.,,Alta,AGUARDANDO PECA,,72,317.91,
OC-2026-000571,19/08/2026,Formulario,Eletro Nordeste,PE,TV,oled55c4,OLED470033,L2604A,"Aparelho nao liga. Tomada ttada com outro equipamento, energia OK.",NAO_LIGA,Media,aguardando_peca,,120,970.39,
OC-2026-000364,17/05/2026,Formulario,REFRIGERACAO VALE VERDE LTDA,MG,Monitor,34-WP65C,34WP987535,L2604B,Sem imagem. Audio presente. Cliente ja testou outra fonte de video.,TELA_ESCURA,Alta,em_atendimento,,72,,
OC-2026-000622,2026-08-31,Formulario,Oficina Digital,SP,Monitor,27-UP550,27UP537363,L2607A,a tela fica piscando o tempo todo,,Alta,FECHADA,24/08/2026,72,894.32,
OC-2026-001855,09/07/2026,Planilha Parceiro,MegaTec Reparos,BA,Geladeira,GC-B247SLUV,GCB2926684,L2605B,"parou de gelar do nada, produto tem pouco tempo de uso. tecnico falou que e a placa",RUIDO_COMPRESSOR,Critica,Fechada,2026-07-27,72,648.41,
OC-2026-001932,2026-08-07 11:59,Formulario,MEGATEC,BA,Geladeira,gc-b247sluv,GCB2734641,L2605B,Equipamento com aproximadamente 70 dias de uso apresentou perda total de refrigeracao. Compressor em ciclo curto.,,Baixa,REABERTA,,240,784.73,OC-2026-001826
OC-2026-000767,2026-03-10,Formulario,Refrigeracao Vale Verde,MG,Maquina de Lavar,WD-11WV,WD11881537,L2601C,erro no painel,,Critica,ABERTA,,72,,
OC-2026-001405,2026-08-17,Formulario,Eletro Servicos Andrade ME,SP,Geladeira,GT-39SSP,GT39618935,L2605C,"vazamento constante, cliente teve que colocar pano embaixo",,Media,Fechada,29-08-2026 18:47,120,407.43,
OC-2026-000079,2026-08-03,Planilha Parceiro,PRISMA AT,PR,Ar-Condicionado,ACD18MQ,ACD1257343,,Controle remoto sem resposta. Aparelho responde aos botoes fisicos.,,Media,Fechado,2026-08-09,120,666.01,
OC-2026-000089,2026-07-25,Formulario,Central Reparos Bandeirantes,SP,Maquina de Lavar,WM-T13BW,WMT1330959,L2604B,aparece codigo de erro no visor e para tudo,ERRO_DISPLAY,Media,EM ATENDIMENTO,,120,,
OC-2026-000813,12/04/2026,Formulario,REFRIGERACAO VALE VERDE LTDA,MG,Ar-Condicionado,ACS12TQ,ACS1305084,L2601C,"Unidade externa com ruido alto durante a operacao, vizinhos reclamaram.",RUIDO_UNIDADE_EXTERNA,Baixa,FECHADA,2026-04-20,240,474.79,
OC-2026-001651,2026-03-10 12:21,email,Atlas Manutencao de Equipamentos,GO,Maquina de Lavar,WMT13BW,WMT1320097,L2601B,erro no painel,,,em_atendimento,,120,,
OC-2026-000679,2026-08-27,E-mail,assistencia tecnica silva,SP,Ar-Condicionado,AC-DUAL9K,ACDU447383,L2607C,"controle nao funciona mais, ja troquei a pilha",CONTROLE_NAO_RESPONDE,,FECHADA,2026-09-05 10:44,72,49.73,
OC-2026-001696,2026-05-15,Formulario,Atlas Manutencao de Equipamentos,GO,Ar-Condicionado,ACDUAL9K,ACDU564319,L2604B,condensadora fazendo muito barulho,,Media,Fechada,2026-05-30,120,575.08,
OC-2026-001180,18/07/2026,Planilha Parceiro,Prisma Assistencia Tecnica,PR,Monitor,24-MP400,24MP490079,,"Manchas escuras no canto inferior direito da tela, cliente relata que aumentaram.",SEM_SINAL,Media,FECHADA,10/08/2026,120,153.11,
OC-2026-000538,,email,Assistencia Tecnica Silva Ltda,SP,Monitor,24MP400,24MP911195,,Mensagem de ausencia de sinal. Cliente testou dois cabos diferentes.,,Baixa,Fechada,2026-06-09,240,303.51,
OC-2026-001151,2026-06-06,Formulario,Tecnoar Servicos,RJ,TV,OLED-55C4,OLED481414,L2602B,Display apresenta codigo de erro intermitente. Cliente ja tentou reset.,,Critica,Aguardando peca,,72,862.48,
OC-2026-002006,2026-08-26,Formulario,Eletro Nordeste Assistencia,PE,Geladeira,GCL257FLQ,GCL2353485,L2604C,"ruido estranho no compressor, parece que trava",,,Aberta,,120,1081.79,
OC-2026-000628,2026-07-08,E-mail,ELETRO NORDESTE ASSIST LTDA,PE,Geladeira,GT-39SSP,GT39470155,,faz um barulho alto de tempos em tempos,,Baixa,ABERTA,,240,,
OC-2026-000842,23/05/2026,email,Sul Service Eletrodomesticos,RS,Maquina de Lavar,WM F60BW,WMF6807463,L2603B,Display apresenta codigo de erro intermitente. Cliente ja tentou reset.,ERRO_DISPLAY,Alta,Fechada,17-06-2026 11:08,72,349.41,
OC-2026-001487,2026-04-08,formulario,NORTE ELETRO SERVICOS LTDA,CE,Monitor,34WP65C,34WP825836,,Mensagem de ausencia de sinal. Cliente testou dois cabos diferentes.,SEM_SINAL,Baixa,Aberta,,240,,
OC-2026-000256,2026-04-27 09:06,Planilha Parceiro,Assist Tec Silva,SP,Maquina de Lavar,WD-11WV,WD11628636,,aparece codigo de erro no visor e para tudo,ERRO_DISPLAY,,Aberta,,72,,
OC-2026-000582,2026-04-24,Planilha Parceiro,Atlas Manutencao,GO,Ar-Condicionado,AC S12TQ,ACS1687501,L2603B,Controle remoto sem resposta. Aparelho responde aos botoes fisicos.,,Alta,Fechado,2026-05-03,72,329.08,
OC-2026-001794,,planilha_parceiro,Refrig Vale Verde,MG,TV,OLED-55C4,OLED217124,L2607A,"morreu do nada, nao acende nem a luzinha",,Media,aguardando_peca,,120,953.71,
OC-2026-000640,2026-03-17,Formulario,Oficina Digital,SP,Maquina de Lavar,WM-T13BW,WMT1874669,L2601C,Cliente relata poca de agua no chao apos o uso.,,Media,Fechado,2026-03-22,120,287.02,
OC-2026-001796,2026-03-08,formulario,NORTE ELETRO SERVICOS LTDA,CE,Geladeira,GCL257FLQ,GCL2678602,L2612B,,,Critica,EM ATENDIMENTO,,72,,
OC-2026-000345,18/06/2026,E-mail,ATLAS MANUT EQUIP,GO,TV,UQ-7550PSF,UQ75951169,L2603C,Audio ausente pelos alto-falantes internos. Saida optica funciona.,,Media,em_atendimento,,120,,
OC-2026-000227,2026-07-27,FORM,MegaTec Reparos Ltda,BA,Maquina de Lavar,WD-11WV,WD11312640,L2606C,Cliente relata que a agua nao drena ao final do ciclo.,NAO_DRENA,Baixa,Fechada,2026-08-12,240,312.72,
OC-2026-000623,06-08-2026 09:27,Formulario,Refrigeracao Vale Verde,MG,TV,NANO75SQA,NANO774901,,aparece codigo de erro no visor e para tudo,,Baixa,em_atendimento,,240,,
OC-2026-001707,2026-03-13,Formulario,Norte Eletro Servicos,CE,Geladeira,GC-L257,GCL2908674,L2612C,vazando agua embaixo do aparelho,TEMP_ALTA_GABINETE,,Fechado,27/03/2026,120,1226.61,
OC-2026-000425,2026-07-19,Formulario,REFRIGERACAO VALE VERDE LTDA,MG,TV,NANO75SQA,NANO852694,L2604C,tela preta mas o som funciona,TELA_ESCURA,Baixa,em_atendimento,,240,,
OC-2026-000502,31/07/2026,planilha_parceiro,TECNOAR,RJ,TV,NANO75SQA,NANO624840,L2606A,"Aparelho nao liga. Tomada testada com outro equipamento, energia OK.",NAO_LIGA,Baixa,EM ATENDIMENTO,,240,,
OC-2026-000668,23/07/2026,formulario,ATLAS MANUT EQUIP,GO,Maquina de Lavar,WM-T13BW,WMT1342139,L2604B,vazando agua embaixo do aparelho,VAZAMENTO_AGUA,Alta,Em atendimento,,72,,
OC-2026-001065,2026-06-27 13:58,Planilha Parceiro,Atlas Manutencao,GO,Monitor,34WP65C,34WP705297,L2605C,tela preta mas o som funciona,TELA_ESCURA,Media,aguardando_peca,,120,1596.09,
OC-2026-001549,01-07-2026 13:30,FORM,Tecnoar Servicos Eireli,RJ,Monitor,24MP400,24MP267133,,risco na tela do lado esquerdo,,Baixa,Fechada,22-07-2026 09:07,240,448.88,
OC-2026-001346,2026-08-17,formulario,Prisma Assistencia Tecnica,PR,Monitor,27UP550,27UP835003,L2606B,Cintilacao visivel principalmente em fundo claro.,,Baixa,em_atendimento,,240,,
OC-2026-001517,10/08/2026,Planilha Parceiro,Oficina Digital,SP,Monitor,24MP400,24MP549231,L2606B,a tela fica piscando o tempo todo,,Baixa,FECHADA,2026-09-05,240,755.64,
OC-2026-001788,29/06/2026,E-mail,Central Reparos Bandeirantes,SP,TV,OLED55C4,OLED412118,L2605A,Audio ausente pelos alto-falantes internos. Saida optica funciona.,SEM_AUDIO,Media,Fechada,10/07/2026,120,539.31,
OC-2026-000572,23/07/2026,Formulario,Atlas Manutencao de Equipamentos,GO,Ar-Condicionado,AC-DUAL9K,ACDU571383,L2605C,"nao gela o ambiente, so joga ar quente",,Media,fechada,2026-08-12,120,351.68,
OC-2026-000109,06/04/2026,Formulario,Eletro Nordeste Assistencia,PE,Geladeira,GCL257FLQ,GCL2503664,L2601C,"Ruido intermitente na parte traseira, cliente relata que piorou nas ultimas semanas.",,Critica,EM ATENDIMENTO,,72,,
OC-2026-001162,12/06/2026,FORM,Eletro Nordeste,PE,Ar-Condicionado,ACD18MQ,ACD1395170,,"controle nao funciona mais, ja troquei a pilha",CONTROLE_NAO_RESPONDE,Baixa,Fechada,2026-07-07,240,104.33,
OC-2026-001154,2026-07-19 12:41,email,Central Reparos Bandeirantes,SP,Geladeira,GCL257FLQ,GCL2711280,L2605C,"nao ta gelando direito desde semana passada, ja regulei o termostato e nao adiantou",NAO_GELA,Critica,AGUARDANDO PECA,,72,621.4,
OC-2026-000143,2026-04-01,Planilha Parceiro,REFRIGERACAO VALE VERDE LTDA,MG,Ar-Condicionado,AC-D18MQ,ACD1591912,L2601C,"Aparelho nao liga. Tomada testada com outro equipamento, energia OK.",NAO_LIGA,Media,aguardando_peca,,120,534.71,
OC-2026-001564,2026-03-27,E-mail,Eletro Nordeste,PE,Maquina de Lavar,WD11WV,WD11913732,L2601A,Cliente relata que a agua nao drena ao final do ciclo.,,,aguardando_peca,,240,445.74,
OC-2026-000085,27-04-2026 10:50,Formulario,ATLAS MANUT EQUIP,GO,Ar-Condicionado,AC-S12TQ,ACS1597202,L2601B,"Aparelho nao liga. Tomada testada com outro equipamento, energia OK.",NAO_LIGA,Alta,EM ATENDIMENTO,,72,,
OC-2026-000470,2026-03-30,email,Atlas Manutencao,GO,TV,NANO75SQA,NANO591961,,"morreu do nada, nao acende nem a luzinha",,,FECHADA,20/04/2026,240,435.47,
OC-2026-000938,2026-05-17 16:58,Formulario,A.T. SILVA LTDA,SP,Maquina de Lavar,WD-11WV,WD11532589,,Maquina completa o ciclo mas nao centrifuga.,,Baixa,aberta,,240,,
OC-2026-001897,2026-08-26,formulario,Sul Service Eletrodomesticos,RS,Geladeira,gc-b247sluv,GCB2246898,L2605A,Equipamento com aproximadamente 70 dias de uso apresentou perda total de refrigeracao. Compressor em ciclo curto.,,Media,FECHADA,10/09/2026,120,1079.19,
OC-2026-000024,2026-05-09,Planilha Parceiro,Atlas Manutencao de Equipamentos,GO,Geladeira,GCL257FLQ,GCL2133219,L2603C,nao liga de jeito nenhum,NAO_LIGA,Alta,aguardando_peca,,72,268.48,
OC-2026-001951,13/06/2026,Formulario,Oficina Digital Campinas,SP,Maquina de Lavar,WM-T13BW,WMT1468800,,aparece codigo de erro no visor e para tudo,,Critica,REABERTA,,72,709.08,OC-2026-001665
OC-2026-001456,26/08/2026,email,Prisma Assistencia Tecnica,PR,TV,UQ-7550PSF,UQ75474796,L2607B,Audio ausente pelos alto-falantes internos. Saida optica funciona.,,,Em atendimento,,240,,
OC-2026-000311,2026-03-15,E-mail,Eletro Nordeste Assistencia,PE,Ar-Condicionado,ACS12TQ,ACS1497504,,nao resfria mais,,Baixa,em_atendimento,,240,,
OC-2026-000869,2026-07-20 15:08,email,Eletro Servicos Andrade,SP,TV,NANO-75SQA,NANO441598,L2606A,risco na tela do lado esquerdo,,Alta,aguardando_peca,,72,755.03,
OC-2026-002001,2026-06-25,Planilha Parceiro,Atlas Manutencao de Equipamentos,GO,Ar-Condicionado,AC-DUAL9K,ACDU453194,L2603C,condensadora fazendo muito barulho,NAO_RESFRIA,Media,Reaberta,,120,779.12,OC-2026-000110
OC-2026-001288,2026-04-14 08:40,Formulario,OFICINA DIGITAL CAMPINAS ME,SP,Maquina de Lavar,WMT13BW,WMT1653716,,ta pingando agua na parte de tras,VAZAMENTO_AGUA,Media,Aberta,,120,,
OC-2026-000108,2026-07-11 08:33,Planilha Parceiro,MegaTec Reparos Ltda,BA,Ar-Condicionado,ACD18MQ,ACD1421760,L2606A,Controle remoto sem resposta. Aparelho responde aos botoes fisicos.,CONTROLE_NAO_RESPONDE,Baixa,fechada,16/07/2026,240,85.54,
OC-2026-001551,2026-08-29 07:50,Formulario,Prisma Assistencia Tecnica,PR,Geladeira,GT-39SSP,GT39746425,,nao liga de jeito nenhum,NAO_LIGA,Media,Fechado,2026-09-09,120,485.67,
OC-2026-000520,2026-03-22,planilha_parceiro,Refrigeracao Vale Verde,MG,Geladeira,GT-39SSP,GT39228625,L2612A,faz um barulho alto de tempos em tempos,,Baixa,Em atendimento,,240,,
OC-2026-000976,22/03/2026,Formulario,Sul Service Eletrodomesticos,RS,Maquina de Lavar,WD-11WV,WD11499624,L2602B,para na centrifugacao e apita,ERRO_DISPLAY,Media,fechada,2026-03-29 08:07,120,641.81,
OC-2026-000978,2026-06-01 07:10,planilha_parceiro,SUL SERVICE ELETRO,RS,TV,OLED55C4,OLED725770,,apareceu umas linhas verticais na tela,,Alta,Aguardando peca,,72,702.56,
OC-2026-001611,2026-07-09,E-mail,Sul Service,RS,Geladeira,GC-L257FLQ,GCL2940003,,"Ruido intermitente na parte traseira, cliente relata que piorou nas ultimas semanas.",,Alta,FECHADA,2026-06-30,72,943.46,
OC-2026-001914,2026-07-24,Formulario,NORTE ELETRO SERVICOS LTDA,CE,Maquina de Lavar,WM-F60BW,WMF6501510,L2605A,vazando agua embaixo desde o dia da instalacao,VAZAMENTO_AGUA,Media,fechada,2026-08-13,120,142.17,
OC-2026-000519,2026-03-16,email,Oficina Digital,SP,Ar-Condicionado,ACD18MQ,ACD1570471,L2601C,nao liga de jeito nenhum,,Media,FECHADA,2026-03-18 14:13,120,866.5,
OC-2026-001536,2026-05-30,planilha_parceiro,assistencia tecnica silva,SP,Maquina de Lavar,wd-11wv,WD11324859,L2603A,Maquina completa o ciclo mas nao centrifuga.,NAO_CENTRIFUGA,Critica,em_atendimento,,72,,
OC-2026-001778,2026-03-18,Planilha Parceiro,Refrigeracao Vale Verde,MG,Monitor,24MP400,24MP850733,,,TELA_ESCURA,Media,Fechada,30/03/2026,120,1083.04,
OC-2026-000316,22-03-2026 19:16,E-mail,NORTE ELETRO SERVICOS LTDA,CE,TV,UQ7550PSF,UQ75161398,L2601A,nao liga de jeito nenhum,NAO_LIGA,Baixa,fechada,2026-04-14 12:10,240,941.9,
OC-2026-001031,27-06-2026 18:05,email,Sul Service Eletrodomesticos,RS,TV,NANO75SQA,NANO711350,L2603C,Controle remoto sem resposta. Aparelho responde aos botoes fisicos.,,Critica,ABERTA,,72,,
OC-2026-001626,2026-03-26 07:31,FORM,ATLAS MANUT EQUIP,GO,TV,UQ-7550PSF,UQ75603627,,Audio ausente pelos alto-falantes internos. Saida optica funciona.,,Baixa,fechada,2026-04-22,240,558.96,
OC-2026-000445,11-03-2026 15:03,email,Eletro Servicos Andrade ME,SP,Maquina de Lavar,WD11WV,WD11570043,L2601B,nao liga de jeito nenhum,NAO_LIGA,Alta,Fechada,2026-03-26,72,405.27,
OC-2026-002009,2026-05-04,E-mail,Atlas Manutencao de Equipamentos,GO,Maquina de Lavar,wd-11wv,WD11818300,L2601B,"morreu do nada, nao acende nem a luzinha",,,ABERTA,,72,,
OC-2026-002010,23-06-2026 14:16,FORM,Atlas Manutencao,GO,Monitor,24MP400,24MP837306,,risco na tela do lado esquerdo,,Alta,Aberta,,72,269.46,
OC-2026-000055,2026-06-20,E-mail,Assist Tec Silva,SP,TV,NANO-75SQA,NANO338829,,sem som nenhum,SEM_AUDIO,Media,Fechado,2026-07-12,120,530.39,
OC-2026-001004,2026-06-30,Formulario,Tecnoar Servicos,RJ,Geladeira,GC-L257,GCL2956006,L2603A,"vazamento constante, cliente teve que colocar pano embaixo",RUIDO_COMPRESSOR,Baixa,fechada,2026-07-17,240,1054.07,
OC-2026-001692,23/05/2026,Planilha Parceiro,PRISMA AT,PR,Geladeira,GT39SSP,GT39139675,L2604A,nao liga de jeito nenhum,,Media,FECHADA,2026-06-20 15:08,120,625.16,
OC-2026-001888,2026-08-10,formulario,Refrig Vale Verde,MG,Geladeira,gc-b247sluv,GCB2602191,L2606B,"produto com menos de 3 meses, nao refrigera. ja verificamos gas e esta ok, indicio de falha eletronica",,Media,Fechada,2026-08-12,120,898.57,
OC-2026-001491,13-08-2026 16:08,FORM,ELETRO SERV ANDRADE,SP,Maquina de Lavar,WMT13BW,WMT1541805,L2606B,vazando agua embaixo do aparelho,,Critica,Fechado,2026-09-10,72,859.31,
OC-2026-000463,2026-08-08,E-mail,ELETRO NORDESTE ASSIST LTDA,PE,Ar-Condicionado,AC-DUAL9K,ACDU530202,L2604A,"Unidade externa com ruido alto durante a operacao, vizinhos reclamaram.",,Media,EM ATENDIMENTO,,120,,
OC-2026-000969,2026-03-21,E-mail,Norte Eletro Servicos,CE,TV,NANO-75SQA,NANO558625,,,,Baixa,aguardando_peca,,240,620.15,
OC-2026-001503,2026-07-02,Formulario,Atlas Manutencao de Equipamentos,GO,Maquina de Lavar,WMT13BW,WMT1847602,L2605B,Display apresenta codigo de erro intermitente. Cliente ja tentou reset.,ERRO_DISPLAY,Baixa,Em atendimento,,240,,
OC-2026-001568,08/06/2026,planilha_parceiro,MegaTec Reparos Ltda,BA,Ar-Condicionado,AC-DUAL9K,ACDU385657,L2602A,"controle nao funciona mais, ja troquei a pilha",,Alta,fechada,2026-07-05,72,325.95,
OC-2026-001661,2026-03-01,Formulario,ELETRO SERV ANDRADE,SP,Monitor,27UP550,27UP805798,L2612A,a tela fica piscando o tempo todo,,,Em atendimento,,72,,
OC-2026-000237,2026-06-04,Formulario,ELETRO NORDESTE ASSIST LTDA,PE,Geladeira,GT-39SSP,GT39513896,,"vazamento constante, cliente teve que colocar pano embaixo",VAZAMENTO_AGUA,Critica,Fechado,2026-06-29 13:24,72,267.52,
OC-2026-001546,2026-08-14,E-mail,MEGATEC,BA,Maquina de Lavar,WMT13BW,WMT1609329,L2604B,Maquina completa o ciclo mas nao centrifuga.,,Baixa,FECHADA,2026-08-31,240,719.73,
OC-2026-000041,15/07/2026,Planilha Parceiro,ELETRO NORDESTE ASSIST LTDA,PE,Geladeira,GC-L257FLQ,GCL2857236,L2604A,ta pingando agua na parte de tras,,Baixa,aberta,,240,,
OC-2026-000346,2026-06-11,Planilha Parceiro,PRISMA AT,PR,Geladeira,GT-39SSP,GT39977261,L2603B,esquentou tudo dentro,,Media,FECHADA,2026-07-09,120,582.97,
OC-2026-000139,21/03/2026,E-mail,Eletro Nordeste Assistencia,PE,Maquina de Lavar,WM-F60BW,WMF6468839,L2601A,Cliente relata poca de agua no chao apos o uso.,NAO_CENTRIFUGA,Media,FECHADA,2026-03-27,120,340.55,
OC-2026-000587,26/07/2026,formulario,Central Reparos Band.,SP,Geladeira,GT-39SSP,GT39497314,L2606C,nao liga de jeito nenhum,,Baixa,Aguardando peca,,240,834.25,
OC-2026-000206,16-08-2026 09:17,Formulario,MegaTec Reparos Ltda,BA,Geladeira,GT39SSP,GT39466617,,"barulho estranho no compressor, parece que trava",RUIDO_COMPRESSOR,Media,FECHADA,2026-08-18,120,651.98,
OC-2026-001417,2026-07-19,Formulario,Refrig Vale Verde,MG,Maquina de Lavar,wd-11wv,WD11756481,L2604C,"morreu do nada, nao acende nem a luzinha",NAO_LIGA,Media,fechada,30/07/2026,120,433.53,
OC-2026-000340,19/05/2026,Planilha Parceiro,Eletro Nordeste Assistencia,PE,Maquina de Lavar,WMT13BW,WMT1825289,L2604A,"vazamento constante, cliente teve que colocar pano embaixo",VAZAMENTO_AGUA,Alta,FECHADA,13/06/2026,72,125.23,
OC-2026-000807,02/06/2026,email,Central Reparos Band.,SP,Geladeira,GCL257FLQ,GCL2714564,,"vazamento constante, cliente teve que colocar pano embaixo",VAZAMENTO_AGUA,,Aguardando peca,,240,140.35,
OC-2026-001664,2026-08-16 19:58,email,REFRIGERACAO VALE VERDE LTDA,MG,Ar-Condicionado,AC-D18MQ,ACD1295480,,Controle remoto sem resposta. Aparelho responde aos botoes fisicos.,CONTROLE_NAO_RESPONDE,Media,fechada,10/09/2026,120,99.71,
OC-2026-000145,2026-08-19 16:52,E-mail,Eletro Nordeste Assistencia,PE,Geladeira,GC-L257,GCL2302561,L2606A,nao liga de jeito nenhum,,Baixa,Em atendimento,,240,,
OC-2026-001027,2026-05-14,Planilha Parceiro,Eletro Servicos Andrade ME,SP,Monitor,24MP400,24MP500802,L2602B,Cintilacao visivel principalmente em fundo claro.,FLICKER,Media,Fechado,2026-06-01,120,1046.75,
OC-2026-000257,2026-05-17,E-mail,MEGATEC,BA,Geladeira,GT39SSP,GT39668568,L2603A,"barulho estranho no compressor, parece que trava",,Media,Fechado,01/06/2026,120,687.03,
OC-2026-000077,29/08/2026,Planilha Parceiro,Prisma Assistencia Tecnica,PR,Maquina de Lavar,WD-11WV,WD11853922,L2607B,Cliente relata que a agua nao drena ao final do ciclo.,,Baixa,EM ATENDIMENTO,,240,,
OC-2026-001741,2026-07-14,Planilha Parceiro,Atlas Manutencao,GO,Geladeira,GC-L257,GCL2495444,L2605A,"Ruido intermitente na parte traseira, cliente relata que piorou nas ultimas semanas.",RUIDO_COMPRESSOR,Critica,fechada,21/07/2026,72,833.34,
OC-2026-001718,12-03-2026 08:27,email,Refrigeracao Vale Verde,MG,Geladeira,GT-39SSP,GT39617840,L2612A,faz um barulho alto de tempos em tempos,RUIDO_COMPRESSOR,,fechada,26/03/2026,240,760.35,
OC-2026-001308,2026-06-27,E-mail,MegaTec Reparos Ltda,BA,Geladeira,GT-39SSP,GT39781858,L2605B,Gabinete quente. Cliente ja verificou vedacao da porta.,TEMP_ALTA_GABINETE,Baixa,Fechado,2026-07-14 10:48,240,539.16,
OC-2026-000602,2026-05-21 18:03,Formulario,Norte Eletro Servicos,CE,Maquina de Lavar,WD11WV,WD11244770,L2603C,Display apresenta codigo de erro intermitente. Cliente ja tentou reset.,,Critica,em_atendimento,,72,,
OC-2026-001089,2026-03-16,Formulario,Atlas Manutencao de Equipamentos,GO,Ar-Condicionado,AC-DUAL9K,ACDU227322,L2612C,Equipamento liga mas nao resfria. Cliente relata que ja limpou os filtros.,,Alta,Fechado,2026-04-12,72,428.5,
OC-2026-000795,2026-07-17,Formulario,Assist Tec Silva,SP,Geladeira,GCL257FLQ,GCL2960538,L2604C,"temperatura do gabinete alta, marcando 14 graus com regulagem no maximo",TEMP_ALTA_GABINETE,Media,fechada,2026-07-26 09:48,120,887.82,
OC-2026-000518,2026-05-12,E-mail,PRISMA AT,PR,Maquina de Lavar,WD11WV,WD11196548,L2602C,Cliente relata poca de agua no chao apos o uso.,VAZAMENTO_AGUA,Media,ABERTA,,120,,
OC-2026-001712,24/07/2026,planilha_parceiro,CENTRAL REPAROS BANDEIRANTES SA,SP,TV,NANO-75SQA,NANO102923,L2605A,nao liga de jeito nenhum,,Media,Fechado,2026-07-30,120,930.71,
OC-2026-001203,23/08/2026,E-mail,Central Reparos Bandeirantes,SP,TV,OLED55C4,OLED320050,L2605B,aparece codigo de erro no visor e para tudo,ERRO_DISPLAY,Alta,ABERTA,,72,,
OC-2026-000391,2026-03-16,email,Refrigeracao Vale Verde,MG,Geladeira,GT39SSP,GT39364830,L2601B,Gabinete quente. Cliente ja verificou vedacao da porta.,TEMP_ALTA_GABINETE,Alta,FECHADA,28/03/2026,72,995.8,
OC-2026-000207,2026-03-12,formulario,Atlas Manutencao de Equipamentos,GO,Geladeira,GCL257FLQ,GCL2143046,L2612C,ta pingando agua na parte de tras,,,Fechado,2026-03-25,120,527.66,
OC-2026-000464,2026-04-06,E-mail,OFICINA DIGITAL CAMPINAS ME,SP,Geladeira,GT39SSP,GT39724448,L2602C,esquentou tudo dentro,,Alta,FECHADA,18/04/2026,72,946.54,
OC-2026-000798,10/07/2026,Formulario,Central Reparos Band.,SP,TV,UQ7550PSF,UQ75978036,L2603A,Display apresenta codigo de erro intermitente. Cliente ja tentou reset.,,,Aberta,,120,,
OC-2026-001021,2026-07-24,E-mail,Atlas Manutencao de Equipamentos,GO,Geladeira,GC-L257,GCL2637000,,"vazamento constante, cliente teve que colocar pano embaixo",,Baixa,Fechada,2026-08-20,240,671.59,
OC-2026-001581,2026-08-16,Formulario,A.T. SILVA LTDA,SP,TV,UQ-7550PSF,UQ75936475,,tela apagada,TELA_ESCURA,Media,FECHADA,24/08/2026,120,1325.39,
OC-2026-000388,15/04/2026,Formulario,ATLAS MANUT EQUIP,GO,Geladeira,GC-B247SLUV,GCB2635726,L2601A,"morreu do nada, nao acende nem a luzinha",VAZAMENTO_AGUA,Alta,Fechada,24-04-2026 13:24,72,272.91,
OC-2026-001877,2026-08-04,E-mail,CENTRAL REPAROS BANDEIRANTES SA,SP,Geladeira,GCB247SLUV,GCB2528717,L2606B,Perda progressiva de refrigeracao em produto recente. Compressor liga mas nao sustenta a temperatura.,TEMP_ALTA_GABINETE,Media,aberta,,120,751.57,
OC-2026-000543,2026-04-06,E-mail,Refrig Vale Verde,MG,Maquina de Lavar,WM-T13BW,WMT1788671,,Maquina completa o ciclo mas nao centrifuga.,NAO_CENTRIFUGA,Media,FECHADA,2026-04-16,120,280.47,
OC-2026-000300,2026-08-10,E-mail,Eletro Nordeste,PE,Maquina de Lavar,WD11WV,WD11868712,L2605A,"nao centrifuga, roupa sai encharcada",ERRO_DISPLAY,,fechada,2026-09-07,120,418.15,
OC-2026-000521,03/04/2026,FORM,Oficina Digital Campinas,SP,Monitor,34WP65C,34WP668844,,a tela fica piscando o tempo todo,,Alta,aguardando_peca,,72,856.69,
OC-2026-001123,2026-07-06,Planilha Parceiro,ATLAS MANUT EQUIP,GO,Maquina de Lavar,WD-11WV,WD11889709,L2604B,,NAO_CENTRIFUGA,Alta,EM ATENDIMENTO,,72,,
OC-2026-000966,08/04/2026,FORM,MEGATEC,BA,Ar-Condicionado,AC-S12TQ,ACS1855763,L2612A,"nao gela o ambiente, so joga ar quente",NAO_RESFRIA,Critica,FECHADA,2026-05-03,72,720.75,
OC-2026-001420,2026-04-09,E-mail,Refrig Vale Verde,MG,Monitor,24-MP400,24MP912956,L2601C,aparece sem sinal na tela mesmo com o cabo ligado,SEM_SINAL,Alta,FECHADA,2026-05-01,72,170.44,
OC-2026-000487,25/05/2026,email,Central Reparos Bandeirantes,SP,Geladeira,GT39SSP,GT39984652,,Cliente relata poca de agua no chao apos o uso.,,Baixa,aberta,,240,,
OC-2026-000337,2026-03-23,FORM,A.T. SILVA LTDA,SP,Geladeira,GT-39SSP,GT39255080,L2601A,Gabinete quente. Cliente ja verificou vedacao da porta.,TEMP_ALTA_GABINETE,Alta,aguardando_peca,,72,1155.31,
OC-2026-001920,30/07/2026,E-mail,ELETRO NORDESTE ASSIST LTDA,PE,Maquina de Lavar,WM-F60BW,WMF6346577,L2606B,"ta vazando desde que instalaram, o instalador nao apertou direito",VAZAMENTO_AGUA,Alta,Fechado,05/08/2026,72,70.75,
OC-2026-000943,,Planilha Parceiro,ELETRO NORDESTE ASSIST LTDA,PE,Maquina de Lavar,WD11WV,WD11135511,L2604B,agua fica parada no tambor,NAO_DRENA,,FECHADA,2026-08-06,120,304.76,
OC-2026-000153,,Formulario,Sul Service,RS,Geladeira,GT39SSP,GT39255462,L2603B,esquentou tudo dentro,,,Em atendimento,,120,,
OC-2026-000911,2026-08-03,Planilha Parceiro,Central Reparos Bandeirantes,SP,Maquina de Lavar,WM F60BW,WMF6270057,L2604C,Cliente relata que a agua nao drena ao final do ciclo.,NAO_DRENA,Media,Fechada,10/08/2026,120,308.52,
OC-2026-000754,2026-07-28,email,NORTE ELETRO SERVICOS LTDA,CE,TV,oled55c4,OLED473706,,"controle nao funciona mais, ja troquei a pilha",CONTROLE_NAO_RESPONDE,Baixa,Fechado,2026-07-31,240,57.8,
OC-2026-001140,2026-05-06,Formulario,Sul Service Eletrodomesticos,RS,Geladeira,GCL257FLQ,GCL2382782,L2602A,vazando agua embaixo do aparelho,VAZAMENTO_AGUA,Media,fechada,2026-05-29,120,274.95,
OC-2026-001813,09/04/2026,E-mail,Sul Service,RS,Geladeira,GT-39SSP,GT39216403,,"barulho estranho no compressor, parece que trava",VAZAMENTO_AGUA,Media,ABERTA,,120,,
OC-2026-000021,2026-04-05,formulario,REFRIGERACAO VALE VERDE LTDA,MG,Ar-Condicionado,AC DUAL 9K,ACDU538517,L2612A,"nap gela o ambiente, so joga ar quente",,Alta,Fechado,2026-04-23,72,476.84,
OC-2026-001994,2026-08-29,Planilha Parceiro,ELETRO NORDESTE ASSIST LTDA,PE,Ar-Condicionado,AC S12TQ,ACS1487828,L2606A,"Baixa pressao no sistema, indicio de vazamento na linha.",VAZAMENTO_GAS,Media,Reaberta,,120,,OC-2026-000222
OC-2026-001681,2026-04-05,E-mail,Norte Eletro Servicos,CE,Ar-Condicionado,AC DUAL 9K,ACDU299338,,nao resfria mais,NAO_RESFRIA,,Fechada,2026-04-13,72,429.49,
OC-2026-000234,07/08/2026,formulario,MEGATEC,BA,Geladeira,GC-L257,GCL2417929,,"A parte de baixo nao gela mais, o freezer ainda funciona normal.",NAO_GELA,Media,fechada,2026-08-24 16:32,120,571.38,
OC-2026-001704,2026-06-27,Formulario,Refrigeracao Vale Verde,MG,Geladeira,GT-39SSP,GT39216228,L2605A,esquentou tudo dentro,TEMP_ALTA_GABINETE,Baixa,Fechado,2026-07-15,240,1163.72,
OC-2026-001567,19/07/2026,E-mail,ELETRO NORDESTE ASSIST LTDA,PE,Maquina de Lavar,WM-T13BW,WMT1658267,L2605C,"morreu do nada, nao acende nem a luzinha",,Alta,fechada,31/07/2026,72,389.48,
OC-2026-000022,31/05/2026,FORM,Tecnoar Servicos,RJ,Geladeira,GC-L257,GCL2145201,,ta pingando agua na parte de tras,VAZAMENTO_AGUA,Media,Aberta,,120,,
OC-2026-000127,2026-04-03,planilha_parceiro,REFRIGERACAO VALE VERDE LTDA,MG,TV,NANO75SQA,NANO136445,,apareceu umas linhas verticais na tela,,Baixa,FECHADA,2026-04-21,240,329.56,
OC-2026-001633,13/05/2026,FORM,Tecnoar Servicos,RJ,Geladeira,GC-L257FLQ,GCL2251446,L2603B,ta pingando agua na parte de tras,RUIDO_COMPRESSOR,Baixa,fechada,2026-06-04,240,1290.76,
OC-2026-001478,2026-08-20 09:10,Planilha Parceiro,ELETRO NORDESTE ASSIST LTDA,PE,Maquina de Lavar,WM-F60BW,WMF6809974,L2606A,vazando agua embaixo do aparelho,VAZAMENTO_AGUA,Baixa,fechada,27-08-2026 12:18,240,233.14,
OC-2026-001003,2026-04-13,planilha_parceiro,CENTRAL REPAROS BANDEIRANTES SA,SP,TV,NANO-75SQA,NANO340501,,aparece codigo de erro no visor e para tudo,,Media,Fechada,2026-04-25,120,585.18,
OC-2026-000774,12/03/2026,Formulario,Sul Service,RS,Geladeira,GC-L257FLQ,GCL2289267,L2612C,"barulho estranho no compressor, parece que trava",RUIDO_COMPRESSOR,Baixa,ABERTA,,240,,
OC-2026-001299,22-08-2026 12:50,email,Atlas Manutencao de Equipamentos,GO,TV,UQ-7550PSF,UQ75829102,,nao liga de jeito nenhum,NAO_LIGA,Baixa,fechada,04/09/2026,240,504.77,
OC-2026-000545,16/04/2026,Planilha Parceiro,Oficina Digital Campinas,SP,TV,OLED-55C4,OLED486987,,nao liga de jeito nenhum,,Media,em_atendimento,,120,,
OC-2026-001909,2026-07-19,Planilha Parceiro,NORTE ELETRO SERVICOS LTDA,CE,Maquina de Lavar,WM F60BW,WMF6698587,L2605C,vazando agua embaixo desde o dia da instalacao,VAZAMENTO_AGUA,Alta,fechada,2026-08-03,72,71.69,
OC-2026-000038,17/06/2026,Planilha Parceiro,Tecnoar Servicos Eireli,RJ,Ar-Condicionado,AC DUAL 9K,ACDU494435,L2602A,Equipamento liga mas nao resfria. Cliente relata que ja limpou os filtros.,,Baixa,fechada,2026-07-12,240,946.16,
OC-2026-001942,2026-08-02,Planilha Parceiro,Assistencia Tecnica Silva Ltda,SP,Geladeira,GT39SSP,GT39758105,L2606C,"Porta desalinhada, borracha de vedacao solta em um dos cantos.",,Alta,Reaberta,,72,416.87,OC-2026-000081
OC-2026-000268,2026-03-26,planilha_parceiro,Central Reparos Band.,SP,Ar-Condicionado,AC-S12TQ,ACS1136125,,nao liga de jeito nenhum,VAZAMENTO_GAS,Baixa,Fechada,2026-04-15,240,753.98,
OC-2026-001685,2026-06-06,email,OFICINA DIGITAL CAMPINAS ME,SP,Maquina de Lavar,WMT13BW,WMT1729215,L2602A,"nao escoa a agua, fica cheia",,Baixa,Aberta,,240,,
OC-2026-001042,15/08/2026,formulario,Refrigeracao Vale Verde,MG,Geladeira,GT-39SSP,GT39344674,,nao liga de jeito nenhum,NAO_LIGA,Media,Em atendimento,,120,,
OC-2026-001769,2026-07-30,Planilha Parceiro,Prisma Assist Tecnica,PR,Geladeira,GCL257FLQ,GCL2705538,L2605C,"porta nao fecha direito, fica uma fresta",,Baixa,FECHADA,08/08/2026,240,470.44,
OC-2026-000825,12/04/2026,Formulario,Sul Service,RS,Maquina de Lavar,wd-11wv,WD11376742,L2612B,vazando agua embaixo do aparelho,,Alta,fechada,2026-05-05,72,826.91,
OC-2026-000584,04/04/2026,formulario,REFRIGERACAO VALE VERDE LTDA,MG,TV,NANO75SQA,NANO821751,L2612A,Display apresenta codigo de erro intermitente. Cliente ja tentou reset.,ERRO_DISPLAY,,FECHADA,2026-04-30,120,350.76,
OC-2026-000854,2026-06-10,FORM,Sul Service,RS,Geladeira,GC-L257FLQ,GCL2288534,L2604C,"morreu do nada, nao acende nem a luzinha",NAO_GELA,Media,Aguardando peca,,120,574.45,
OC-2026-000526,2026-07-24,Formulario,OFICINA DIGITAL CAMPINAS ME,SP,TV,OLED55C4,OLED433857,,sem som nenhum,,Baixa,Fechado,14/08/2026,240,407.46,
OC-2026-001586,2026-05-16,FORM,Central Reparos Band.,SP,Ar-Condicionado,ACD18MQ,ACD1186863,,,NAO_LIGA,Media,aguardando_peca,,120,384.01,
OC-2026-001701,,email,Atlas Manutencao de Equipamentos,GO,Maquina de Lavar,WD-11WV,WD11580466,L2604A,aparece codigo de erro no visor e para tudo,ERRO_DISPLAY,Baixa,Em atendimento,,240,,
OC-2026-000975,2026-03-12,Formulario,Refrig Vale Verde,MG,TV,UQ-7550PSF,UQ75938404,L2612C,risco na tela do lado esquerdo,,Alta,fechada,2026-04-06,72,369.69,
OC-2026-001749,2026-04-19,Formulario,Sul Service Eletrodomesticos,RS,Maquina de Lavar,WD-11WV,WD11144229,L2612C,erro no painel,,Alta,Aberta,,72,,
OC-2026-001891,16/08/2026,Planilha Parceiro,CENTRAL REPAROS BANDEIRANTES SA,SP,Geladeira,GC B247SLUV,GCB2142601,L2606B,"comprou faz uns 2 meses e parou de gelar, o compressor liga e desliga direto",RUIDO_COMPRESSOR,Critica,Fechado,2026-08-17,72,714.37,
OC-2026-000868,2026-08-10,formulario,Assistencia Tecnica Silva Ltda,SP,Ar-Condicionado,AC-DUAL9K,ACDU614084,L2607A,"suspeita de vazamento de gas, aparelho gela pouco",,Media,fechada,2026-08-16,120,907.28,
OC-2026-001183,2026-07-17,planilha_parceiro,ELETRO SERV ANDRADE,SP,Ar-Condicionado,AC DUAL 9K,ACDU259974,L2603C,condensadora fazendo muito barulho,,Alta,fechada,13/08/2026,72,530.38,
OC-2026-001342,11-03-2026 13:22,E-mail,Refrigeracao Vale Verde,MG,Geladeira,GT39SSP,GT39735339,,"porta nao fecha direito, fica uma fresta",PORTA_DESALINHADA,Baixa,Fechada,2026-03-16,240,178.99,
OC-2026-000676,2026-03-12,E-mail,Prisma Assistencia Tecnica,PR,TV,UQ-7550PSF,UQ75494286,L2601C,"controle nao funciona mais, ja troquei a pilha",CONTROLE_NAO_RESPONDE,Alta,Fechada,2026-03-18,72,120.47,
OC-2026-000424,23/07/2026,formulario,Eletro Nordeste,PE,TV,NANO-75SQA,NANO921038,L2605C,Audio ausente pelos alto-falantes internos. Saida optica funciona.,SEM_AUDIO,Baixa,Aberta,,240,,
OC-2026-001847,2026-07-27 16:38,email,Sul Service,RS,Geladeira,GC B247SLUV,GCB2756059,L2607A,"novinha e ja parou de gelar, ta com uns 3 meses so",,Critica,fechada,13-08-2026 12:49,72,789.97,
OC-2026-001030,2026-07-18,Formulario,MegaTec Reparos,BA,Geladeira,GC-L257FLQ,GCL2680446,L2605A,"temperatura do gabinete alta, marcando 14 graus com regulagem no maximo",TEMP_ALTA_GABINETE,Media,FECHADA,2026-07-23,120,850.28,
OC-2026-000063,19/05/2026,email,Eletro Nordeste,PE,TV,OLED55C4,OLED650533,,tela preta mas o som funciona,NAO_LIGA,Alta,Fechado,16/06/2026,72,547.39,
OC-2026-000115,2026-08-08,E-mail,Norte Eletro,CE,Monitor,24-MP400,24MP315393,L2605A,,SEM_SINAL,Media,ABERTA,,120,,
OC-2026-000503,07/06/2026,formulario,Atlas Manutencao,GO,Ar-Condicionado,AC-D18MQ,ACD1957755,L2604A,Controle remoto sem resposta. Aparelho responde aos botoes fisicos.,CONTROLE_NAO_RESPONDE,Media,Fechada,2026-07-01,120,103.69,
OC-2026-000659,23/08/2026,Formulario,Central Reparos Band.,SP,Ar-Condicionado,ACD18MQ,ACD1521674,L2607B,nao liga de jeito nenhum,NAO_LIGA,,Aberta,,72,,
OC-2026-001340,14/05/2026,E-mail,ELETRO NORDESTE ASSIST LTDA,PE,TV,NANO-75SQA,NANO701717,L2602C,Sem imagem. Audio presente. Cliente ja testou outra fonte de video.,TELA_ESCURA,Media,EM ATENDIMENTO,,120,,
OC-2026-000716,2026-05-14,Formulario,Tecnoar Servicos Eireli,RJ,Ar-Condicionado,AC-D18MQ,ACD1441259,L2603A,"Baixa pressao no sistema, indicio de vazamento na linha.",VAZAMENTO_GAS,,aguardando_peca,,120,701.05,
OC-2026-001208,2026-03-20,formulario,ELETRO SERV ANDRADE,SP,Maquina de Lavar,WD11WV,WD11465606,L2612C,Maquina completa o ciclo mas nao centrifuga.,,,FECHADA,01/04/2026,120,217.79,
OC-2026-001637,2026-07-31,E-mail,Tecnoar Servicos Eireli,RJ,Maquina de Lavar,WM-F60BW,WMF6213082,,agua fica parada no tambor,,Baixa,ABERTA,,240,,
OC-2026-001614,2026-07-15,Formulario,Tecnoar Servicos,RJ,Monitor,24MP400,24MP669160,,apareceu umas linhas verticais na tela,,Baixa,FECHADA,2026-07-17,240,722.51,
OC-2026-000088,2026-04-21,planilha_parceiro,Assist Tec Silva,SP,TV,OLED-55C4,OLED970880,L2602A,Audio ausente pelos alto-falantes internos. Saida optica funciona.,,Alta,Fechado,2026-05-09,72,944.78,
OC-2026-002005,2026-04-17 16:58,Planilha Parceiro,Assistencia Tecnica Silva Ltda,SP,Maquina de Lavar,WMF60BW,WMF6972305,L2603C,Maquina completa o ciclo mas nao centrifuga.,,Media,ABERTA,,120,341.32,
OC-2026-000062,2026-07-13,Formulario,OFICINA DIGITAL CAMPINAS ME,SP,Maquina de Lavar,WMT13BW,WMT1385525,L2603A,,,,Fechada,2026-07-21,72,529.35,
OC-2026-000610,20-03-2026 10:14,formulario,Oficina Digital Campinas,SP,TV,UQ-7550PSF,UQ75935290,L2612A,sem som nenhum,CONTROLE_NAO_RESPONDE,,aberta,,72,,
OC-2026-000003,2026-05-05,planilha_parceiro,Norte Eletro,CE,Monitor,34WP65C,34WP363202,L2601A,risco na tela do lado esquerdo,,Baixa,aberta,,240,,
OC-2026-000731,2026-04-21 15:44,Planilha Parceiro,MEGATEC,BA,TV,oled55c4,OLED245568,L2602A,risco na tela do lado esqeurdo,,Media,Fechado,2026-05-14,120,354.01,
OC-2026-001243,08/06/2026,Planilha Parceiro,Norte Eletro,CE,Geladeira,GC-L257,GCL2839889,L2604C,"porta nao fecha direito, fica uma fresta",PORTA_DESALINHADA,Alta,Fechado,2026-07-05,72,53.89,
OC-2026-001672,02/04/2026,planilha_parceiro,Central Reparos Band.,SP,Ar-Condicionado,AC-D18MQ,ACD1572202,,"Baixa pressao no sistema, indicio de vazamento na linha.",,Media,aguardando_peca,,120,367.85,
OC-2026-000555,2026-05-01 19:20,E-mail,ELETRO NORDESTE ASSIST LTDA,PE,Ar-Condicionado,AC-S12TQ,ACS1132744,L2601A,"nao gela o ambiente, so joga ar quente",,,Aguardando peca,,240,640.49,
OC-2026-001396,2026-08-18 19:55,Formulario,ATLAS MANUT EQUIP,GO,TV,UQ7550PSF,UQ75221152,L2606A,"Manchas escuras no canto inferior direito da tela, cliente relata que aumentaram.",LINHAS_TELA,Alta,Em atendimento,,72,,
OC-2026-000707,,Formulario,A.T. SILVA LTDA,SP,Geladeira,GC-L257,GCL2502605,,"porta nao fecha direito, fica uma fresta",PORTA_DESALINHADA,Alta,Fechado,2026-09-12,72,57.44,
OC-2026-000198,2026-06-02,Formulario,Assistencia Tecnica Silva Ltda,SP,Maquina de Lavar,WM-T13BW,WMT1583706,L2604C,aparece codigo de erro no visor e para tudo,,Media,FECHADA,2026-06-30 07:43,120,904.17,
OC-2026-001668,2026-07-01 11:41,formulario,TECNOAR,RJ,Maquina de Lavar,WMF60BW,WMF6457113,L2604A,Maquina completa o ciclo mas nao centrifuga.,NAO_CENTRIFUGA,Baixa,em_atendimento,,240,,
OC-2026-000258,2026-04-22,Formulario,Refrigeracao Vale Verde,MG,Geladeira,GCL257FLQ,GCL2867395,L2602C,"Ruido intermitente na parte traseira, cliente relata que piorou nas ultimas semanas.",,Media,aguardando_peca,,120,380.8,
OC-2026-001010,2026-03-13,Formulario,Eletro Nordeste Assistencia,PE,Ar-Condicionado,ACDUAL9K,ACDU861409,L2612A,condensadora fazendo muito barulho,,Alta,ABERTA,,72,,
OC-2026-000272,2026-06-04,E-mail,Eletro Servicos Andrade,SP,Maquina de Lavar,WD11WV,WD11347107,,"vazamento constante, cliente teve que colocar pano embaixo",ERRO_DISPLAY,Baixa,ABERTA,,240,,
OC-2026-001144,2026-05-01,planilha_parceiro,Atlas Manutencao de Equipamentos,GO,Maquina de Lavar,WD11WV,WD11412905,L2602B,Display apresenta codigo de erro intermitente. Cliente ja tentou reset.,ERRO_DISPLAY,Media,Fechada,2026-05-13,120,220.73,
OC-2026-001750,2026-04-13,Formulario,Sul Service,RS,Geladeira,GT-39SSP,GT39848135,L2612B,"Aparelho nao liga. Tomada testada com outro equipamento, energia OK.",,Critica,FECHADA,2026-04-22 11:29,72,217.87,
OC-2026-000091,2026-03-23,Formulario,SUL SERVICE ELETRO,RS,TV,OLED-55C4,OLED370172,L2611A,Controle remoto sem resposta. Aparelho responde aos botoes fisicos.,,Alta,FECHADA,2026-04-07 13:57,72,240.64,
OC-2026-001052,03-06-2026 19:50,formulario,MegaTec Reparos Ltda,BA,Ar-Condicionado,AC DUAL 9K,ACDU360294,L2602A,Controle remoto sem resposta. Aparelho responde aos botoes fisicos.,,Baixa,em_atendimento,,240,,
OC-2026-001982,18-06-2026 09:01,Formulario,Atlas Manutencao,GO,TV,NANO-75SQA,NANO923403,L2605B,Controle remoto sem resposta. Aparelho responde aos botoes fisicos.,CONTROLE_NAO_RESPONDE,Alta,REABERTA,,72,42.49,OC-2026-000926
OC-2026-001757,2026-05-11,Formulario,Tecnoar Servicos Eireli,RJ,Ar-Condicionado,AC S12TQ,ACS1123297,,"Aparelho nao liga. Tomada testada com outro equipamento, energia OK.",NAO_LIGA,Alta,EM ATENDIMENTO,,72,,
OC-2026-000686,25/06/2026,FORM,Eletro Servicos Andrade,SP,Geladeira,GT-39SSP,GT39551478,L2604A,"Porta desalinhada, borracha de vedacao solta em um dos cantos.",,Alta,em_atendimento,,72,,
OC-2026-001141,04-05-2026 15:33,E-mail,Eletro Nordeste Assistencia,PE,Ar-Condicionado,AC-S12TQ,ACS1712887,,"Baixa pressao no sistema, indicio de vazamento na linha.",VAZAMENTO_GAS,Baixa,Fechado,26/05/2026,240,492.56,
OC-2026-000326,29/04/2026,Formulario,Norte Eletro Servicos,CE,TV,NANO-75SQA,NANO210340,L2602C,"controle nao funciona mais, ja troquei a pilha",,Baixa,FECHADA,2026-04-30,240,379.29,
OC-2026-000607,2026-05-31,Formulario,Assist Tec Silva,SP,TV,UQ7550PSF,UQ75664534,L2604A,Sem imagem. Audio presente. Cliente ja testou outra fonte de video.,TELA_ESCURA,Media,aberta,,120,,
OC-2026-001825,02-06-2026 13:04,E-mail,SUL SERVICE ELETRO,RS,Geladeira,GC B247SLUV,GCB2233763,L2607B,Cliente relata que apos cerca de dois meses de uso o gabinete parou de refrigerar. Placa de controle suspeita.,NAO_GELA,Alta,Fechado,2026-06-20,72,743.7,
OC-2026-001160,2026-06-14,E-mail,Atlas Manutencao de Equipamentos,GO,Maquina de Lavar,wd-11wv,WD11107290,L2602B,Cliente relata poca de agua no chao apos o uso.,,Baixa,fechada,2026-07-03,240,315.31,
OC-2026-000157,2026-05-16,E-mail,MEGATEC,BA,Geladeira,GC-L257FLQ,GCL2422305,L2604C,"porta nao fecha direito, fica uma fresta",PORTA_DESALINHADA,Baixa,FECHADA,23/05/2026,240,107.65,
OC-2026-001663,2026-03-14,Formulario,SUL SERVICE ELETRO,RS,Maquina de Lavar,WMT13BW,WMT1177369,L2612C,agua fica parada no tambor,NAO_DRENA,Baixa,AGUARDANDO PECA,,240,154.71,
OC-2026-000845,05/03/2026,Formulario,PRISMA AT,PR,Geladeira,GC-L257FLQ,GCL2104476,L2612C,nao gela nada,NAO_GELA,Media,Fechada,2026-03-28 19:03,120,779.37,
OC-2026-001146,2026-03-13,Planilha Parceiro,OFICINA DIGITAL CAMPINAS ME,SP,Ar-Condicionado,ACDUAL9K,ACDU281164,,"morreu do nada, nao acende nem a luzinha",,Baixa,Fechado,2026-04-03,240,729.71,
OC-2026-001816,2026-05-22,Planilha Parceiro,Atlas Manutencao de Equipamentos,GO,TV,OLED55C4,OLED724300,L2604A,Sem imagem. Audio presente. Cliente ja testou outra fonte de video.,,,Fechado,2026-05-31,240,375.59,
OC-2026-000009,2026-03-25,Planilha Parceiro,Tecnoar Servicos,RJ,Ar-Condicionado,ACD18MQ,ACD1391211,,"morreu do nada, nao acende nem a luzinha",,Alta,Fechada,2026-03-31,72,355.54,
OC-2026-001458,20/04/2026,Planilha Parceiro,Prisma Assistencia Tecnica,PR,Maquina de Lavar,WD11WV,WD11222508,L2603A,Display apresenta codigo de erro intermitente. Cliente ja tentou reset.,,Media,FECHADA,2026-04-25 13:27,120,483.61,
OC-2026-001370,2026-04-12,Formulario,ATLAS MANUT EQUIP,GO,Monitor,27-UP550,27UP100980,L2612B,a tela fica piscando o tempo todo,FLICKER,Baixa,ABERTA,,240,,
OC-2026-000787,2026-08-23,Formulario,assistencia tecnica silva,SP,Monitor,27-UP550,27UP283489,L2605B,Mensagem de ausencia de sinal. Cliente testou dois cabos diferentes.,SEM_SINAL,Alta,Aberta,,72,,
OC-2026-000035,2026-03-05,Planilha Parceiro,CENTRAL REPAROS BANDEIRANTES SA,SP,Geladeira,GC-L257,GCL2176069,,"Porta desalinhada, borracha de vedacao solta em um dos cantos.",NAO_GELA,Baixa,ABERTA,,240,,
OC-2026-001901,2026-07-21,Formulario,Eletro Nordeste Assistencia,PE,Maquina de Lavar,WM-F60BW,WMF6217741,,"agua vazando na parte de tras, mangueira solta",VAZAMENTO_AGUA,Media,FECHADA,2026-08-16,120,98.47,
OC-2026-001259,2026-03-04,Formulario,Central Reparos Bandeirantes,SP,TV,UQ-7550PSF,UQ75802334,,nao liga de jeito nenhum,NAO_LIGA,Media,Fechado,26-03-2026 13:14,120,347.03,
OC-2026-001702,2026-04-15 07:24,Planilha Parceiro,Prisma Assist Tecnica,PR,Monitor,24MP400,24MP464953,L2602C,a tela fica piscando o tempo todo,,,FECHADA,2026-05-05,72,353.33,
OC-2026-000558,2026-05-21,E-mail,A.T. SILVA LTDA,SP,TV,OLED55C4,OLED352580,L2603A,"controle nao funciona mais, ja troquei a pilha",CONTROLE_NAO_RESPONDE,Media,fechada,2026-05-30,120,73.77,
OC-2026-001477,2026-05-03,formulario,CENTRAL REPAROS BANDEIRANTES SA,SP,Geladeira,GCL257FLQ,GCL2712635,L2602C,Cliente relata poca de agua no chao apos o uso.,,Media,FECHADA,2026-05-24,120,760.13,
OC-2026-001033,2026-03-26 09:01,email,Norte Eletro,CE,TV,oled55c4,OLED163786,L2601C,"morreu do nada, nao acende nem a luzinha",NAO_LIGA,,FECHADA,2026-04-17,120,312.31,
OC-2026-001443,12/06/2026,Planilha Parceiro,Atlas Manutencao de Equipamentos,GO,Ar-Condicionado,ACS12TQ,ACS1965826,,nao liga de jeito nenhum,,Media,ABERTA,,120,,
OC-2026-001470,2026-07-19,email,Atlas Manutencao,GO,Maquina de Lavar,WM-F60BW,WMF6471717,L2606B,aparece codigo de erro no visor e para tudo,ERRO_DISPLAY,Alta,Fechada,27/07/2026,72,414.33,
OC-2026-001716,2026-05-30,E-mail,NORTE ELETRO SERVICOS LTDA,CE,Maquina de Lavar,WMT13BW,WMT1447982,L2602A,para na centrifugacao e apita,,Baixa,Fechada,2026-06-05,240,921.68,
OC-2026-001841,21/07/2026,formulario,Sul Service Eletrodomesticos,RS,Geladeira,gc-b247sluv,GCB2875744,L2605A,"comprou faz uns 2 meses e parou de gelar, o compressor liga e desliga direto",,Critica,Aguardando peca,,72,1103.47,
OC-2026-000823,26-08-2026 15:27,E-mail,Oficina Digital,SP,TV,OLED-55C4,OLED463415,L2605C,Controle remoto sem resposta. Aparelho responde aos botoes fisicos.,,Baixa,EM ATENDIMENTO,,240,,
OC-2026-001280,,Planilha Parceiro,ELETRO SERV ANDRADE,SP,Maquina de Lavar,wd-11wv,WD11839853,,nao liga de jeito nenhum,NAO_LIGA,Media,ABERTA,,120,,
OC-2026-000592,24/07/2026,Formulario,NORTE ELETRO SERVICOS LTDA,CE,Ar-Condicionado,ACS12TQ,ACS1831524,L2605B,"controle nao funciona mais, ja troquei a pilha",,Alta,AGUARDANDO PECA,,72,931.73,
OC-2026-000810,27/04/2026,Formulario,Tecnoar Servicos,RJ,Maquina de Lavar,WD11WV,WD11970458,L2603C,,ERRO_DISPLAY,Media,Fechada,2026-05-03,120,437.84,
OC-2026-001602,2026-08-06,E-mail,Norte Eletro,CE,Maquina de Lavar,WM-T13BW,WMT1880369,L2606B,,NAO_CENTRIFUGA,,em_atendimento,,120,,
OC-2026-000061,2026-04-19,Formulario,Eletro Servicos Andrade ME,SP,Maquina de Lavar,WM-F60BW,WMF6980700,L2603B,nao liga de jeito nenhum,NAO_LIGA,,em_atendimento,,240,,
OC-2026-001594,2026-08-09,planilha_parceiro,MegaTec Reparos Ltda,BA,Geladeira,GT-39SSP,GT39609322,L2605C,faz um barulho alto de tempos em tempos,RUIDO_COMPRESSOR,Baixa,Em atendimento,,240,,
OC-2026-000696,2026-07-15,Planilha Parceiro,TECNOAR,RJ,Maquina de Lavar,WM-F60BW,WMF6252926,L2606B,"morreu do nada, nao acende nem a luzinha",NAO_LIGA,,EM ATENDIMENTO,,120,,
OC-2026-001623,2026-08-30,Formulario,Tecnoar Servicos Eireli,RJ,Maquina de Lavar,wd-11wv,WD11346430,L2606C,aparece codigo de erro no visor e para tudo,ERRO_DISPLAY,Baixa,fechada,2026-09-01,240,416.07,
OC-2026-001515,15/03/2026,email,Prisma Assistencia Tecnica,PR,Maquina de Lavar,WD11WV,WD11413933,L2611A,nao liga de jeito nenhum,NAO_LIGA,Baixa,aberta,,240,,
OC-2026-001132,2026-04-14,E-mail,CENTRAL REPAROS BANDEIRANTES SA,SP,TV,UQ-7550PSF,UQ75994570,L2603A,Audio ausente pelos alto-falantes internos. Saida optica funciona.,SEM_AUDIO,,Em atendimento,,120,,
OC-2026-001671,2026-06-07,formulario,Eletro Nordeste Assistencia,PE,TV,oled55c4,OLED112207,L2604C,"morreu do nada, nao acende nem a luzinha",NAO_LIGA,Alta,Fechada,2026-06-14,72,264.27,
OC-2026-000684,01/06/2026,planilha_parceiro,Tecnoar Servicos,RJ,Geladeira,GC-L257,GCL2693245,L2604C,Gabinete quente. Cliente ja verificou vedacao da porta.,,Media,Aguardando peca,,120,603.89,
OC-2026-000238,2026-03-09,FORM,OFICINA DIGITAL CAMPINAS ME,SP,Geladeira,GT39SSP,GT39541634,L2612A,"Ruido intermitente na parte traseira, cliente relata que piorou nas ultimas semanas.",RUIDO_COMPRESSOR,Alta,Aberta,,72,,
OC-2026-000349,2026-08-21,Planilha Parceiro,MegaTec Reparos Ltda,BA,TV,oled55c4,OLED169026,L2606C,sem som nenhum,,Media,EM ATENDIMENTO,,120,,
OC-2026-001893,17/08/2026,E-mail,assistencia tecnica silva,SP,Geladeira,GC B247SLUV,GCB2625865,L2606A,"parou de gelar do nada, produto tem pouco tempo de uso. tecnico falou que e a placa",RUIDO_COMPRESSOR,,AGUARDANDO PECA,,72,1232.48,
OC-2026-001017,2026-07-26,Planilha Parceiro,MegaTec Reparos Ltda,BA,Ar-Condicionado,AC DUAL 9K,ACDU208222,,"morreu do nada, nao acende nem a luzinha",NAO_LIGA,Alta,em_atendimento,,72,,
OC-2026-000791,2026-07-31 17:20,Planilha Parceiro,PRISMA AT,PR,Geladeira,GC-L257FLQ,GCL2675411,L2604B,nao gela nada,NAO_GELA,Media,FECHADA,2026-08-03 13:39,120,689.67,
OC-2026-001095,2026-08-23,Formulario,Tecnoar Servicos Eireli,RJ,Maquina de Lavar,WM-F60BW,WMF6418429,,erro no painel,,Baixa,Fechado,2026-08-26,240,955.27,
OC-2026-001969,2026-04-23,E-mail,Sul Service Eletrodomesticos,RS,Geladeira,GC-L257,GCL2299840,,nao gela nada,NAO_GELA,Baixa,REABERTA,,240,689.76,OC-2026-000578
OC-2026-001579,2026-04-06,Formulario,MegaTec Reparos Ltda,BA,TV,UQ7550PSF,UQ75821979,L2601C,"Manchas escuras no canto inferior direito da tela, cliente relata que aumentaram.",LINHAS_TELA,Critica,Aguardando peca,,72,1314.5,
OC-2026-001345,2026-04-26 09:05,E-mail,ELETRO SERV ANDRADE,SP,Ar-Condicionado,AC-S12TQ,ACS1989077,L2601C,"Unidade externa com ruido alto durante a operacao, vizinhos reclamaram.",RUIDO_UNIDADE_EXTERNA,Alta,fechada,16-05-2026 19:19,72,488.41,
OC-2026-001595,2026-07-25,planilha_parceiro,Oficina Digital Campinas,SP,Maquina de Lavar,WD-11WV,WD11690500,L2605A,"nao centrifuga, roupa sai encharcada",,,Aberta,,72,,
OC-2026-001993,04-07-2026 18:45,planilha_parceiro,Eletro Nordeste Assistencia,PE,Geladeira,GT-39SSP,GT39836174,L2605C,"Porta desalinhada, borracha de vedacao solta em um dos cantos.",,Media,Reaberta,,120,651.08,OC-2026-001215
OC-2026-001733,16/04/2026,Formulario,Atlas Manutencao,GO,TV,UQ-7550PSF,UQ75494751,L2603A,Audio ausente pelos alto-falantes internos. Saida optica funciona.,SEM_AUDIO,Alta,Aguardando peca,,72,341.09,
OC-2026-001835,2026-07-16,Planilha Parceiro,Refrigeracao Vale Verde,MG,Geladeira,GC B247SLUV,GCB2210744,L2605A,Equipamento com aproximadamente 70 dias de uso apresentou perda total de refrigeracao. Compressor em ciclo curto.,,Alta,fechada,2026-07-27 11:36,72,974.4,
OC-2026-000183,29/05/2026,Formulario,Refrigeracao Vale Verde,MG,Geladeira,GCL257FLQ,GCL2218783,L2602A,Cliente relata que a geladeira nao esta refrigerando ha 3 dias. Alimentos estragaram.,,Critica,AGUARDANDO PECA,,72,317.11,
OC-2026-001204,2026-03-29,Formulario,Assistencia Tecnica Silva Ltda,SP,Geladeira,GC-L257FLQ,GCL2437764,L2601A,esquentou tudo dentro,TEMP_ALTA_GABINETE,Alta,Fechada,16/04/2026,72,1157.96,
OC-2026-001018,2026-05-15,E-mail,MEGATEC,BA,Geladeira,GC B247SLUV,GCB2987398,L2602A,Gabinete quente. Cliente ja verificou vedacao da porta.,TEMP_ALTA_GABINETE,Alta,FECHADA,2026-05-25 12:39,72,1023.66,
OC-2026-001083,31/08/2026,Formulario,PRISMA AT,PR,TV,UQ7550PSF,UQ75810714,L2607B,Audio ausente pelos alto-falantes internos. Saida optica funciona.,SEM_AUDIO,Baixa,Fechada,26/09/2026,240,151.89,
OC-2026-000957,2026-07-26,E-mail,Oficina Digital Campinas,SP,Geladeira,GT39SSP,GT39844842,L2604C,"temperatura do gabinete alta, marcando 14 graus com regulagem no maximo",TEMP_ALTA_GABINETE,Media,Fechado,2026-08-04 15:46,120,1045.78,
OC-2026-001192,2026-05-06,formulario,ELETRO SERV ANDRADE,SP,Geladeira,GC-L257,GCL2299141,L2602B,"Porta desalinhada, borracha de vedacao solta em um dos cantos.",PORTA_DESALINHADA,Media,Fechado,2026-05-24,120,70.32,
OC-2026-000020,2026-03-24,E-mail,Prisma Assistencia Tecnica,PR,TV,OLED-55C4,OLED336351,,"morreu do nada, nao acende nem a luzinha",NAO_LIGA,Media,Fechada,2026-03-31,120,599.65,
OC-2026-000940,2026-05-06,Planilha Parceiro,Sul Service Eletrodomesticos,RS,TV,OLED-55C4,OLED723974,,"Manchas escuras no canto inferior direito da tela, cliente relata que aumentaram.",TELA_ESCURA,Baixa,FECHADA,2026-05-22,240,1423.02,
OC-2026-000760,05/03/2026,Planilha Parceiro,Assistencia Tecnica Silva Ltda,SP,TV,NANO75SQA,NANO189861,L2601A,apareceu umas linhas verticais na tela,LINHAS_TELA,Media,Fechada,2026-04-02,120,987.57,
OC-2026-000862,2026-08-17,E-mail,Eletro Servicos Andrade,SP,Ar-Condicionado,ACDUAL9K,ACDU133724,,Controle remoto sem resposta. Aparelho responde aos botoes fisicos.,CONTROLE_NAO_RESPONDE,,Fechada,2026-09-01 13:02,240,70.76,
OC-2026-000468,2026-06-09 15:47,Planilha Parceiro,ELETRO SERV ANDRADE,SP,Geladeira,GT39SSP,GT39798528,L2604C,"Aparelho nao liga. Tomada testada com outro equipamento, energia OK.",,Media,EM ATENDIMENTO,,120,,
OC-2026-001659,2026-08-03,Planilha Parceiro,Norte Eletro Servicos,CE,Geladeira,GT-39SSP,GT39904426,L2605B,esquentou tudo dentro,TEMP_ALTA_GABINETE,Media,FECHADA,2026-08-13,120,873.08,
OC-2026-001157,2026-05-21,Formulario,PRISMA AT,PR,Ar-Condicionado,AC DUAL 9K,ACDU789653,,"suspeita de vazamento de gas, aparelho gela pouco",VAZAMENTO_GAS,Media,Fechada,18-06-2026 11:24,120,601.07,
OC-2026-001283,2026-05-06,email,Assist Tec Silva,SP,Maquina de Lavar,WMT13BW,WMT1558588,L2603B,erro no painel,NAO_DRENA,Baixa,Aguardando peca,,240,257.81,
OC-2026-000180,2026-04-05,Planilha Parceiro,MegaTec Reparos,BA,Ar-Condicionado,ACD18MQ,ACD1520999,L2601B,"Baixa pressao no sistema, indicio de vazamento na linha.",,,aguardando_peca,,120,287.22,
OC-2026-001474,2026-07-25 16:57,FORM,assistencia tecnica silva,SP,Ar-Condicionado,AC DUAL 9K,ACDU177176,L2605B,condensadora fazendo muito barulho,RUIDO_UNIDADE_EXTERNA,Baixa,Fechada,15/08/2026,240,322.61,
OC-2026-000366,23/03/2026,Formulario,Sul Service Eletrodomesticos,RS,Maquina de Lavar,WM-T13BW,WMT1167033,,"vazamento constante, cliente teve que colocar pano embaixo",VAZAMENTO_AGUA,Media,FECHADA,2026-04-09,120,290.25,
OC-2026-001072,2026-08-19,planilha_parceiro,Sul Service,RS,Geladeira,GT39SSP,GT39577050,L2607B,"morreu do nada, nao acende nem a luzinha",,Critica,EM ATENDIMENTO,,72,,
OC-2026-000929,2026-05-04 12:06,Formulario,Sul Service,RS,Maquina de Lavar,WD-11WV,WD11757193,,Cliente relata poca de agua no chao apos o uso.,VAZAMENTO_AGUA,Alta,Fechada,2026-05-11 14:35,72,230.01,
OC-2026-001241,2026-05-01,FORM,Prisma Assist Tecnica,PR,Ar-Condicionado,ACDUAL9K,ACDU392290,,,NAO_RESFRIA,Media,Aguardando peca,,120,645.95,
OC-2026-000781,26-08-2026 13:42,email,Tecnoar Servicos,RJ,TV,OLED55C4,OLED967985,L2605B,sem som nenhum,,Media,fechada,01/09/2026,120,438.15,
OC-2026-001338,05-07-2026 18:59,E-mail,Tecnoar Servicos Eireli,RJ,Geladeira,GC-L257FLQ,GCL2592581,L2605A,"porta nao fecha direito, fica uma frta",PORTA_DESALINHADA,Media,FECHADA,21/07/2026,120,56.74,
OC-2026-000853,2026-08-09,Planilha Parceiro,Tecnoar Servicos,RJ,Ar-Condicionado,AC-DUAL9K,ACDU419987,,Controle remoto sem resposta. Aparelho responde aos botoes fisicos.,,Media,Fechada,2026-08-24,120,888.1,
OC-2026-001364,2026-08-07 08:40,FORM,Sul Service Eletrodomesticos,RS,Maquina de Lavar,WM-F60BW,WMF6377460,L2607A,,NAO_LIGA,Alta,FECHADA,2026-08-20,72,753.93,
OC-2026-000724,2026-08-06,E-mail,Sul Service,RS,Maquina de Lavar,WM-F60BW,WMF6653130,L2606A,agua fica parada no tambor,NAO_DRENA,Critica,aberta,,72,,
OC-2026-002051,2026-04-06,formulario,Prisma Assistencia Tecnica,PR,TV,UQ7550PSF,UQ75192470,L2602C,Controle remoto sem resposta. Aparelho responde aos botoes fisicos.,CONTROLE_NAO_RESPONDE,Baixa,Aberta,,240,,
OC-2026-001223,2026-08-03,formulario,ATLAS MANUT EQUIP,GO,Ar-Condicionado,ACS12TQ,ACS1608611,L2605A,nao resfria mais,,Critica,Fechado,06/08/2026,72,271.23,
OC-2026-001885,,email,assistencia tecnica silva,SP,Geladeira,gc-b247sluv,GCB2763884,L2606A,Cliente relata que apos cerca de dois meses de uso o gabinete parou de refrigerar. Placa de controle suspeita.,,Alta,Em atendimento,,72,760.02,
OC-2026-000367,2026-06-20,planilha_parceiro,OFICINA DIGITAL CAMPINAS ME,SP,Monitor,34WP65C,34WP526819,L2605C,"Manchas escuras no canto inferior direito da tela, cliente relata que aumentaram.",,Alta,fechada,2026-06-23,72,886.61,
OC-2026-001550,2026-08-04,FORM,REFRIGERACAO VALE VERDE LTDA,MG,Maquina de Lavar,WM-F60BW,WMF6870347,,erro no painel,ERRO_DISPLAY,Critica,aguardando_peca,,72,475.35,
OC-2026-000821,24/08/2026,formulario,Assist Tec Silva,SP,Monitor,34WP65C,34WP781942,L2606C,tela preta mas o som funciona,NAO_LIGA,Alta,FECHADA,02-09-2026 16:12,72,300.31,
OC-2026-000695,08/03/2026,Formulario,Sul Service Eletrodomesticos,RS,Geladeira,GCL257FLQ,GCL2388468,L2612A,"Porta desalinhada, borracha de vedacao solta em um dos cantos.",PORTA_DESALINHADA,Media,em_atendimento,,120,,
OC-2026-000568,25/07/2026,planilha_parceiro,Assistencia Tecnica Silva Ltda,SP,TV,UQ-7550PSF,UQ75370313,L2605C,Sem imagem. Audio presente. Cliente ja testou outra fonte de video.,TELA_ESCURA,Media,Fechada,2026-08-06,120,1466.87,
OC-2026-002023,2026-05-31,formulario,assistencia tecnica silva,SP,Maquina de Lavar,wd-11wv,WD11324859,L2603A,Maquina completa o ciclo mas nao centrifuga.,,Critica,aberta,,72,,
OC-2026-000154,2026-06-02,Formulario,Norte Eletro Servicos,CE,Geladeira,GCL257FLQ,GCL2319848,L2603A,"Porta desalinhada, borracha de vedacao solta em um dos cantos.",,Media,fechada,2026-06-05,120,810.77,
OC-2026-001362,2026-04-05 10:20,Planilha Parceiro,Refrigeracao Vale Verde,MG,Maquina de Lavar,WD-11WV,WD11463168,,erro no painel,ERRO_DISPLAY,Alta,em_atendimento,,72,,
OC-2026-000604,14-04-2026 08:44,Planilha Parceiro,Prisma Assist Tecnica,PR,Geladeira,GT39SSP,GT39248093,L2601C,"morreu do nada, nao acende nem a luzinha",NAO_LIGA,Alta,Em atendimento,,72,,
OC-2026-000733,2026-08-08,Formulario,Atlas Manutencao de Equipamentos,GO,TV,NANO-75SQA,NANO805924,L2606A,Controle remoto sem resposta. Aparelho responde aos botoes fisicos.,CONTROLE_NAO_RESPONDE,,Fechada,2026-08-27 09:04,120,96.59,
OC-2026-000382,18-07-2026 19:04,planilha_parceiro,Central Reparos Band.,SP,TV,UQ7550PSF,UQ75809053,,erro no painel,ERRO_DISPLAY,Alta,Fechada,2026-07-21,72,208.85,
OC-2026-001583,05/06/2026,planilha_parceiro,Norte Eletro Servicos,CE,TV,OLED-55C4,OLED431270,L2603C,,,Alta,FECHADA,2026-06-22,72,619.61,
OC-2026-000709,,Formulario,OFICINA DIGITAL CAMPINAS ME,SP,Maquina de Lavar,WM F60BW,WMF6628181,,agua fica parada no tambor,NAO_DRENA,Baixa,ABERTA,,240,,
OC-2026-001857,2026-08-03,Formulario,MEGATEC,BA,Geladeira,gc-b247sluv,GCB2485508,L2607B,"aparelho com 2 meses, gelou normal no comeco e depois foi perdendo, agora nao gela mais nada",RUIDO_COMPRESSOR,Media,Fechado,2026-08-17,120,672.79,
OC-2026-000262,2026-03-11,E-mail,MegaTec Reparos Ltda,BA,Geladeira,GC-L257,GCL2175506,L2601A,nao gela nada,,,em_atendimento,,120,,
OC-2026-000215,2026-08-17,Planilha Parceiro,REFRIGERACAO VALE VERDE LTDA,MG,TV,NANO-75SQA,NANO322564,L2607B,nao liga de jeito nenhum,NAO_LIGA,Baixa,fechada,2026-09-10,240,675.92,
OC-2026-002000,2026-07-04,email,Sul Service Eletrodomesticos,RS,Ar-Condicionado,AC-D18MQ,ACD1722625,L2604C,"nao gela o ambiente, so joga ar quente",NAO_RESFRIA,Critica,Reaberta,,72,,OC-2026-000426
OC-2026-000741,2026-03-05,planilha_parceiro,MEGATEC,BA,Geladeira,GC-L257,GCL2834688,L2601B,nao gela nada,,,FECHADA,2026-04-01,72,331.88,
OC-2026-000030,2026-04-20,formulario,Eletro Nordeste,PE,TV,NANO-75SQA,NANO127122,L2602A,tela preta mas o som funciona,NAO_LIGA,Media,FECHADA,2026-05-05,120,414.15,
OC-2026-000203,12/06/2026,Formulario,Central Reparos Bandeirantes,SP,Geladeira,GT-39SSP,GT39311414,L2604C,"Ruido intermitente na parte traseira, cliente relata que piorou nas ultimas semanas.",,Critica,FECHADA,2026-06-27,72,506.51,
OC-2026-001555,2026-03-10,Formulario,Central Reparos Bandeirantes,SP,Geladeira,GT-39SSP,GT39524353,L2601C,,NAO_LIGA,Baixa,Em atendimento,,240,,
OC-2026-001234,09/03/2026,email,Refrig Vale Verde,MG,Geladeira,GC-L257,GCL2895554,,nao liga de jeito nenhum,RUIDO_COMPRESSOR,Media,aberta,,120,,
OC-2026-001849,10/07/2026,Formulario,MegaTec Reparos,BA,Geladeira,gc-b247sluv,GCB2736248,L2607A,"parou de gelar do nada, produto tem pouco tempo de uso. tecnico falou que e a placa",,Media,Fechado,2026-08-04,120,1188.08,
OC-2026-001938,18/07/2026,email,Eletro Servicos Andrade,SP,Geladeira,GC-L257FLQ,GCL2545415,L2604B,"Aparelho nao liga. Tomada testada com outro equipamento, energia OK.",,Baixa,Reaberta,,240,808.86,OC-2026-001256
OC-2026-000101,,FORM,Eletro Nordeste Assistencia,PE,Ar-Condicionado,AC DUAL 9K,ACDU861059,L2604C,"nao gela o ambiente, so joga ar quente",NAO_RESFRIA,Media,Em atendimento,,120,,
OC-2026-000166,2026-03-19,Formulario,MegaTec Reparos,BA,Monitor,27-UP550,27UP772786,L2601A,Sem imagem. Audio presente. Cliente ja testou outra fonte de video.,TELA_ESCURA,Media,Fechada,2026-04-04,120,1324.08,
OC-2026-001207,2026-04-20,E-mail,REFRIGERACAO VALE VERDE LTDA,MG,Geladeira,GT-39SSP,GT39819109,L2612C,vazando agua embaixo do aparelho,,Baixa,Fechado,10-05-2026 17:31,240,758.11,
OC-2026-000627,16/05/2026,Planilha Parceiro,Norte Eletro Servicos,CE,Geladeira,GCL257FLQ,GCL2212843,L2601C,Cliente relata que a geladeira nao ta refrigerando ha 3 dias. Alimentos estragaram.,,Baixa,ABERTA,,240,,
OC-2026-000216,21-06-2026 09:20,formulario,Eletro Nordeste Assistencia,PE,TV,NANO-75SQA,NANO459709,L2602C,tela apagada,LINHAS_TELA,Baixa,aguardando_peca,,240,1019.83,
OC-2026-001708,2026-06-30,email,SUL SERVICE ELETRO,RS,TV,NANO-75SQA,NANO701999,L2605A,apareceu umas linhas verticais na tela,LINHAS_TELA,Baixa,Fechada,22/07/2026,240,1756.69,
OC-2026-000882,2026-04-05,E-mail,Atlas Manutencao,GO,Ar-Condicionado,AC S12TQ,ACS1527884,L2612A,"Unidade externa com ruido alto durante a operacao, vizinhos reclamaram.",RUIDO_UNIDADE_EXTERNA,,Fechada,2026-04-26 09:26,120,770.68,
OC-2026-000874,17/04/2026,email,Norte Eletro,CE,TV,OLED-55C4,OLED179706,L2603B,apareceu umas linhas verticais na tela,LINHAS_TELA,Media,Em atendimento,,120,,
OC-2026-002031,12-03-2026 18:26,email,ELETRO NORDESTE ASSIST LTDA,PE,Ar-Condicionado,AC-DUAL9K,ACDU650502,L2611C,"suspeita de vazamento de gas, aparelho gela pouco",,Media,ABERTA,,120,818.48,
OC-2026-001836,2026-07-07 17:52,planilha_parceiro,Atlas Manutencao,GO,Geladeira,GC-B247SLUV,GCB2632447,L2605B,Cliente relata qeu apos cerca de dois meses de uso o gabinete parou de refrigerar. Placa de controle suspeita.,NAO_GELA,Media,Em atendimento,,120,737.77,
OC-2026-000714,2026-03-02,Formulario,Prisma Assistencia Tecnica,PR,Monitor,24MP400,24MP510252,L2611A,a tela fica piscando o tempo todo,,Media,Fechado,2026-03-23,120,909.22,
OC-2026-000926,2026-05-20,E-mail,MEGATEC,BA,TV,NANO75SQA,NANO923403,L2602A,Controle remoto sem resposta. Aparelho responde aos botoes fisicos.,CONTROLE_NAO_RESPONDE,Media,FECHADA,2026-05-27,120,49.95,
OC-2026-001286,2026-06-26,Formulario,Atlas Manutencao,GO,Geladeira,GT39SSP,GT39342119,,esquentou tudo dentro,,Media,Fechado,2026-07-18,120,373.64,
OC-2026-001186,2026-07-28,Planilha Parceiro,Tecnoar Servicos Eireli,RJ,Ar-Condicionado,ACDUAL9K,ACDU687135,L2606A,nao resfria mais,NAO_RESFRIA,Baixa,Fechada,2026-08-08,240,308.9,
OC-2026-000476,30/03/2026,Planilha Parceiro,Sul Service Eletrodomesticos,RS,Maquina de Lavar,WD11WV,WD11556114,,vazando agua embaixo do aparelho,NAO_LIGA,Alta,Fechado,06/04/2026,72,911.53,
OC-2026-001520,2026-03-12,Formulario,OFICINA DIGITAL CAMPINAS ME,SP,Maquina de Lavar,WM-T13BW,WMT1379290,L2612B,aparece codigo de erro no visor e para tudo,ERRO_DISPLAY,,Fechado,29-03-2026 15:19,72,190.4,
OC-2026-001046,2026-05-16,E-mail,Central Reparos Bandeirantes,SP,TV,oled55c4,OLED459121,L2603A,tela preta mas o som funciona,TELA_ESCURA,Baixa,EM ATENDIMENTO,,240,,
OC-2026-000528,2026-03-01,E-mail,Eletro Nordeste Assistencia,PE,TV,OLED55C4,OLED439272,L2601B,Audio ausente pelos alto-falantes internos. Saida optica funciona.,SEM_AUDIO,Media,Em atendimento,,120,,
OC-2026-000809,2026-05-08,Formulario,Atlas Manutencao,GO,Ar-Condicionado,AC-S12TQ,ACS1758137,L2603A,condensadora fazendo muito barulho,,Baixa,fechada,2026-06-02 16:11,240,485.84,
OC-2026-000459,22/07/2026,formulario,ATLAS MANUT EQUIP,GO,Maquina de Lavar,WD-11WV,WD11774873,L2604A,Display apresenta codigo de erro intermitente. Cliente ja tentou reset.,,Media,Fechada,2026-08-06,120,951.85,
OC-2026-001650,2026-06-20,FORM,Eletro Servicos Andrade ME,SP,Geladeira,GT39SSP,GT39788424,L2603B,"barulho estranho no compressor, parece que trava",,Media,fechada,09-07-2026 16:15,120,245.2,
OC-2026-000102,2026-04-03,planilha_parceiro,Eletro Servicos Andrade ME,SP,Geladeira,GT-39SSP,GT39551136,L2612C,"Ruido intermitente na parte traseira, cliente relata que piorou nas ultimas semanas.",RUIDO_COMPRESSOR,Media,Fechada,16/04/2026,120,629.98,
OC-2026-001110,2026-04-24,Formulario,MegaTec Reparos,BA,Monitor,27UP550,27UP648386,L2601A,nao liga de jeito nenhum,NAO_LIGA,Baixa,AGUARDANDO PECA,,240,483.96,
OC-2026-001762,2026-07-27,formulario,Prisma Assistencia Tecnica,PR,Ar-Condicionado,ACDUAL9K,ACDU580022,L2605A,"controle nao funciona mais, ja troquei a pilha",,Baixa,ABERTA,,240,,
OC-2026-001772,2026-04-26,E-mail,TECNOAR,RJ,Ar-Condicionado,AC-S12TQ,ACS1981737,L2601A,"controle nao funciona mais, ja troquei a pilha",CONTROLE_NAO_RESPONDE,,aguardando_peca,,72,109.83,
OC-2026-000523,22/07/2026,email,Refrigeracao Vale Verde,MG,Maquina de Lavar,WMT13BW,WMT1717335,L2606B,Cliente relata poca de agua no chao apos o uso.,,Baixa,FECHADA,2026-08-04,240,781.56,
OC-2026-001082,07/05/2026,E-mail,Eletro Servicos Andrade ME,SP,Geladeira,GC-L257FLQ,GCL2961838,L2601A,"Porta desalinhada, borracha de vedacao solta em um dos cantos.",,Media,FECHADA,2026-05-24,120,273.69,
OC-2026-001169,2026-08-16,planilha_parceiro,Assistencia Tecnica Silva Ltda,SP,Geladeira,GT-39SSP,GT39156340,L2605C,"porta nao fecha direito, fica uma fresta",PORTA_DESALINHADA,Baixa,Fechada,23/08/2026,240,94.34,
OC-2026-000204,2026-06-03,planilha_parceiro,Eletro Servicos Andrade,SP,Geladeira,GC-L257FLQ,GCL2470274,L2602B,Gabinete quente. Cliente ja verificou vedacao da porta.,TEMP_ALTA_GABINETE,Media,Fechada,2026-06-20,120,504.3,
OC-2026-000461,2026-04-28,FORM,Prisma Assistencia Tecnica,PR,TV,UQ7550PSF,UQ75355154,,aparece codigo de erro no visor e para tudo,,,em_atendimento,,240,,
OC-2026-001593,12/03/2026,E-mail,Central Reparos Band.,SP,Ar-Condicionado,AC S12TQ,ACS1124550,L2612C,"controle nao funciona mais, ja troquei a pilha",CONTROLE_NAO_RESPONDE,Media,Fechada,2026-04-04 19:39,120,52.27,
OC-2026-001463,2026-05-31,E-mail,Eletro Nordeste Assistencia,PE,TV,OLED-55C4,OLED645026,L2603C,risco na tela do lado esquerdo,,,ABERTA,,120,,
OC-2026-001398,2026-07-25,formulario,Norte Eletro Servicos,CE,Maquina de Lavar,WD-11WV,WD11593075,L2606A,Cliente relata poca de agua no chao apos o uso.,VAZAMENTO_AGUA,Media,FECHADA,19/08/2026,120,215.07,
OC-2026-001006,2026-03-25 14:24,Formulario,Norte Eletro Servicos,CE,Monitor,34WP65C,34WP479236,L2601C,"Manchas escuras no canto inferior direito da tela, cliente relata que aumentaram.",,Baixa,fechada,2026-04-16 11:07,240,655.23,
OC-2026-001904,2026-07-15,Formulario,ELETRO NORDESTE ASSIST LTDA,PE,Maquina de Lavar,WMF60BW,WMF6276550,,vazando agua embaixo desde o dia da instalacao,VAZAMENTO_AGUA,Media,Fechada,09-08-2026 07:52,120,118.89,
OC-2026-000147,2026-05-03,E-mail,Eletro Servicos Andrade,SP,TV,UQ-7550PSF,UQ75980714,L2604B,apareceu umas linhas verticais na tela,,Alta,fechada,2026-05-05,72,893.71,
OC-2026-001542,2026-07-26,planilha_parceiro,assistencia tecnica silva,SP,Geladeira,GCL257FLQ,GCL2268585,L2604A,"Porta desalinhada, borracha de vedacao solta em um dos cantos.",PORTA_DESALINHADA,Media,fechada,2026-08-22,120,144.51,
OC-2026-001281,18/03/2026,Formulario,Norte Eletro,CE,Geladeira,GT39SSP,GT39177342,L2601C,"nao ta gelando direito desde semana passada, ja regulei o termostato e nao adiantou",NAO_GELA,,Fechada,20-03-2026 18:54,240,833.25,
OC-2026-000746,03/05/2026,E-mail,NORTE ELETRO SERVICOS LTDA,CE,Geladeira,GCL257FLQ,GCL2683298,,"Porta desalinhada, borracha de vedacao solta em um dos cantos.",PORTA_DESALINHADA,Critica,Fechado,2026-05-20,72,125.8,
OC-2026-000653,07/03/2026,E-mail,Refrig Vale Verde,MG,Geladeira,GCB247SLUV,GCB2923301,L2612C,"barulho estranho no compressor, parece que trava",RUIDO_COMPRESSOR,Critica,fechada,2026-03-17,72,1312.24,
OC-2026-001540,2026-06-13,Formulario,Assistencia Tecnica Silva Ltda,SP,Ar-Condicionado,AC DUAL 9K,ACDU387315,L2605B,Controle remoto sem resposta. Aparelho responde aos botoes fisicos.,,Alta,Aberta,,72,,
OC-2026-000968,22-06-2026 08:18,Planilha Parceiro,Eletro Nordeste Assistencia,PE,TV,NANO-75SQA,NANO683588,L2603B,Sem imagem. Audio presente. Cliente ja testou outra fonte de video.,,,Fechada,2026-07-06,120,707.59,
OC-2026-000074,2026-06-09,email,OFICINA DIGITAL CAMPINAS ME,SP,Maquina de Lavar,WD-11WV,WD11931910,L2602C,nao liga de jeito nenhum,,Baixa,ABERTA,,240,,
OC-2026-001218,,E-mail,Atlas Manutencao de Equipamentos,GO,Monitor,34WP65C,34WP643586,L2606A,a tela fica piscando o tempo todo,,Baixa,FECHADA,2026-08-13,240,958.59,
OC-2026-000460,28-07-2026 19:07,E-mail,ELETRO NORDESTE ASSIST LTDA,PE,Monitor,34WP65C,34WP109514,L2604A,,NAO_LIGA,Media,Aguardando peca,,120,338.05,
OC-2026-001415,2026-05-06,Planilha Parceiro,Tecnoar Servicos Eireli,RJ,Ar-Condicionado,ACS12TQ,ACS1660553,L2601C,"nao gela o ambiente, so joga ar quente",NAO_RESFRIA,Baixa,Aberta,,240,,
OC-2026-001964,20-05-2026 07:29,E-mail,Refrigeracao Vale Verde,MG,TV,NANO-75SQA,NANO127122,L2602B,tela preta mas o som funciona,NAO_LIGA,Critica,REABERTA,,72,786.45,OC-2026-000030
OC-2026-001874,2026-08-08,planilha_parceiro,Sul Service Eletrodomesticos,RS,Geladeira,GC B247SLUV,GCB2576588,L2607A,"novinha e ja parou de gelar, ta com uns 3 meses so",NAO_GELA,Critica,Aberta,,72,837.46,
OC-2026-002016,2026-07-10,FORM,Eletro Nordeste,PE,Maquina de Lavar,WM-F60BW,WMF6140260,L2605A,"instalacao feita as pressas, mangueira nao encaixou e vaza toda vez que enche",,Media,ABERTA,,120,76.87,
OC-2026-001680,22/05/2026,Formulario,Atlas Manutencao,GO,TV,oled55c4,OLED795160,L2602A,risco na tela do lado esquerdo,LINHAS_TELA,Alta,Fechado,2026-05-26,72,1796.84,
OC-2026-001572,2026-05-01,Planilha Parceiro,SUL SERVICE ELETRO,RS,Maquina de Lavar,WMT13BW,WMT1927565,L2603C,"nao centrifuga, roupa sai encharcada",,Alta,Fechada,2026-05-24,72,300.09,
OC-2026-000279,18/05/2026,E-mail,Oficina Digital,SP,Geladeira,GC-L257FLQ,GCL2409383,L2603A,"Aparelho nao liga. Tomada testada com outro equipamento, energia OK.",NAO_LIGA,Media,Fechada,2026-05-20,120,834.95,
OC-2026-000948,2026-04-28,Planilha Parceiro,ELETRO NORDESTE ASSIST LTDA,PE,Maquina de Lavar,WD11WV,WD11154315,,Cliente relata poca de agua no chao apos o uso.,VAZAMENTO_AGUA,Baixa,Fechada,2026-05-21,240,308.83,
OC-2026-000271,2026-03-09,Formulario,SUL SERVICE ELETRO,RS,Ar-Condicionado,AC DUAL 9K,ACDU116855,L2612B,,,,em_atendimento,,120,,
OC-2026-001766,14/06/2026,formulario,Oficina Digital,SP,Ar-Condicionado,ACD18MQ,ACD1966552,L2603B,nao liga de jeito nenhum,,,FECHADA,2026-06-26,240,920.43,
OC-2026-000116,2026-04-14,Planilha Parceiro,Atlas Manutencao,GO,Ar-Condicionado,ACD18MQ,ACD1813105,L2602B,nao liga de jeito nenhum,NAO_LIGA,Media,Fechada,2026-05-08 07:17,120,230.55,
OC-2026-000835,29-08-2026 15:50,Formulario,Atlas Manutencao,GO,Maquina de Lavar,wd-11wv,WD11669884,L2605A,"Aparelho nao liga. Tomada testada com outro equipamento, energia OK.",,Critica,aberta,,72,,
OC-2026-001422,2026-04-17,Planilha Parceiro,Assistencia Tecnica Silva Ltda,SP,Maquina de Lavar,WM-F60BW,WMF6235743,L2603A,Maquina completa o ciclo mas nao centrifuga.,NAO_CENTRIFUGA,Baixa,Fechada,2026-04-20,240,530.15,
OC-2026-001587,2026-06-18,Formulario,Refrig Vale Verde,MG,Maquina de Lavar,wd-11wv,WD11485898,L2603A,ta pingando agua na parte de tras,VAZAMENTO_AGUA,Media,fechada,20/06/2026,120,249.62,
OC-2026-001894,2026-08-14 14:47,planilha_parceiro,Assist Tec Silva,SP,Geladeira,GCB247SLUV,GCB2355689,L2606B,Cliente relata que apos cerca de dois meses de uso o gabinete parou de refrigerar. Placa de controle suspeita.,,Alta,FECHADA,2026-08-23,72,999.4,
OC-2026-000118,2026-05-07,email,assistencia tecnica silva,SP,Maquina de Lavar,WM-T13BW,WMT1870676,L2603C,"morreu do nada, nao acende nem a luzinha",,,Fechada,2026-05-19,240,664.11,
OC-2026-001689,2026-03-21,E-mail,ELETRO SERV ANDRADE,SP,TV,NANO75SQA,NANO722126,,tela apagada,TELA_ESCURA,Baixa,Fechado,2026-04-15 07:24,240,746.08,
OC-2026-001829,21/06/2026,email,REFRIGERACAO VALE VERDE LTDA,MG,Geladeira,GC-B247SLUV,GCB2122886,L2605A,Equipamento com aproximadamente 70 dias de uso apresentou perda total de refrigeracao. Compressor em ciclo curto.,NAO_GELA,Alta,aguardando_peca,,72,760.83,
OC-2026-001868,09/08/2026,Formulario,A.T. SILVA LTDA,SP,Geladeira,GCB247SLUV,GCB2497162,L2606C,"novinha e ja parou de gelar, ta com uns 3 meses so",NAO_GELA,Media,Fechado,13/08/2026,120,1122.93,
OC-2026-001505,05/07/2026,Formulario,MEGATEC,BA,Maquina de Lavar,WMT13BW,WMT1704217,L2604C,"nao escoa a agua, fica cheia",NAO_DRENA,Alta,ABERTA,,72,,
OC-2026-001029,2026-06-18,Planilha Parceiro,ATLAS MANUT EQUIP,GO,Ar-Condicionado,ACD18MQ,ACD1289397,L2605C,Equipamento liga mas nao resfria. Cliente relata que ja limpou os filtros.,NAO_RESFRIA,Alta,aguardando_peca,,72,611.12,
OC-2026-001989,,E-mail,TECNOAR,RJ,Geladeira,GC-L257FLQ,GCL2884805,,"A parte de baixo nao gela mais, o freezer ainda funciona normal.",,Media,reaberta,,120,,OC-2026-000226
OC-2026-001690,2026-04-08,Formulario,CENTRAL REPAROS BANDEIRANTES SA,SP,Maquina de Lavar,WM-T13BW,WMT1298392,,"nao centrifuga, roupa sai encharcada",NAO_CENTRIFUGA,Baixa,fechada,2026-04-14,240,202.98,
OC-2026-001830,2026-06-25 18:47,formulario,MegaTec Reparos Ltda,BA,Geladeira,GCB247SLUV,GCB2642166,L2605B,"geladeira nova parou de funcionar, o motor fica ligando e desligando toda hora e nao gela",RUIDO_COMPRESSOR,Alta,ABERTA,,72,1296.29,
OC-2026-001548,2026-07-09,FORM,Atlas Manutencao de Equipamentos,GO,Geladeira,GT39SSP,GT39354620,L2604A,"geladeira parou de gelar, so o congelador ta gelando um pouco",NAO_GELA,Baixa,aguardando_peca,,240,868.65,
OC-2026-001528,16/04/2026,Formulario,Tecnoar Servicos Eireli,RJ,Monitor,24MP400,24MP795304,,nao liga de jeito nenhum,NAO_LIGA,Alta,Fechado,2026-04-22,72,327.17,
OC-2026-000247,11-03-2026 11:32,E-mail,SUL SERVICE ELETRO,RS,Maquina de Lavar,WM F60BW,WMF6630835,,agua fica parada no tambor,NAO_DRENA,Baixa,ABERTA,,240,,
OC-2026-001943,03/06/2026,Formulario,Norte Eletro Servicos,CE,Ar-Condicionado,ACS12TQ,ACS1720298,L2602A,"nao gela o ambiente, so joga ar quente",,Media,REABERTA,,120,524.91,OC-2026-000073
OC-2026-000034,2026-05-23,Formulario,CENTRAL REPAROS BANDEIRANTES SA,SP,Maquina de Lavar,WD11WV,WD11249628,,erro no painel,NAO_CENTRIFUGA,Media,Fechado,25/05/2026,120,332.38,
OC-2026-000848,2026-07-25 12:36,email,OFICINA DIGITAL CAMPINAS ME,SP,Maquina de Lavar,WMT13BW,WMT1335986,L2606A,nao liga de jeito nenhum,,Media,Fechada,2026-08-08,120,327.38,
OC-2026-000270,2026-04-26,E-mail,Sul Service,RS,Geladeira,GC-L257,GCL2798987,L2603A,"Aparelho nao liga. Tomada testada com outro equipamento, energia OK.",NAO_LIGA,Baixa,Fechada,2026-05-22,240,437.32,
OC-2026-001177,2026-05-09 14:37,formulario,Central Reparos Bandeirantes,SP,Ar-Condicionado,AC-D18MQ,ACD1206623,L2602A,"controle nao funciona mais, ja troquei a pilha",,Media,fechada,2026-05-12,120,438.19,
OC-2026-000431,2026-04-09,E-mail,Norte Eletro Servicos,CE,Maquina de Lavar,WD11WV,WD11769098,L2612B,"Aparelho nao liga. Tomada testada com outro equipamento, energia OK.",,Baixa,Fechado,2026-04-23 11:16,240,525.52,
OC-2026-001783,2026-03-24,Formulario,Sul Service Eletrodomesticos,RS,TV,oled55c4,OLED562414,,"controle nao funciona mais, ja troquei a pilha",,Media,fechada,2026-04-09,120,878.68,
OC-2026-001713,2026-07-02,E-mail,Prisma Assistencia Tecnica,PR,Geladeira,GT-39SSP,GT39726035,L2603B,"A parte de baixo nao gela mais, o freezer ainda funciona normal.",,Baixa,aguardando_peca,,240,293.51,
OC-2026-001118,2026-04-22,FORM,Assist Tec Silva,SP,Ar-Condicionado,ACDUAL9K,ACDU650525,,"controle nao funciona mais, ja troquei a pilha",CONTROLE_NAO_RESPONDE,Media,em_atendimento,,120,,
OC-2026-000159,2026-05-02,E-mail,ATLAS MANUT EQUIP,GO,Geladeira,GT-39SSP,GT39897971,L2602B,"porta nao fecha direito, fica uma fresta",NAO_GELA,Alta,fechada,09/05/2026,72,432.4,
OC-2026-000884,2026-08-04,Planilha Parceiro,Eletro Servicos Andrade,SP,TV,oled55c4,OLED546094,L2604B,,,Baixa,Fechado,25/08/2026,240,468.14,
OC-2026-001862,2026-08-18,Formulario,MegaTec Reparos,BA,Geladeira,GC-B247SLUV,GCB2210339,L2607A,"comprou faz uns 2 meses e parou de gelar, o compressor liga e desliga direto",NAO_GELA,Critica,EM ATENDIMENTO,,72,929.76,
OC-2026-000740,2026-03-12 16:24,FORM,OFICINA DIGITAL CAMPINAS ME,SP,TV,UQ-7550PSF,UQ75653976,L2601A,"controle nao funciona mais, ja troquei a pilha",CONTROLE_NAO_RESPONDE,Alta,fechada,04/04/2026,72,51.52,
OC-2026-000819,2026-06-30,Planilha Parceiro,Sul Service,RS,Geladeira,GT39SSP,GT39405740,L2605C,"Porta desalinhada, borracha de vedacao solta em um dos cantos.",PORTA_DESALINHADA,Baixa,EM ATENDIMENTO,,240,,
OC-2026-001316,2026-08-13,Formulario,Oficina Digital Campinas,SP,Ar-Condicionado,AC-DUAL9K,ACDU635154,L2604B,Controle remoto sem resposta. Aparelho responde aos botoes fisicos.,,Baixa,Fechada,14/08/2026,240,469.94,
OC-2026-000594,2026-08-10 13:25,E-mail,SUL SERVICE ELETRO,RS,Ar-Condicionado,AC DUAL 9K,ACDU235851,L2605C,"nao gela o ambiente, so joga ar quente",,Alta,Fechado,20/08/2026,72,204.42,
OC-2026-000163,08-03-2026 09:23,planilha_parceiro,NORTE ELETRO SERVICOS LTDA,CE,Ar-Condicionado,ACDUAL9K,ACDU644243,L2611A,condensadora fazendo muito barulho,RUIDO_UNIDADE_EXTERNA,Media,Fechada,11/03/2026,120,577.02,
OC-2026-000377,2026-04-23,Formulario,A.T. SILVA LTDA,SP,Ar-Condicionado,AC-DUAL9K,ACDU492305,L2602C,Equipamento liga mas nao resfria. Cliente relata que ja limpou os filtros.,NAO_RESFRIA,,EM ATENDIMENTO,,72,,
OC-2026-000491,2026-03-27,Formulario,Assist Tec Silva,SP,Geladeira,GT-39SSP,GT39935445,,nao gela nada,NAO_GELA,Media,Fechado,11/04/2026,120,400.21,
OC-2026-002008,2026-03-16,planilha_parceiro,Assistencia Tecnica Silva Ltda,SP,Monitor,27-UP550,27UP416056,L2602B,apareceu umas linhas verticais na tela,,Critica,ABERTA,,72,974.62,
OC-2026-001148,23/07/2026,email,Central Reparos Band.,SP,Geladeira,gc-b247sluv,GCB2208020,L2606B,vazando agua embaixo do aparelho,,Alta,Fechada,2026-08-03,72,259.82,
OC-2026-000093,2026-03-30,FORM,MEGATEC,BA,Maquina de Lavar,WD-11WV,WD11581799,L2601A,para na centrifugacao e apita,VAZAMENTO_AGUA,Alta,Fechado,2026-04-11,72,284.79,
OC-2026-001655,2026-06-06,email,Oficina Digital Campinas,SP,Geladeira,GC-L257FLQ,GCL2813505,L2604A,faz um barulho alto de tempos em tempos,RUIDO_COMPRESSOR,Baixa,Fechada,2026-06-12,240,908.98,
OC-2026-002027,27-05-2026 07:48,FORM,Oficina Digital Campinas,SP,Geladeira,GT-39SSP,GT39183178,L2602C,"morreu do nada, nao acende nem a luzinha",NAO_GELA,Media,ABERTA,,120,,
OC-2026-001117,2026-03-31,E-mail,Atlas Manutencao de Equipamentos,GO,Geladeira,GC-L257,GCL2241666,L2601A,esquentou tudo dentro,TEMP_ALTA_GABINETE,Critica,FECHADA,2026-04-24,72,1169.12,
OC-2026-000348,2026-04-21,Formulario,Oficina Digital,SP,TV,NANO-75SQA,NANO455225,,Controle remoto sem resposta. Aparelho responde aos botoes fisicos.,,Media,fechada,2026-05-13,120,563.41,
OC-2026-000008,2026-03-13 09:53,Planilha Parceiro,Tecnoar Servicos Eireli,RJ,TV,OLED55C4,OLED189453,L2611B,apareceu umas linhas verticais na tela,LINHAS_TELA,Alta,Fechado,2026-03-26,72,1093.08,
OC-2026-000018,2026-03-13,Formulario,Atlas Manutencao de Equipamentos,GO,TV,UQ-7550PSF,UQ75891737,L2611A,sem som nenhum,SEM_AUDIO,Baixa,FECHADA,2026-03-28,240,432.51,
OC-2026-001679,2026-03-25 10:30,E-mail,ELETRO SERV ANDRADE,SP,Ar-Condicionado,ACD18MQ,ACD1824421,L2601C,"morreu do nada, nao acende nem a luzinha",VAZAMENTO_GAS,Critica,Fechado,2026-04-16,72,733.65,
OC-2026-000213,2026-08-09,Formulario,Eletro Servicos Andrade,SP,Maquina de Lavar,WD-11WV,WD11319671,L2607C,"nao centrifuga, roupa sai encharcada",,Media,Fechada,2026-09-06,120,525.4,
OC-2026-000752,06/04/2026,formulario,Prisma Assistencia Tecnica,PR,Geladeira,GCL257FLQ,GCL2513197,,vazando agua embaixo do aparelho,VAZAMENTO_AGUA,Baixa,em_atendimento,,240,,
OC-2026-000891,18/08/2026,E-mail,Refrig Vale Verde,MG,Monitor,24MP400,24MP323699,L2605B,aparece sem sinal na tela mesmo com o cabo ligado,SEM_SINAL,Baixa,fechada,2026-08-27,240,90.42,
OC-2026-001627,2026-06-25 16:27,Formulario,MegaTec Reparos,BA,Maquina de Lavar,WMT13BW,WMT1293335,L2602A,"morreu do nada, nao acende nem a luzinha",NAO_LIGA,Media,aguardando_peca,,120,719.24,
OC-2026-000123,2026-07-09,planilha_parceiro,Prisma Assist Tecnica,PR,Maquina de Lavar,WD11WV,WD11251288,L2606A,agua fica parada no tambor,NAO_DRENA,Media,Fechado,2026-08-05,120,329.89,
OC-2026-000753,2026-03-26,email,Assistencia Tecnica Silva Ltda,SP,Geladeira,GC-L257FLQ,GCL2280726,L2602A,"Ruido intermitente na parte traseira, cliente relata que piorou nas ultimas semanas.",RUIDO_COMPRESSOR,Baixa,Em atendimento,,240,,
OC-2026-000805,22/06/2026,Formulario,MegaTec Reparos,BA,Geladeira,GC-L257FLQ,GCL2556406,L2604C,"vazamento constante, cliente teve que colocar pano embaixo",,Media,aberta,,120,,
OC-2026-001284,04/03/2026,Formulario,OFICINA DIGITAL CAMPINAS ME,SP,Monitor,24MP400,24MP813804,L2611B,Cintilacao visivel principalmente em fundo claro.,TELA_ESCURA,Alta,Aguardando peca,,72,770.75,
OC-2026-000762,20-08-2026 17:21,email,Eletro Nordeste,PE,TV,oled55c4,OLED523955,,"Manchas escuras no canto inferior direito da tela, cliente relata que aumentaram.",,Media,Fechada,06-09-2026 10:14,120,364.07,
OC-2026-001269,2026-07-12,Planilha Parceiro,Oficina Digital Campinas,SP,Geladeira,GC-L257,GCL2581215,L2606B,nao gela nada,,Media,Fechada,11-07-2026 12:29,120,932.86,
OC-2026-001408,2026-07-21 13:32,Formulario,ELETRO SERV ANDRADE,SP,Ar-Condicionado,ACS12TQ,ACS1916092,L2604A,Controle remoto sem resposta. Aparelho responde aos botoes fisicos.,,Critica,EM ATENDIMENTO,,72,,
OC-2026-000739,2026-05-09,email,Prisma Assist Tecnica,PR,TV,UQ7550PSF,UQ75325559,,nao liga de jeito nenhum,NAO_LIGA,,Fechado,2026-05-30,120,802.19,
OC-2026-001682,2026-08-25,Formulario,Refrig Vale Verde,MG,Maquina de Lavar,WD11WV,WD11922436,,"Aparelho nao liga. Tomada testada com outro equipamento, energia OK.",NAO_LIGA,Alta,Em atendimento,,72,,
OC-2026-001401,2026-06-21,E-mail,MEGATEC,BA,Geladeira,GT-39SSP,GT39290347,L2604B,"A parte de baixo nao gela mais, o freezer ainda funciona normal.",NAO_GELA,Media,Aberta,,120,,
OC-2026-000776,2026-04-08,Formulario,Refrigeracao Vale Verde,MG,TV,UQ7550PSF,UQ75163930,L2601B,nao liga de jeito nenhum,NAO_LIGA,Baixa,fechada,2026-04-15,240,257.83,
OC-2026-000040,2026-05-19,E-mail,Assistencia Tecnica Silva Ltda,SP,Ar-Condicionado,AC-DUAL9K,ACDU861203,L2603B,"Unidade externa com ruido alto durante a operacao, vizinhos reclamaram.",RUIDO_UNIDADE_EXTERNA,,FECHADA,2026-05-20,120,583.31,
OC-2026-000638,2026-05-17,email,Tecnoar Servicos,RJ,Ar-Condicionado,AC-DUAL9K,ACDU976325,L2603A,nao liga de jeito nenhum,NAO_LIGA,Media,Fechado,10/06/2026,120,427.76,
OC-2026-000392,25/07/2026,E-mail,Central Reparos Bandeirantes,SP,Ar-Condicionado,AC-S12TQ,ACS1546738,L2604A,nao liga de jeito nenhum,,Media,FECHADA,2026-08-11,120,396.06,
OC-2026-001764,2026-05-04,Formulario,Oficina Digital Campinas,SP,Geladeira,GC-L257,GCL2970933,L2602C,"temperatura do gabinete alta, marcando 14 graus com regulagem no maximo",TEMP_ALTA_GABINETE,Media,FECHADA,07-05-2026 15:03,120,484.75,
OC-2026-000717,14/05/2026,Formulario,ATLAS MANUT EQUIP,GO,Geladeira,GC-L257,GCL2798822,,,,Critica,Aguardando peca,,72,972.61,
OC-2026-000305,2026-08-17 08:07,email,Sul Service Eletrodomesticos,RS,Maquina de Lavar,WD11WV,WD11281615,,agua fica parada no tambor,NAO_CENTRIFUGA,Media,Fechado,08/09/2026,120,233.56,
OC-2026-001315,2026-06-10 15:39,email,Central Reparos Bandeirantes,SP,Maquina de Lavar,WMT13BW,WMT1462884,L2604C,para na centrifugacao e apita,,Media,Fechado,07-07-2026 19:31,120,871.48,
OC-2026-000531,2026-08-17,email,Norte Eletro Servicos,CE,Geladeira,GC-L257FLQ,GCL2146109,L2607A,Cliente relata poca de agua no chao apos o uso.,VAZAMENTO_AGUA,Alta,aguardando_peca,,72,235.92,
OC-2026-000309,01/06/2026,Formulario,Norte Eletro Servicos,CE,Ar-Condicionado,AC-D18MQ,ACD1110104,L2602A,Equipamento liga mas nao resfria. Cliente relata que ja limpou os filtros.,,Media,Em atendimento,,120,,
OC-2026-001640,2026-07-09,formulario,TECNOAR,RJ,TV,NANO75SQA,NANO863241,L2605B,nao liga de jeito nenhum,NAO_LIGA,,fechada,05/08/2026,240,211.85,
OC-2026-000616,2026-04-07,Planilha Parceiro,Atlas Manutencao de Equipamentos,GO,Ar-Condicionado,AC S12TQ,ACS1862170,,"Baixa pressao no sistema, indicio de vazamento na linha.",VAZAMENTO_GAS,Baixa,Fechada,2026-04-24,240,331.35,
OC-2026-000883,25/07/2026,planilha_parceiro,Norte Eletro,CE,Ar-Condicionado,AC-S12TQ,ACS1157015,L2605C,,,Baixa,aguardando_peca,,240,824.51,
OC-2026-001453,2026-05-27,Planilha Parceiro,Tecnoar Servicos,RJ,Geladeira,GC-L257,GCL2394249,L2604B,"barulho estranho no compressor, parece que trava",RUIDO_COMPRESSOR,Media,Fechado,02/06/2026,120,764.62,
OC-2026-001763,2026-08-17,planilha_parceiro,TECNOAR,RJ,Maquina de Lavar,WMT13BW,WMT1684741,L2606C,aparece codigo de erro no visor e para tudo,ERRO_DISPLAY,Media,EM ATENDIMENTO,,120,,
OC-2026-000700,06/06/2026,Formulario,Eletro Servicos Andrade ME,SP,Monitor,27-UP550,27UP390395,L2603B,aparece sem sinal na tela mesmo com o cabo ligado,,,fechada,12/06/2026,240,410.09,
OC-2026-001205,2026-06-22,planilha_parceiro,CENTRAL REPAROS BANDEIRANTES SA,SP,Geladeira,GT39SSP,GT39483594,L2603B,"Porta desalinhada, borracha de vedacao solta em um dos cantos.",,Media,Fechada,08/07/2026,120,818.7,
OC-2026-001245,2026-05-27,E-mail,NORTE ELETRO SERVICOS LTDA,CE,Geladeira,GT-39SSP,GT39464570,L2604C,"barulho estranho no compressor, parece que trava",RUIDO_COMPRESSOR,,FECHADA,2026-06-05,120,793.74,
OC-2026-000152,2026-04-19,email,SUL SERVICE ELETRO,RS,TV,UQ7550PSF,UQ75708666,L2602C,"morreu do nada, nao acende nem a luzinha",,Media,Fechado,2026-04-28,120,524.3,
OC-2026-000890,2026-05-09,FORM,SUL SERVICE ELETRO,RS,Maquina de Lavar,WD11WV,WD11543498,,,NAO_CENTRIFUGA,Media,fechada,2026-05-30,120,352.0,
OC-2026-001450,2026-07-21,E-mail,Central Reparos Bandeirantes,SP,Maquina de Lavar,WMT13BW,WMT1392896,,Display apresenta codigo de erro intermitente. Cliente ja tentou reset.,ERRO_DISPLAY,Alta,ABERTA,,72,,
OC-2026-000575,2026-05-27,email,Sul Service Eletrodomesticos,RS,TV,OLED55C4,OLED630862,L2603B,sem som nenhum,,Media,Aguardando peca,,120,240.66,
OC-2026-001898,2026-07-10,planilha_parceiro,Eletro Nordeste,PE,Maquina de Lavar,WM-F60BW,WMF6140260,L2605A,"instalacao feita as pressas, mangueira nao encaixou e vaza toda vez que enche",VAZAMENTO_AGUA,Media,fechada,03-08-2026 14:35,120,76.87,
OC-2026-000803,2026-03-05,E-mail,NORTE ELETRO SERVICOS LTDA,CE,Maquina de Lavar,WM-F60BW,WMF6175856,L2612C,Maquina completa o ciclo mas nao centrifuga.,NAO_CENTRIFUGA,Baixa,AGUARDANDO PECA,,240,397.92,
OC-2026-001965,2026-08-26,Formulario,TECNOAR,RJ,Maquina de Lavar,WM-T13BW,WMT1533970,L2607B,"Aparelho nao liga. Tomada testada com outro equipamento, energia OK.",NAO_LIGA,,reaberta,,240,,OC-2026-000011
OC-2026-000070,2026-03-14,formulario,ELETRO SERV ANDRADE,SP,Geladeira,GC-L257,GCL2992422,L2612C,nao liga de jeito nenhum,,Media,FECHADA,29/03/2026,120,656.88,
OC-2026-001011,17/03/2026,Formulario,PRISMA AT,PR,TV,oled55c4,OLED235043,L2611C,"morreu do nada, nao acende nem a luzinha",,Baixa,AGUARDANDO PECA,,240,646.87,
OC-2026-001698,2026-08-05,E-mail,Oficina Digital,SP,Monitor,34-WP65C,34WP526609,L2604B,apareceu umas linhas verticais na tela,LINHAS_TELA,Baixa,Fechado,25/08/2026,240,1816.45,
OC-2026-001569,2026-05-02,planilha_parceiro,PRISMA AT,PR,Ar-Condicionado,ACDUAL9K,ACDU230089,,nao resfria mais,NAO_RESFRIA,Media,Fechada,2026-05-08,120,760.33,
OC-2026-000723,2026-05-16,FORM,TECNOAR,RJ,Geladeira,GT39SSP,GT39822104,,nao liga de jeito nenhum,NAO_LIGA,Baixa,Em atendimento,,240,,
OC-2026-001613,09/05/2026,formulario,NORTE ELETRO SERVICOS LTDA,CE,Monitor,34WP65C,34WP467307,,aparece sem sinal na tela mesmo com o cabo ligado,SEM_SINAL,Alta,AGUARDANDO PECA,,72,374.29,
OC-2026-001822,2026-05-08,Planilha Parceiro,Central Reparos Band.,SP,Geladeira,GC B247SLUV,GCB2712473,L2606B,Equipamento com aproximadamente 70 dias de uso apresentou perda total de refrigeracao. Compressor em ciclo curto.,,Critica,FECHADA,2026-05-22,72,752.25,
OC-2026-001300,2026-07-08,planilha_parceiro,Refrig Vale Verde,MG,Ar-Condicionado,AC-DUAL9K,ACDU568479,L2605C,nao liga de jeito nenhum,,Baixa,Fechada,2026-07-18,240,522.97,
OC-2026-000484,2026-03-26,E-mail,TECNOAR,RJ,Ar-Condicionado,AC-D18MQ,ACD1957564,,"nao gela o ambiente, so joga ar quente",NAO_RESFRIA,Baixa,Aguardando peca,,240,857.33,
OC-2026-000230,2026-08-05,Planilha Parceiro,REFRIGERACAO VALE VERDE LTDA,MG,Maquina de Lavar,WM-T13BW,WMT1918818,,aparece codigo de erro no visor e para tudo,,Critica,FECHADA,14/08/2026,72,452.4,
OC-2026-000119,10/08/2026,E-mail,Sul Service,RS,Maquina de Lavar,WMT13BW,WMT1822713,L2605B,"nao centrifuga, roupa sai encharcada",,,EM ATENDIMENTO,,120,,
OC-2026-000729,2026-04-19,E-mail,MegaTec Reparos,BA,TV,oled55c4,OLED878113,L2602A,Controle remoto sem resposta. Aparelho responde aos botoes fisicos.,CONTROLE_NAO_RESPONDE,,EM ATENDIMENTO,,72,,
OC-2026-001558,2026-05-18,Formulario,Prisma Assist Tecnica,PR,Monitor,34-WP65C,34WP349860,L2604A,,SEM_SINAL,Alta,aberta,,72,,
OC-2026-001436,2026-04-14,formulario,PRISMA AT,PR,Ar-Condicionado,ACD18MQ,ACD1774427,,"suspeita de vazamento de gas, aparelho gela pouco",VAZAMENTO_GAS,Critica,ABERTA,,72,,
OC-2026-001170,2026-06-04,email,Tecnoar Servicos Eireli,RJ,TV,UQ-7550PSF,UQ75344233,L2604A,sem som nenhum,,Media,Fechado,20-06-2026 13:03,120,630.64,
OC-2026-000583,06/04/2026,Formulario,Central Reparos Bandeirantes,SP,Geladeira,GCL257FLQ,GCL2761462,L2601B,"porta nao fecha direito, fica uma fresta",,Media,Fechada,2026-04-30,120,245.66,
OC-2026-001448,2026-05-24,Formulario,Eletro Servicos Andrade,SP,Maquina de Lavar,WD-11WV,WD11343919,L2604B,agua fica parada no tambor,NAO_DRENA,Media,FECHADA,2026-05-30,120,183.06,
OC-2026-001459,15-07-2026 15:03,Formulario,REFRIGERACAO VALE VERDE LTDA,MG,Geladeira,GC-L257,GCL2629086,L2606A,"porta nao fecha direito, fica uma fresta",PORTA_DESALINHADA,Media,Em atendimento,,120,,
OC-2026-001149,2026-08-29,formulario,Eletro Nordeste,PE,Maquina de Lavar,WM-T13BW,WMT1427703,L2605C,vazando agua embaixo do aparelho,,Media,Fechada,2026-08-21,120,492.92,
OC-2026-000919,2026-06-10,Formulario,OFICINA DIGITAL CAMPINAS ME,SP,Maquina de Lavar,WD-11WV,WD11927630,L2602B,erro no painel,,Baixa,Fechado,2026-07-02,240,761.6,
OC-2026-000898,18/07/2026,Planilha Parceiro,Refrigeracao Vale Verde,MG,Geladeira,GC-L257,GCL2497388,,,,Alta,fechada,2026-08-14,72,546.07,
OC-2026-000824,2026-05-27 16:40,planilha_parceiro,Tecnoar Servicos,RJ,Maquina de Lavar,wd-11wv,WD11245369,L2604B,para na centrifugacao e apita,NAO_CENTRIFUGA,Media,Fechada,2026-06-21,120,467.11,
OC-2026-000067,2026-03-16 13:59,planilha_parceiro,MEGATEC,BA,Ar-Condicionado,ACD18MQ,ACD1559625,L2601B,"Unidade externa com ruido alto durante a operacao, vizinhos reclamaram.",RUIDO_UNIDADE_EXTERNA,Baixa,Fechada,29/03/2026,240,547.65,
OC-2026-001125,06/08/2026,planilha_parceiro,Central Reparos Band.,SP,Geladeira,GC-L257FLQ,GCL2796087,L2604C,"morreu do nada, nao acende nem a luzinha",,Baixa,Em atendimento,,240,,
OC-2026-001643,06/07/2026,Formulario,PRISMA AT,PR,Monitor,24-MP400,24MP752631,L2605A,Mensagem de ausencia de sinal. Cliente testou dois cabos diferentes.,SEM_SINAL,Critica,FECHADA,2026-07-13,72,145.22,
OC-2026-000158,,Formulario,Oficina Digital Campinas,SP,Geladeira,GT39SSP,GT39535975,L2603C,"morreu do nada, nao acende nem a luzinha",NAO_LIGA,Media,Aguardando peca,,120,247.99,
OC-2026-001304,26/06/2026,planilha_parceiro,A.T. SILVA LTDA,SP,Geladeira,GT39SSP,GT39822344,L2605B,"Ruido intermitente na parte traseira, cliente relata que piorou nas ultimas semanas.",,Alta,fechada,2026-07-24,72,790.64,
OC-2026-000492,2026-05-13,formulario,ELETRO NORDESTE ASSIST LTDA,PE,Geladeira,GT39SSP,GT39476804,,"Aparelho nao liga. Tomada ttada com outro equipamento, energia OK.",NAO_GELA,,fechada,15-05-2026 10:45,120,403.85,
OC-2026-001896,2026-08-16 14:30,Formulario,Refrig Vale Verde,MG,Geladeira,GCB247SLUV,GCB2201343,L2606A,Cliente relata que apos cerca de dois meses de uso o gabinete parou de refrigerar. Placa de controle suspeita.,NAO_GELA,Alta,ABERTA,,72,1318.88,
OC-2026-001112,2026-04-02,email,Refrigeracao Vale Verde,MG,Maquina de Lavar,wd-11wv,WD11996282,L2612A,ta pingando agua na parte de tras,NAO_LIGA,Baixa,Fechado,24/04/2026,240,728.04,
OC-2026-002018,2026-08-10,planilha_parceiro,Sul Service,RS,Geladeira,GCB247SLUV,GCB2356324,L2605A,"comprou faz uns 2 meses e deixou de gelar, o compressor liga e desliga direto",,Media,ABERTA,,120,898.23,
OC-2026-001263,2026-07-20,Planilha Parceiro,Norte Eletro,CE,Geladeira,GC-L257FLQ,GCL2142462,L2605A,esquentou tudo dentro,,Baixa,fechada,2026-07-23,240,914.75,
OC-2026-000265,2026-07-16,Formulario,TECNOAR,RJ,Geladeira,GC-L257FLQ,GCL2275669,,"Aparelho nao liga. Tomada testada com outro equipamento, energia OK.",NAO_LIGA,Media,fechada,2026-08-12,120,266.97,
OC-2026-001426,02/05/2026,Formulario,OFICINA DIGITAL CAMPINAS ME,SP,Geladeira,GT-39SSP,GT39401807,L2602C,ta pingando agua na parte de tras,VAZAMENTO_AGUA,Baixa,FECHADA,2026-05-17,240,145.54,
OC-2026-001137,2026-03-24,Formulario,Sul Service Eletrodomesticos,RS,Geladeira,GT39SSP,GT39146987,L2602B,"Porta desalinhada, borracha de vedacao solta em um dos cantos.",PORTA_DESALINHADA,Baixa,em_atendimento,,240,,
OC-2026-001039,2026-03-15,planilha_parceiro,Tecnoar Servicos Eireli,RJ,TV,UQ-7550PSF,UQ75173754,,aparece codigo de erro no visor e para tudo,,Media,fechada,2026-03-21,120,211.24,
OC-2026-000317,2026-06-18,E-mail,assistencia tecnica silva,SP,Ar-Condicionado,AC S12TQ,ACS1263236,L2603C,"Baixa pressao no sistema, indicio de vazamento na linha.",,Alta,fechada,2026-06-27,72,417.37,
OC-2026-001724,02-04-2026 13:05,Formulario,assistencia tecnica silva,SP,Ar-Condicionado,ACS12TQ,ACS1478274,,nao resfria mais,,Media,fechada,11/04/2026,120,321.25,
OC-2026-001977,16/07/2026,Formulario,MEGATEC,BA,Geladeira,GCB247SLUV,GCB2363703,L2606B,"Ruido intermitente na parte traseira, cliente relata que piorou nas ultimas semanas.",,Alta,REABERTA,,72,,OC-2026-000233
OC-2026-001519,20/03/2026,Planilha Parceiro,TECNOAR,RJ,Maquina de Lavar,WD11WV,WD11341972,L2602A,aparece codigo de erro no visor e para tudo,,Media,ABERTA,,120,,
OC-2026-000998,2026-04-09,Formulario,ATLAS MANUT EQUIP,GO,Ar-Condicionado,AC S12TQ,ACS1510580,L2603B,"morreu do nada, nao acende nem a luzinha",NAO_LIGA,Alta,Fechada,2026-05-06,72,444.48,
OC-2026-000994,2026-04-20 13:51,formulario,Assistencia Tecnica Silva Ltda,SP,TV,OLED-55C4,OLED355271,L2603B,erro no painel,,Alta,FECHADA,2026-04-21 12:55,72,542.11,
OC-2026-000241,2026-08-20,E-mail,Atlas Manutencao,GO,Maquina de Lavar,wd-11wv,WD11959371,L2605B,"nao centrifuga, roupa sai encharcada",VAZAMENTO_AGUA,,Fechada,2026-08-28,240,137.01,
OC-2026-000997,2026-03-04,Planilha Parceiro,Oficina Digital,SP,Ar-Condicionado,AC-D18MQ,ACD1419947,L2601B,"Unidade externa com ruido alto durante a operacao, vizinhos reclamaram.",RUIDO_UNIDADE_EXTERNA,Media,FECHADA,2026-03-07,120,407.82,
OC-2026-001184,08/04/2026,Formulario,PRISMA AT,PR,Monitor,27-UP550,27UP260521,L2601C,"Aparelho nao liga. Tomada testada com outro equipamento, energia OK.",,Baixa,EM ATENDIMENTO,,240,,
OC-2026-001358,2026-08-15,FORM,TECNOAR,RJ,Maquina de Lavar,WM F60BW,WMF6763480,L2607A,"Aparelho nao liga. Tomada testada com outro equipamento, energia OK.",,Media,Fechado,11-09-2026 15:04,120,547.92,
OC-2026-000681,17/03/2026,Planilha Parceiro,PRISMA AT,PR,Maquina de Lavar,wd-11wv,WD11107398,L2601C,"nao centrifuga, roupa sai encharcada",NAO_CENTRIFUGA,Baixa,Fechado,2026-03-21,240,212.8,
OC-2026-001493,,formulario,ELETRO NORDESTE ASSIST LTDA,PE,Monitor,24MP400,24MP500946,L2604C,"Aparelho nao liga. Tomada testada com outro equipamento, energia OK.",NAO_LIGA,Baixa,aguardando_peca,,240,795.83,
OC-2026-000418,2026-04-14,formulario,Central Reparos Band.,SP,TV,NANO-75SQA,NANO345483,,apareceu umas linhas verticais na tela,LINHAS_TELA,Baixa,FECHADA,28-04-2026 19:23,240,1973.67,
OC-2026-000974,2026-05-25,Planilha Parceiro,Tecnoar Servicos Eireli,RJ,TV,OLED55C4,OLED425638,,tela apagada,,Alta,Fechada,15/06/2026,72,944.1,
OC-2026-001260,2026-03-22,Formulario,Norte Eletro,CE,Ar-Condicionado,AC-D18MQ,ACD1495618,L2601B,,,Media,FECHADA,2026-04-12,120,673.53,
OC-2026-000637,23/07/2026,Formulario,Prisma Assist Tecnica,PR,Geladeira,GT-39SSP,GT39791231,L2605C,Gabinete quente. Cliente ja verificou vedacao da porta.,NAO_GELA,,fechada,2026-07-24,120,1137.41,
OC-2026-000310,2026-04-07 07:06,formulario,Oficina Digital,SP,Ar-Condicionado,AC DUAL 9K,ACDU402963,L2601C,nao resfria mais,NAO_RESFRIA,Critica,Fechada,05/05/2026,72,1091.39,
OC-2026-000763,25/06/2026,Planilha Parceiro,Eletro Nordeste Assistencia,PE,Monitor,27-UP550,27UP387697,L2605A,Cintilacao visivel principalmente em fundo claro.,,Alta,Fechado,11/07/2026,72,937.81,
OC-2026-001005,2026-06-11,planilha_parceiro,PRISMA AT,PR,TV,NANO75SQA,NANO143628,L2602A,Audio ausente pelos alto-falantes internos. Saida optica funciona.,SEM_AUDIO,Baixa,FECHADA,2026-07-09,240,193.43,
OC-2026-000757,22-04-2026 11:31,email,MegaTec Reparos,BA,Geladeira,GC-L257,GCL2897528,L2602A,"morreu do nada, nao acende nem a luzinha",NAO_LIGA,Media,aberta,,120,,
OC-2026-000002,2026-08-02,planilha_parceiro,Norte Eletro Servicos,CE,Maquina de Lavar,WD11WV,WD11211268,L2606A,"morreu do nada, nao acende nem a luzinha",ERRO_DISPLAY,Alta,aberta,,72,,
OC-2026-000674,2026-05-04,Formulario,Atlas Manutencao de Equipamentos,GO,Maquina de Lavar,wd-11wv,WD11818300,L2601B,"morreu do nada, nao acende nem a luzinha",,,em_atendimento,,72,,
OC-2026-000840,27/04/2026,FORM,SUL SERVICE ELETRO,RS,Maquina de Lavar,wd-11wv,WD11771367,,ta pingando agua na parte de tras,VAZAMENTO_AGUA,Media,FECHADA,2026-05-25 18:06,120,251.52,
OC-2026-000736,2026-07-06,E-mail,ELETRO SERV ANDRADE,SP,TV,NANO75SQA,NANO584764,L2605B,nao liga de jeito nenhum,NAO_LIGA,Baixa,aguardando_peca,,240,748.22,
OC-2026-000794,2026-03-11,Planilha Parceiro,ELETRO SERV ANDRADE,SP,Monitor,34-WP65C,34WP547234,,"Manchas escuras no canto inferior direito da tela, cliente relata que aumentaram.",LINHAS_TELA,Alta,Fechada,2026-04-08 08:44,72,2088.75,
OC-2026-001720,29-03-2026 15:59,Formulario,Eletro Nordeste,PE,Geladeira,GC-L257FLQ,GCL2755949,L2602B,"A parte de baixo nao gela mais, o freezer ainda funciona normal.",,,fechada,26/04/2026,72,668.17,
OC-2026-000263,2026-08-13 09:12,Formulario,Refrig Vale Verde,MG,Ar-Condicionado,AC-DUAL9K,ACDU446661,L2606C,"controle nap funciona mais, ja troquei a pilha",,,em_atendimento,,72,,
OC-2026-000084,2026-08-09,FORM,Central Reparos Band.,SP,TV,NANO-75SQA,NANO618787,L2606A,Display apresenta codigo de erro intermitente. Cliente ja tentou reset.,,Critica,Fechada,2026-08-16,72,408.92,
OC-2026-000185,2026-04-28,E-mail,MegaTec Reparos,BA,Ar-Condicionado,ACS12TQ,ACS1379536,L2601C,Controle remoto sem resposta. Aparelho responde aos botoes fisicos.,CONTROLE_NAO_RESPONDE,Alta,Fechada,2026-05-24,72,88.39,
OC-2026-000245,2026-08-01,E-mail,Sul Service Eletrodomesticos,RS,Geladeira,GT39SSP,GT39829589,L2604B,vazando agua embaixo do aparelho,VAZAMENTO_AGUA,Media,Em atendimento,,120,,
OC-2026-001524,2026-05-28,Planilha Parceiro,Assist Tec Silva,SP,Ar-Condicionado,AC DUAL 9K,ACDU893877,L2603B,"Aparelho nao liga. Tomada testada com outro equipamento, energia OK.",NAO_LIGA,Baixa,fechada,06/06/2026,240,323.59,
OC-2026-000847,2026-05-30,Formulario,Sul Service,RS,TV,OLED55C4,OLED707747,L2602B,Controle remoto sem resposta. Aparelho responde aos botoes fisicos.,,Media,Fechado,2026-05-29 16:40,120,895.82,
OC-2026-001675,10-05-2026 15:04,Planilha Parceiro,Sul Service,RS,Geladeira,GC-L257FLQ,GCL2422219,,"Aparelho nao liga. Tomada testada com outro equipamento, energia OK.",,Media,fechada,19/05/2026,120,784.8,
OC-2026-001191,2026-03-20 12:53,Planilha Parceiro,Prisma Assist Tecnica,PR,TV,NANO-75SQA,NANO217678,L2611C,tela preta mas o som funciona,,Media,fechada,2026-04-06,120,546.36,
OC-2026-000750,,formulario,Eletro Nordeste,PE,Maquina de Lavar,WM-T13BW,WMT1455772,L2602B,"nao centrifuga, roupa sai encharcada",NAO_CENTRIFUGA,Baixa,Fechada,2026-06-07,240,487.5,
OC-2026-000995,08/03/2026,Planilha Parceiro,CENTRAL REPAROS BANDEIRANTES SA,SP,Geladeira,GC-L257,GCL2640076,L2611C,esquentou tudo dentro,,Alta,Fechado,2026-03-17,72,642.74,
OC-2026-000173,02/05/2026,FORM,Sul Service Eletrodomesticos,RS,TV,OLED55C4,OLED388685,L2602B,"Manchas escuras no canto inferior direito da tela, cliente relata que aumentaram.",,Media,Aguardando peca,,120,310.87,
OC-2026-000732,08/04/2026,Formulario,TECNOAR,RJ,TV,oled55c4,OLED215590,L2603A,risco na tela do lado esquerdo,,Alta,Fechado,2026-04-17,72,210.79,
OC-2026-000007,2026-08-01,email,Prisma Assistencia Tecnica,PR,TV,NANO-75SQA,NANO186675,L2606A,tela preta mas o som funciona,TELA_ESCURA,Media,em_atendimento,,120,,
OC-2026-000860,2026-05-15 10:11,formulario,Prisma Assist Tecnica,PR,Ar-Condicionado,ACD18MQ,ACD1236417,L2602B,nao liga de jeito nenhum,VAZAMENTO_GAS,Critica,FECHADA,21/05/2026,72,611.06,
OC-2026-000197,2026-04-18,email,Oficina Digital Campinas,SP,Geladeira,GCL257FLQ,GCL2814196,,"porta nao fecha direito, fica uma fresta",,Alta,Fechado,24/04/2026,72,824.7,
OC-2026-001237,05/03/2026,formulario,PRISMA AT,PR,Maquina de Lavar,WM-T13BW,WMT1998425,L2601C,Display apresenta codigo de erro intermitente. Cliente ja tentou reset.,,Media,fechada,2026-03-28,120,330.29,
OC-2026-000301,13/08/2026,formulario,OFICINA DIGITAL CAMPINAS ME,SP,Geladeira,GCL257FLQ,GCL2515826,L2607C,"Porta desalinhada, borracha de vedacao solta em um dos cantos.",,Media,Fechada,2026-09-05,120,910.36,
OC-2026-000886,2026-04-24,email,Tecnoar Servicos Eireli,RJ,Maquina de Lavar,WM-T13BW,WMT1651366,L2602A,"nao escoa a agua, fica cheia",,Baixa,fechada,2026-04-29,240,249.58,
OC-2026-001333,01/08/2026,Planilha Parceiro,Eletro Nordeste Assistencia,PE,Geladeira,GC-L257FLQ,GCL2409931,L2605C,Gabinete quente. Cliente ja verificou vedacao da porta.,TEMP_ALTA_GABINETE,Media,Fechado,18-08-2026 08:21,120,460.87,
OC-2026-001531,2026-04-13,Formulario,Prisma Assist Tecnica,PR,Maquina de Lavar,WM-T13BW,WMT1484822,L2612A,vazando agua embaixo do aparelho,VAZAMENTO_AGUA,Alta,aguardando_peca,,72,220.85,
OC-2026-001341,2026-04-04,E-mail,Eletro Servicos Andrade ME,SP,TV,NANO-75SQA,NANO115350,L2603B,Audio ausente pelos alto-falantes internos. Saida optica funciona.,SEM_AUDIO,Media,FECHADA,2026-04-05,120,123.26,
OC-2026-000210,09/05/2026,Planilha Parceiro,PRISMA AT,PR,Geladeira,GC-L257,GCL2662881,,"porta nao fecha direito, fica uma fresta",PORTA_DESALINHADA,Baixa,Aguardando peca,,240,124.69,
OC-2026-000397,2026-04-18,Planilha Parceiro,Central Reparos Bandeirantes,SP,TV,UQ-7550PSF,UQ75458723,,sem som nenhum,,Media,Fechado,2026-04-25,120,665.95,
OC-2026-001771,2026-08-17,formulario,Oficina Digital,SP,Monitor,24-MP400,24MP164402,L2606C,a tela fica piscando o tempo todo,FLICKER,Baixa,Fechado,09/09/2026,240,1030.53,
OC-2026-000872,2026-06-01,email,Prisma Assist Tecnica,PR,Ar-Condicionado,AC-D18MQ,ACD1425691,,nao resfria mais,NAO_RESFRIA,Media,AGUARDANDO PECA,,120,964.84,
OC-2026-001318,15/06/2026,E-mail,Sul Service,RS,Geladeira,GC-L257FLQ,GCL2138605,,"geladeira parou de gelar, so o congelador ta gelando um pouco",NAO_GELA,Media,FECHADA,2026-07-12,120,1169.21,
OC-2026-001145,2026-06-29 16:21,E-mail,Refrig Vale Verde,MG,Geladeira,GC-L257FLQ,GCL2473629,L2603B,Gabinete quente. Cliente ja verificou vedacao da porta.,TEMP_ALTA_GABINETE,Media,FECHADA,2026-07-02,120,1237.08,
OC-2026-000274,17-03-2026 08:54,Planilha Parceiro,Sul Service Eletrodomesticos,RS,Geladeira,GT-39SSP,GT39702436,,"Aparelho nao liga. Tomada testada com outro equipamento, energia OK.",,Critica,FECHADA,2026-03-27 17:46,72,404.6,
OC-2026-002045,2026-07-19,planilha_parceiro,Eletro Servicos Andrade ME,SP,TV,NANO-75SQA,NANO427675,L2605B,sem som nenhum,SEM_AUDIO,Alta,aberta,,72,523.15,
OC-2026-001251,03/06/2026,E-mail,Central Reparos Bandeirantes,SP,Ar-Condicionado,AC DUAL 9K,ACDU125520,L2603C,nao resfria mais,,Baixa,FECHADA,04/06/2026,240,626.14,
OC-2026-000023,2026-07-10,planilha_parceiro,Sul Service Eletrodomesticos,RS,TV,UQ-7550PSF,UQ75381074,L2605B,"Aparelho nao liga. Tomada testada com outro equipamento, energia OK.",,Critica,aguardando_peca,,72,221.68,
OC-2026-000249,2026-04-20,Planilha Parceiro,Eletro Servicos Andrade ME,SP,TV,UQ7550PSF,UQ75711342,L2601A,Sem imagem. Audio presente. Cliente ja testou outra fonte de video.,,Media,Aguardando peca,,120,668.48,
OC-2026-001127,13/08/2026,Formulario,Tecnoar Servicos,RJ,Maquina de Lavar,WM-T13BW,WMT1506737,L2605B,erro no painel,NAO_LIGA,Media,FECHADA,2026-09-07,120,939.35,
OC-2026-000710,2026-07-16,planilha_parceiro,Sul Service,RS,TV,OLED-55C4,OLED949499,L2604C,tela preta mas o som funciona,TELA_ESCURA,Baixa,FECHADA,2026-07-26,240,1425.97,
OC-2026-000985,2026-06-29,planilha_parceiro,REFRIGERACAO VALE VERDE LTDA,MG,TV,UQ-7550PSF,UQ75916005,L2603C,nao liga de jeito nenhum,,Media,FECHADA,2026-07-27 19:00,120,645.9,
OC-2026-000498,2026-07-22,planilha_parceiro,MEGATEC,BA,Maquina de Lavar,WM-T13BW,WMT1692302,,aparece codigo de erro no visor e para tudo,ERRO_DISPLAY,Baixa,FECHADA,2026-08-16,240,532.06,
OC-2026-001336,2026-08-13,E-mail,Refrigeracao Vale Verde,MG,TV,oled55c4,OLED506904,,erro no painel,ERRO_DISPLAY,Media,EM ATENDIMENTO,,120,,
OC-2026-000831,2026-08-31,E-mail,ATLAS MANUT EQUIP,GO,Geladeira,GC-L257,GCL2213196,L2606B,"temperatura do gabinete alta, marcando 14 graus com regulagem no maximo",,,Aguardando peca,,72,834.64,
OC-2026-001378,2026-03-19,FORM,SUL SERVICE ELETRO,RS,Ar-Condicionado,ACDUAL9K,ACDU830957,L2612A,"Baixa pressao no sistema, indicio de vazamento na linha.",VAZAMENTO_GAS,,Fechada,2026-03-31,72,516.35,
OC-2026-001654,2026-08-20 18:40,planilha_parceiro,PRISMA AT,PR,TV,OLED-55C4,OLED269216,L2605C,tela preta mas o som funciona,,Media,EM ATENDIMENTO,,120,,
OC-2026-001261,2026-06-05 19:13,Formulario,MEGATEC,BA,Ar-Condicionado,AC-DUAL9K,ACDU779126,L2604B,Controle remoto sem resposta. Aparelho responde aos botoes fisicos.,CONTROLE_NAO_RESPONDE,Media,fechada,2026-07-02,120,141.5,
OC-2026-001008,24/03/2026,formulario,A.T. SILVA LTDA,SP,Geladeira,GC-L257,GCL2579997,L2601C,"Aparelho nap liga. Tomada testada com outro equipamento, energia OK.",NAO_LIGA,Baixa,Fechada,08-04-2026 09:38,240,748.96,
OC-2026-000403,2026-06-20,FORM,Eletro Servicos Andrade ME,SP,Ar-Condicionado,AC-S12TQ,ACS1285411,,"Aparelho nao liga. Tomada testada com outro equipamento, energia OK.",NAO_RESFRIA,Critica,EM ATENDIMENTO,,72,,
OC-2026-000292,2026-05-22,formulario,Refrigeracao Vale Verde,MG,Maquina de Lavar,WD-11WV,WD11705042,L2601C,aparece codigo de erro no visor e para tudo,ERRO_DISPLAY,,Fechada,2026-06-13,72,515.38,
OC-2026-001899,,Formulario,Eletro Nordeste,PE,Maquina de Lavar,WM F60BW,WMF6511527,L2603A,"agua vazando na parte de tras, mangueira solta",VAZAMENTO_AGUA,Alta,Aberta,,72,150.75,
OC-2026-000111,2026-05-09,planilha_parceiro,Sul Service,RS,Geladeira,GC-L257,GCL2372217,L2602B,"vazamento constante, cliente teve que colocar pano embaixo",VAZAMENTO_AGUA,,em_atendimento,,240,,
OC-2026-000507,2026-08-23,Planilha Parceiro,ELETRO NORDESTE ASSIST LTDA,PE,Monitor,24MP400,24MP107636,L2607B,,,Critica,FECHADA,2026-08-31,72,439.42,
OC-2026-000567,2026-04-30,planilha_parceiro,CENTRAL REPAROS BANDEIRANTES SA,SP,Monitor,34-WP65C,34WP532409,,,,Alta,Fechada,2026-05-25 16:26,72,202.2,
OC-2026-001106,2026-07-25,E-mail,TECNOAR,RJ,TV,UQ7550PSF,UQ75661520,L2605C,,,Media,aguardando_peca,,120,708.14,
OC-2026-001068,13/06/2026,email,Sul Service,RS,Geladeira,GT-39SSP,GT39375307,L2604B,"Porta desalinhada, borracha de vedacao solta em um dos cantos.",PORTA_DESALINHADA,Baixa,Em atendimento,,240,,
OC-2026-001902,2026-07-31,planilha_parceiro,Eletro Nordeste Assistencia,PE,Maquina de Lavar,WMF60BW,WMF6352476,L2606C,vazando agua embaixo desde o dia da instalacao,VAZAMENTO_AGUA,Alta,aberta,,72,175.51,
OC-2026-001393,2026-05-01 17:36,Formulario,Oficina Digital Campinas,SP,TV,NANO75SQA,NANO340998,L2601B,apareceu umas linhas verticais na tela,LINHAS_TELA,Alta,aguardando_peca,,72,1494.27,
OC-2026-001098,26/08/2026,E-mail,Central Reparos Band.,SP,TV,UQ7550PSF,UQ75185282,L2607C,risco na tela do lado esquerdo,LINHAS_TELA,Critica,fechada,2026-09-15,72,1062.26,
OC-2026-000191,2026-04-15,Formulario,Refrig Vale Verde,MG,Geladeira,GT-39SSP,GT39467867,L2601B,"nao ta gelando direito desde semana passada, ja regulei o termostato e nao adiantou",NAO_GELA,Baixa,fechada,2026-05-02,240,651.41,
OC-2026-001176,2026-05-01,E-mail,Tecnoar Servicos,RJ,Maquina de Lavar,WM-T13BW,WMT1120549,,aparece codigo de erro no visor e para tudo,ERRO_DISPLAY,Baixa,FECHADA,2026-05-14,240,478.48,
OC-2026-000858,27/03/2026,E-mail,Eletro Servicos Andrade,SP,TV,NANO-75SQA,NANO988001,L2602C,sem som nenhum,,Baixa,Aberta,,240,,
OC-2026-001539,22-07-2026 07:13,Formulario,Oficina Digital,SP,Maquina de Lavar,WMT13BW,WMT1352880,,aparece codigo de erro no visor e para tudo,,Baixa,FECHADA,2026-08-04,240,734.26,
OC-2026-001268,2026-03-24,Formulario,Assistencia Tecnica Silva Ltda,SP,Maquina de Lavar,WD-11WV,WD11352638,L2602B,Maquina completa o ciclo mas nao centrifuga.,,Critica,em_atendimento,,72,,
OC-2026-001000,2026-06-06,FORM,TECNOAR,RJ,TV,oled55c4,OLED516275,L2602B,nao liga de jeito nenhum,NAO_LIGA,Alta,Fechada,01/07/2026,72,589.75,
OC-2026-001768,26/05/2026,Planilha Parceiro,Tecnoar Servicos Eireli,RJ,Maquina de Lavar,WD-11WV,WD11161831,,agua fica parada no tambor,,Alta,Fechado,2026-06-16,72,256.29,
OC-2026-001699,2026-03-25,E-mail,CENTRAL REPAROS BANDEIRANTES SA,SP,TV,OLED55C4,OLED714289,L2601B,tela preta mas o som funciona,TELA_ESCURA,Alta,FECHADA,2026-04-06,72,1094.4,
OC-2026-001793,02/08/2026,email,CENTRAL REPAROS BANDEIRANTES SA,SP,Geladeira,GC-L257FLQ,GCL2339147,,"A parte de baixo nao gela mais, o freezer ainda funciona normal.",NAO_GELA,Alta,Fechada,2026-08-21,72,716.01,
OC-2026-001566,16/04/2026,E-mail,CENTRAL REPAROS BANDEIRANTES SA,SP,Maquina de Lavar,WMF60BW,WMF6873878,L2601C,Cliente relata que a agua nao drena ao final do ciclo.,NAO_DRENA,,em_atendimento,,120,,
OC-2026-001066,2026-06-01,Formulario,Sul Service,RS,Ar-Condicionado,ACD18MQ,ACD1215743,L2604C,"suspeita de vazamento de gas, aparelho gela pouco",VAZAMENTO_GAS,Baixa,Fechada,2026-06-14 19:57,240,546.56,
OC-2026-000477,2026-05-07,Formulario,Central Reparos Band.,SP,Ar-Condicionado,ACDUAL9K,ACDU138821,,"nao gela o ambiente, so joga ar quente",,Alta,ABERTA,,72,,
OC-2026-000789,2026-03-11,E-mail,ELETRO SERV ANDRADE,SP,TV,oled55c4,OLED513877,,"controle nao funciona mais, ja troquei a pilha",CONTROLE_NAO_RESPONDE,Media,fechada,2026-03-28,120,92.83,
OC-2026-000411,04/08/2026,E-mail,ELETRO SERV ANDRADE,SP,Ar-Condicionado,ACDUAL9K,ACDU776772,L2606B,Equipamento liga mas nao resfria. Cliente relata que ja limpou os filtros.,,Media,Fechada,18/08/2026,120,723.13,
OC-2026-001607,2026-07-09,FORM,Sul Service,RS,Ar-Condicionado,AC S12TQ,ACS1741278,L2604A,"Unidade externa com ruido alto durante a operacao, vizinhos reclamaram.",,Baixa,Fechado,01/08/2026,240,641.72,
OC-2026-001242,2026-05-17 12:31,Formulario,Prisma Assist Tecnica,PR,Monitor,24MP400,24MP932442,L2602B,Cintilacao visivel principalmente em fundo claro.,FLICKER,Media,fechada,2026-05-18,120,627.19,
OC-2026-000342,07/08/2026,formulario,CENTRAL REPAROS BANDEIRANTES SA,SP,Geladeira,GCL257FLQ,GCL2137788,L2605C,"barulho estranho no compressor, parece que trava",RUIDO_COMPRESSOR,,Fechado,2026-09-02,240,1139.12,
OC-2026-001710,2026-06-15 14:26,Planilha Parceiro,Norte Eletro Servicos,CE,TV,UQ7550PSF,UQ75657425,L2602C,"Aparelho nao liga. Tomada testada com outro equipamento, energia OK.",,Media,fechada,2026-06-30,120,223.52,
OC-2026-000401,2026-04-14,Formulario,Central Reparos Band.,SP,Monitor,24-MP400,24MP127190,,"Manchas escuras no canto inferior direito da tela, cliente relata que aumentaram.",,Baixa,fechada,2026-04-08,240,314.48,
OC-2026-001999,2026-04-09,Formulario,PRISMA AT,PR,Geladeira,GC-B247SLUV,GCB2906906,L2602C,nao liga de jeito nenhum,NAO_LIGA,Baixa,Reaberta,,240,,OC-2026-000720
OC-2026-001074,2026-08-16,formulario,Sul Service Eletrodomesticos,RS,Geladeira,GT39SSP,GT39599192,L2605A,"Aparelho nao liga. Tomada testada com outro equipamento, energia OK.",NAO_LIGA,,Aguardando peca,,240,779.8,
OC-2026-001747,2026-04-27,FORM,REFRIGERACAO VALE VERDE LTDA,MG,TV,NANO-75SQA,NANO719589,L2602C,Audio ausente pelos alto-falantes internos. Saida optica funciona.,TELA_ESCURA,Media,FECHADA,2026-05-09,120,644.26,
OC-2026-001172,2026-03-20,Formulario,MegaTec Reparos,BA,Monitor,34-WP65C,34WP435747,,apareceu umas linhas verticais na tela,,Alta,Fechada,2026-04-17,72,712.2,
OC-2026-000304,2026-03-05,Planilha Parceiro,Eletro Servicos Andrade,SP,TV,oled55c4,OLED634704,L2612C,sem som nenhum,,Critica,Fechado,2026-03-06,72,622.77,
OC-2026-001755,2026-07-12,Planilha Parceiro,Prisma Assist Tecnica,PR,Ar-Condicionado,ACDUAL9K,ACDU692198,L2606B,"morreu do nada, nao acende nem a luzinha",,Alta,Em atendimento,,72,,
OC-2026-001051,2026-06-15,Formulario,MegaTec Reparos Ltda,BA,TV,UQ7550PSF,UQ75510532,L2603A,nao liga de jeito nenhum,NAO_LIGA,Baixa,FECHADA,2026-07-01,240,674.67,
OC-2026-001373,2026-04-09,planilha_parceiro,MegaTec Reparos,BA,Monitor,34-WP65C,34WP284637,L2602C,Sem imagem. Audio presente. Cliente ja testou outra fonte de video.,TELA_ESCURA,Media,fechada,2026-05-05,120,858.66,
OC-2026-001922,13/07/2026,E-mail,ELETRO NORDESTE ASSIST LTDA,PE,Maquina de Lavar,WMF60BW,WMF6608496,,"agua vazando na parte de tras, mangueira solta",VAZAMENTO_AGUA,Alta,em_atendimento,,72,131.66,
OC-2026-002026,12-07-2026 11:14,E-mail,PRISMA AT,PR,TV,NANO-75SQA,NANO958956,L2605B,"controle nao funciona mais, ja troquei a pilha",,Media,aberta,,120,48.12,
OC-2026-000529,2026-03-16 19:11,FORM,Eletro Nordeste Assistencia,PE,Ar-Condicionado,ACD18MQ,ACD1879801,L2612A,nao liga de jeito nenhum,,Baixa,Fechado,2026-03-24,240,634.05,
OC-2026-001864,2026-08-05,email,ATLAS MANUT EQUIP,GO,Geladeira,GC-B247SLUV,GCB2516214,L2607A,"novinha e ja parou de gelar, ta com uns 3 meses so",,Alta,FECHADA,2026-08-30,72,1308.62,
OC-2026-001669,2026-04-04,Formulario,Atlas Manutencao de Equipamentos,GO,Maquina de Lavar,WM F60BW,WMF6244697,L2601A,vazando agua embaixo do aparelho,VAZAMENTO_AGUA,Baixa,Fechada,2026-04-06,240,309.39,
OC-2026-001120,2026-06-25,Planilha Parceiro,SUL SERVICE ELETRO,RS,Monitor,27UP550,27UP353198,L2604B,"morreu do nada, nao acende nem a luzinha",NAO_LIGA,Critica,fechada,2026-07-12,72,819.16,
OC-2026-000574,27/03/2026,email,SUL SERVICE ELETRO,RS,Geladeira,GCL257FLQ,GCL2907162,L2601B,Cliente relata poca de agua no chao apos o uso.,NAO_LIGA,Media,FECHADA,10/04/2026,120,841.5,
OC-2026-001158,14/05/2026,formulario,Atlas Manutencao de Equipamentos,GO,Ar-Condicionado,AC-D18MQ,ACD1983864,L2603C,Controle remoto sem resposta. Aparelho responde aos botoes fisicos.,CONTROLE_NAO_RESPONDE,Media,Fechado,2026-05-24,120,113.87,
OC-2026-000950,2026-07-29 12:38,Formulario,Tecnoar Servicos,RJ,Maquina de Lavar,WM-T13BW,WMT1514305,,"nao centrifuga, roupa sai encharcada",,Alta,fechada,2026-08-12,72,541.47,
OC-2026-000820,2026-05-19,Formulario,Refrig Vale Verde,MG,Ar-Condicionado,ACD18MQ,ACD1428226,L2602C,"Baixa pressao no sistema, indicio de vazamento na linha.",,Baixa,em_atendimento,,240,,
OC-2026-000433,12/04/2026,Formulario,Tecnoar Servicos,RJ,Monitor,34WP65C,34WP933353,L2601C,tela apagada,TELA_ESCURA,Media,Aberta,,120,,
OC-2026-000443,2026-07-23,Formulario,Eletro Servicos Andrade,SP,TV,OLED55C4,OLED472949,,erro no painel,ERRO_DISPLAY,Alta,em_atendimento,,72,,
OC-2026-001512,31/07/2026,Planilha Parceiro,Oficina Digital Campinas,SP,Monitor,34-WP65C,34WP576467,,tela apagada,TELA_ESCURA,Alta,aberta,,72,,
OC-2026-000755,2026-03-07,FORM,REFRIGERACAO VALE VERDE LTDA,MG,Geladeira,GC-L257FLQ,GCL2155646,L2601B,,NAO_GELA,Media,FECHADA,01-04-2026 18:31,120,533.08,
OC-2026-001285,10/08/2026,E-mail,Central Reparos Bandeirantes,SP,TV,OLED55C4,OLED936732,L2604A,Audio ausente pelos alto-falantes internos. Saida optica funciona.,SEM_AUDIO,Alta,FECHADA,18/08/2026,72,352.43,
OC-2026-000569,2026-04-21,planilha_parceiro,PRISMA AT,PR,Monitor,24-MP400,24MP468990,L2601A,Sem imagem. Audio presente. Cliente ja testou outra fonte de video.,,Critica,Aguardando peca,,72,484.06,
OC-2026-001494,23-04-2026 13:01,email,ATLAS MANUT EQUIP,GO,Geladeira,GT-39SSP,GT39420077,L2603A,,,Critica,FECHADA,2026-05-21,72,250.03,
OC-2026-001777,2026-04-09,Planilha Parceiro,OFICINA DIGITAL CAMPINAS ME,SP,Maquina de Lavar,wd-11wv,WD11158047,L2602B,nao liga de jeito nenhum,NAO_LIGA,Media,aberta,,120,,
OC-2026-000961,19/06/2026,E-mail,Assist Tec Silva,SP,Ar-Condicionado,ACDUAL9K,ACDU389732,,"Unidade externa com ruido alto durante a operacao, vizinhos reclamaram.",NAO_LIGA,Media,fechada,2026-07-14,120,231.01,
OC-2026-000328,2026-08-12,formulario,PRISMA AT,PR,Monitor,24MP400,24MP429027,L2604A,Mensagem de ausencia de sinal. Cliente testou dois cabos diferentes.,SEM_SINAL,Media,aberta,,120,,
OC-2026-001449,2026-03-23 16:37,formulario,Refrigeracao Vale Verde,MG,Ar-Condicionado,AC-D18MQ,ACD1521458,L2601C,"suspeita de vazamento de gas, aparelho gela pouco",VAZAMENTO_GAS,Media,Fechado,2026-03-29,120,718.99,
OC-2026-000906,26-08-2026 19:08,Formulario,MegaTec Reparos,BA,Geladeira,GT39SSP,GT39413959,L2605C,,,Critica,fechada,14/09/2026,72,438.71,
OC-2026-001570,06/04/2026,Formulario,Central Reparos Band.,SP,Geladeira,GC-L257,GCL2934322,L2601C,Cliente relata que a geladeira nao esta refrigerando ha 3 dias. Alimentos estragaram.,NAO_GELA,Alta,FECHADA,27-04-2026 10:47,72,438.85,
OC-2026-000280,2026-03-15,FORM,Assist Tec Silva,SP,Geladeira,GC B247SLUV,GCB2518513,L2612B,faz um barulho alto de tempos em tempos,,,Fechada,2026-04-03,120,334.74,
OC-2026-000636,2026-06-11,Formulario,Prisma Assistencia Tecnica,PR,TV,UQ7550PSF,UQ75757737,L2603C,Display apresenta codigo de erro intermitente. Cliente ja tentou reset.,ERRO_DISPLAY,Media,Fechado,2026-06-29 13:26,120,503.22,
OC-2026-001915,10/07/2026,Formulario,Norte Eletro Servicos,CE,Maquina de Lavar,WMF60BW,WMF6172230,,Vazamento na conexao da mangueira de entrada. Mangueira mal fixada na instalacao.,VAZAMENTO_AGUA,Media,fechada,2026-07-25,120,136.03,
OC-2026-000408,2026-05-15,Formulario,A.T. SILVA LTDA,SP,Ar-Condicionado,ACD18MQ,ACD1359146,L2602C,nao liga de jeito nenhum,,Alta,Fechada,22/05/2026,72,713.31,
OC-2026-001262,2026-08-28,Planilha Parceiro,Oficina Digital Campinas,SP,Ar-Condicionado,AC-D18MQ,ACD1655491,,nao resfria mais,VAZAMENTO_GAS,Media,EM ATENDIMENTO,,120,,
OC-2026-001087,2026-05-28 13:54,Planilha Parceiro,MEGATEC,BA,Maquina de Lavar,WMF60BW,WMF6872647,L2603C,"vazamento constante, cliente teve que colocar pano embaixo",VAZAMENTO_AGUA,Media,FECHADA,2026-06-06,120,166.28,
OC-2026-001014,06/03/2026,formulario,Eletro Nordeste,PE,Maquina de Lavar,WD11WV,WD11517808,L2612C,"vazamento constante, cliente teve que colocar pano embaixo",,Media,fechada,2026-03-22 19:11,120,637.35,
OC-2026-000784,2026-05-05,Planilha Parceiro,Oficina Digital Campinas,SP,Geladeira,GC-L257,GCL2142848,L2602C,"porta nao fecha direito, fica uma fresta",RUIDO_COMPRESSOR,Baixa,Em atendimento,,240,,
OC-2026-001940,20-07-2026 09:26,planilha_parceiro,Refrigeracao Vale Verde,MG,Geladeira,GC-L257,GCL2961838,L2605C,"Porta desalinhada, borracha de vedacao solta em um dos cantos.",,,reaberta,,120,,OC-2026-001082
OC-2026-001173,2026-04-07,Formulario,Refrigeracao Vale Verde,MG,Monitor,24MP400,24MP107109,L2602A,"Aparelho nao liga. Tomada testada com outro equipamento, energia OK.",,Baixa,Fechado,2026-04-09,240,881.4,
OC-2026-000177,2026-04-23 17:57,E-mail,CENTRAL REPAROS BANDEIRANTES SA,SP,Maquina de Lavar,WM-T13BW,WMT1237728,L2601A,"morreu do nada, nao acende nem a luzinha",NAO_LIGA,Alta,FECHADA,2026-05-20,72,465.09,
OC-2026-001743,2026-03-14 13:53,planilha_parceiro,Norte Eletro,CE,Ar-Condicionado,AC DUAL 9K,ACDU726884,L2611A,condensadora fazendo muito barulho,RUIDO_UNIDADE_EXTERNA,Critica,AGUARDANDO PECA,,72,722.45,
OC-2026-000150,2026-03-27,Formulario,Refrigeracao Vale Verde,MG,Ar-Condicionado,AC-S12TQ,ACS1759281,L2612C,condensadora fazendo muito barulho,,Baixa,Fechada,2026-03-29 08:35,240,375.12,
OC-2026-001266,2026-08-18 19:12,Formulario,Sul Service Eletrodomesticos,RS,Maquina de Lavar,WM-T13BW,WMT1718013,L2605B,,VAZAMENTO_AGUA,Alta,AGUARDANDO PECA,,72,221.06,
OC-2026-000713,11/03/2026,planilha_parceiro,Central Reparos Band.,SP,Ar-Condicionado,AC-D18MQ,ACD1897331,L2601B,nao liga de jeito nenhum,,Media,Aguardando peca,,120,973.51,
OC-2026-001332,2026-03-27,E-mail,MEGATEC,BA,Maquina de Lavar,wd-11wv,WD11779620,L2612B,"morreu do nada, nao acende nem a luzinha",NAO_LIGA,Media,Em atendimento,,120,,
OC-2026-000905,2026-06-18,Formulario,MegaTec Reparos,BA,Geladeira,GT39SSP,GT39483295,L2604C,esquentou tudo dentro,TEMP_ALTA_GABINETE,Baixa,fechada,15/07/2026,240,900.21,
OC-2026-000914,2026-03-17 13:06,E-mail,Tecnoar Servicos Eireli,RJ,Maquina de Lavar,WD-11WV,WD11589860,,agua fica parada no tambor,,Critica,EM ATENDIMENTO,,72,,
OC-2026-000499,2026-04-06 07:51,Formulario,Sul Service,RS,Geladeira,GT39SSP,GT39757188,L2601C,"temperatura do gabinete alta, marcando 14 graus com regulagem no maximo",,Critica,fechada,18/04/2026,72,596.21,
OC-2026-000984,2026-08-28,Formulario,Norte Eletro Servicos,CE,TV,UQ-7550PSF,UQ75295684,,"morreu do nada, nao acende nem a luzinha",,Media,EM ATENDIMENTO,,120,,
OC-2026-001991,2026-05-31,Formulario,MegaTec Reparos Ltda,BA,Ar-Condicionado,ACD18MQ,ACD1599118,L2604A,"Unidade externa com ruido alto durante a operacao, vizinhos reclamaram.",RUIDO_UNIDADE_EXTERNA,Media,Reaberta,,120,308.18,OC-2026-000687
OC-2026-000406,15/03/2026,email,MegaTec Reparos,BA,Ar-Condicionado,AC-D18MQ,ACD1957973,L2611B,Equipamento liga mas nao resfria. Cliente relata que ja limpou os filtros.,,Critica,aberta,,72,,
OC-2026-001344,2026-05-16,Planilha Parceiro,Central Reparos Band.,SP,Monitor,27-UP550,27UP704696,,"morreu do nada, nao acende nem a luzinha",LINHAS_TELA,Critica,FECHADA,2026-06-01 19:34,72,960.21,
OC-2026-000398,08/05/2026,Planilha Parceiro,MegaTec Reparos Ltda,BA,Maquina de Lavar,WD11WV,WD11233575,L2601B,Cliente relata que a agua nao drena ao final do ciclo.,NAO_DRENA,Alta,ABERTA,,72,,
OC-2026-000092,16/05/2026,formulario,Prisma Assistencia Tecnica,PR,Ar-Condicionado,AC S12TQ,ACS1418702,L2603C,"Baixa pressao no sistema, indicio de vazamento na linha.",VAZAMENTO_GAS,Alta,Fechado,2026-05-28,72,349.42,
OC-2026-001838,16/07/2026,Formulario,Refrig Vale Verde,MG,Geladeira,GCB247SLUV,GCB2282733,L2605A,"aparelho com 2 meses, gelou normal no comeco e depois foi perdendo, agora nao gela mais nada",,Critica,Fechada,02/08/2026,72,728.54,
OC-2026-001795,2026-06-17,planilha_parceiro,MEGATEC,BA,Ar-Condicionado,ACDUAL9K,ACDU992507,L2603C,Equipamento liga mas nao resfria. Cliente relata que ja limpou os filtros.,,,aguardando_peca,,240,787.48,
OC-2026-000909,2026-07-03 10:11,E-mail,Sul Service,RS,Maquina de Lavar,WM-T13BW,WMT1886096,L2603A,"morreu do nada, nao acende nem a luzinha",NAO_LIGA,Baixa,Fechada,2026-07-16,240,681.96,
OC-2026-001295,2026-04-12,E-mail,Tecnoar Servicos Eireli,RJ,TV,OLED55C4,OLED346119,,"controle nao funciona mais, ja troquei a pilha",CONTROLE_NAO_RESPONDE,,fechada,2026-04-14,72,52.24,
OC-2026-002044,2026-08-06,email,Norte Eletro,CE,Maquina de Lavar,WM-T13BW,WMT1880369,L2606B,,NAO_CENTRIFUGA,,Aberta,,120,,
OC-2026-001057,2026-03-14,email,PRISMA AT,PR,Maquina de Lavar,WM-T13BW,WMT1238649,,"nao escoa a agua, fica cheia",,Alta,Aberta,,72,,
OC-2026-001411,2026-06-17 13:41,E-mail,MegaTec Reparos Ltda,BA,TV,OLED-55C4,OLED349960,,tela preta mas o som funciona,,Baixa,AGUARDANDO PECA,,240,520.7,
OC-2026-000451,2026-05-04,email,Assistencia Tecnica Silva Ltda,SP,Ar-Condicionado,AC-D18MQ,ACD1594823,,"morreu do nada, nao acende nem a luzinha",NAO_LIGA,Media,Fechado,2026-05-21,120,222.62,
OC-2026-001908,2026-07-05,E-mail,Eletro Nordeste Assistencia,PE,Maquina de Lavar,WM F60BW,WMF6432059,,"agua vazando na parte de tras, mangueira solta",VAZAMENTO_AGUA,Media,FECHADA,06-07-2026 10:38,120,160.91,
OC-2026-000329,05/04/2026,Planilha Parceiro,PRISMA AT,PR,TV,OLED55C4,OLED464866,L2612B,tela preta mas o som funciona,TELA_ESCURA,Alta,Fechada,2026-05-02,72,478.64,
OC-2026-000286,16/04/2026,Formulario,ELETRO SERV ANDRADE,SP,Ar-Condicionado,ACD18MQ,ACD1512514,L2603C,"nao gela o ambiente, so joga ar quente",NAO_RESFRIA,Baixa,Fechada,2026-04-26,240,1060.21,
OC-2026-001289,2026-07-20 18:06,formulario,Central Reparos Bandeirantes,SP,TV,UQ-7550PSF,UQ75241595,L2604B,"Manchas escuras no canto inferior direito da tela, cliente relata que aumentaram.",LINHAS_TELA,,FECHADA,2026-08-01,120,1708.04,
OC-2026-001035,2026-07-27,Formulario,Eletro Nordeste,PE,Geladeira,GC-L257FLQ,GCL2699185,L2604B,,VAZAMENTO_AGUA,Alta,EM ATENDIMENTO,,72,,
OC-2026-000054,,planilha_parceiro,Central Reparos Bandeirantes,SP,Monitor,27-UP550,27UP602387,,tela apagada,TELA_ESCURA,Media,Fechado,2026-06-10,120,798.32,
OC-2026-002021,2026-06-01,Formulario,Tecnoar Servicos Eireli,RJ,TV,NANO-75SQA,NANO972245,L2604C,"controle nao funciona mais, ja troquei a pilha",CONTROLE_NAO_RESPONDE,Media,aberta,,120,74.9,
OC-2026-001812,2026-03-16,FORM,Oficina Digital,SP,Maquina de Lavar,WMT13BW,WMT1797807,,"Aparelho nao liga. Tomada testada com outro equipamento, energia OK.",NAO_LIGA,,Aberta,,240,,
OC-2026-000918,12/07/2026,planilha_parceiro,Central Reparos Band.,SP,Ar-Condicionado,ACDUAL9K,ACDU108524,L2605B,Controle remoto sem resposta. Aparelho responde aos botoes fisicos.,CONTROLE_NAO_RESPONDE,Alta,AGUARDANDO PECA,,72,121.8,
OC-2026-000138,2026-05-04,Formulario,MegaTec Reparos,BA,Ar-Condicionado,AC-D18MQ,ACD1434210,L2601C,condensadora fazendo muito barulho,,Critica,Fechado,2026-05-12,72,659.08,
OC-2026-000435,2026-06-07,E-mail,Eletro Nordeste,PE,Ar-Condicionado,AC-D18MQ,ACD1856857,L2604A,Controle remoto sem resposta. Aparelho responde aos botoes fisicos.,CONTROLE_NAO_RESPONDE,Media,Fechado,2026-06-19,120,122.59,
OC-2026-002011,2026-08-21,Formulario,Atlas Manutencao de Equipamentos,GO,Maquina de Lavar,wd-11wv,WD11446889,L2604B,Display apresenta codigo de erro intermitente. Cliente ja tentou reset.,,Alta,aberta,,72,454.27,
OC-2026-001714,2026-07-28,Formulario,Oficina Digital Campinas,SP,TV,UQ-7550PSF,UQ75183521,L2605A,apareceu umas linhas verticais na tela,LINHAS_TELA,Baixa,fechada,2026-07-26,240,888.26,
OC-2026-001577,18/07/2026,Planilha Parceiro,SUL SERVICE ELETRO,RS,Monitor,24MP400,24MP523961,L2604B,aparece sem sinal na tela mesmo com o cabo ligado,,Media,Fechado,2026-08-14,120,501.51,
OC-2026-001104,02/08/2026,E-mail,REFRIGERACAO VALE VERDE LTDA,MG,Ar-Condicionado,ACD18MQ,ACD1422529,L2605B,condensadora fazendo muito barulho,,Baixa,fechada,30/08/2026,240,855.59,
OC-2026-001950,2026-07-14,Planilha Parceiro,ELETRO SERV ANDRADE,SP,TV,UQ-7550PSF,UQ75918098,L2604A,"controle nao funciona mais, ja troquei a pilha",CONTROLE_NAO_RESPONDE,Media,REABERTA,,120,,OC-2026-000910
OC-2026-000303,2026-05-09,E-mail,Oficina Digital Campinas,SP,Ar-Condicionado,ACS12TQ,ACS1906225,L2602A,"suspeita de vazamento de gas, aparelho gela pouco",,Media,em_atendimento,,120,,
OC-2026-000908,2026-06-03,Planilha Parceiro,NORTE ELETRO SERVICOS LTDA,CE,TV,NANO75SQA,NANO170468,,Audio ausente pelos alto-falantes internos. Saida optica funciona.,,Baixa,FECHADA,2026-06-18,240,527.74,
OC-2026-000765,2026-08-09,Planilha Parceiro,MEGATEC,BA,Geladeira,GCL257FLQ,GCL2119520,L2607A,"Porta desalinhada, borracha de vedacao solta em um dos cantos.",,,FECHADA,2026-08-22,120,960.89,
OC-2026-000467,2026-06-18,Planilha Parceiro,ELETRO SERV ANDRADE,SP,Maquina de Lavar,WM F60BW,WMF6950922,L2604C,ta pingando agua na parte de tras,VAZAMENTO_AGUA,Media,aberta,,120,,
OC-2026-000220,2026-07-31,Planilha Parceiro,Central Reparos Band.,SP,TV,NANO-75SQA,NANO428815,L2604B,tela preta mas o som funciona,TELA_ESCURA,Media,Aguardando peca,,120,992.23,
OC-2026-001884,2026-08-10,Formulario,Sul Service,RS,Geladeira,GCB247SLUV,GCB2356324,L2605A,"comprou faz uns 2 meses e parou de gelar, o compressor liga e desliga direto",NAO_GELA,Media,em_atendimento,,120,898.23,
OC-2026-001980,28/04/2026,E-mail,Norte Eletro Servicos,CE,Ar-Condicionado,AC-D18MQ,ACD1495618,,reincidencia do mesmo problema,,Baixa,reaberta,,240,517.22,OC-2026-001260
OC-2026-000980,2026-04-27,formulario,Prisma Assistencia Tecnica,PR,TV,UQ7550PSF,UQ75843133,L2603A,Audio ausente pelos alto-falantes internos. Saida optica funciona.,,Baixa,AGUARDANDO PECA,,240,459.81,
OC-2026-000314,2026-08-13,E-mail,MegaTec Reparos Ltda,BA,Ar-Condicionado,ACS12TQ,ACS1187179,L2606C,"suspeita de vazamento de gas, aparelho gela pouco",,Alta,aguardando_peca,,72,245.85,
OC-2026-002029,2026-06-30 09:33,Planilha Parceiro,Tecnoar Servicos,RJ,Geladeira,GC-L257,GCL2956006,L2603A,"vazamento constante, cliente teve que colocar pano embaixo",RUIDO_COMPRESSOR,Baixa,aberta,,240,1054.07,
OC-2026-001957,2026-07-06,Planilha Parceiro,Sul Service Eletrodomesticos,RS,Monitor,27UP550,27UP606419,L2603B,Sem imagem. Audio presente. Cliente ja testou outra fonte de video.,,Alta,REABERTA,,72,437.01,OC-2026-001562
OC-2026-000550,2026-07-17,Formulario,Eletro Nordeste,PE,Maquina de Lavar,WM-T13BW,WMT1513921,,vazando agua embaixo do aparelho,,Baixa,Fechada,19-07-2026 18:01,240,560.98,
OC-2026-000647,2026-06-29,Formulario,MegaTec Reparos Ltda,BA,Geladeira,GT39SSP,GT39379777,L2603C,"porta nao fecha direito, fica uma fresta",,Media,aberta,,120,,
OC-2026-001479,2026-06-08 15:02,Planilha Parceiro,Refrigeracao Vale Verde,MG,TV,OLED-55C4,OLED115581,L2603A,sem som nenhum,,Alta,Em atendimento,,72,,
OC-2026-000413,01/06/2026,Planilha Parceiro,SUL SERVICE ELETRO,RS,Maquina de Lavar,WD11WV,WD11173221,L2602A,"morreu do nada, nao acende nem a luzinha",VAZAMENTO_AGUA,Media,Fechada,24/06/2026,120,185.49,
OC-2026-000453,2026-07-19,planilha_parceiro,Sul Service,RS,Geladeira,GC-L257,GCL2651679,L2605C,"morreu do nada, nao acende nem a luzinha",NAO_LIGA,,Fechada,20-07-2026 11:37,72,418.47,
OC-2026-000850,2026-04-23,formulario,Atlas Manutencao de Equipamentos,GO,Geladeira,GCL257FLQ,GCL2144149,L2601A,,,Media,FECHADA,2026-04-28,120,602.39,
OC-2026-001497,2026-08-03,E-mail,MEGATEC,BA,Maquina de Lavar,wd-11wv,WD11793042,L2605C,Cliente relata que a agua nao drena ao final do ciclo.,NAO_CENTRIFUGA,Media,Fechada,2026-08-26 07:46,120,582.73,
OC-2026-001610,13/04/2026,Planilha Parceiro,REFRIGERACAO VALE VERDE LTDA,MG,Geladeira,GT-39SSP,GT39213000,L2602B,"porta nao fecha direito, fica uma fresta",,Media,Fechado,29/04/2026,120,921.38,
OC-2026-000276,2026-05-03,email,Atlas Manutencao,GO,Maquina de Lavar,WD-11WV,WD11492348,L2601B,"nao escoa a agua, fica cheia",,Media,ABERTA,,120,,
OC-2026-001206,2026-04-14 10:02,E-mail,A.T. SILVA LTDA,SP,Maquina de Lavar,WMT13BW,WMT1998695,,Cliente relata que a agua nao drena ao final do ciclo.,,Baixa,aguardando_peca,,240,675.57,
OC-2026-000634,18/04/2026,email,Atlas Manutencao de Equipamentos,GO,Maquina de Lavar,WM-F60BW,WMF6354357,L2601B,"nao centrifuga, roupa sai encharcada",NAO_DRENA,Alta,aguardando_peca,,72,226.56,
OC-2026-001278,2026-03-28,Planilha Parceiro,A.T. SILVA LTDA,SP,Ar-Condicionado,AC DUAL 9K,ACDU289420,L2602C,Controle remoto sem resposta. Aparelho responde aos botoes fisicos.,,Alta,aguardando_peca,,72,977.08,
OC-2026-001425,2026-03-08,Formulario,ATLAS MANUT EQUIP,GO,Geladeira,GCL257FLQ,GCL2283846,L2601C,"morreu do nada, nao acende nem a luzinha",,,em_atendimento,,120,,
OC-2026-001978,2026-05-08,Planilha Parceiro,TECNOAR,RJ,Ar-Condicionado,AC-DUAL9K,ACDU830957,L2602B,"Baixa pressao no sistema, indicio de vazamento na linha.",VAZAMENTO_GAS,Baixa,REABERTA,,240,729.1,OC-2026-001378
OC-2026-001603,2026-07-31,Planilha Parceiro,MEGATEC,BA,Geladeira,GT-39SSP,GT39867717,L2604B,nao gela nada,PORTA_DESALINHADA,Baixa,Em atendimento,,240,,
OC-2026-001649,2026-03-03 12:48,Planilha Parceiro,A.T. SILVA LTDA,SP,TV,UQ7550PSF,UQ75802235,L2601B,tela apagada,TELA_ESCURA,Alta,Aberta,,72,,
OC-2026-000990,27/08/2026,formulario,Central Reparos Band.,SP,Maquina de Lavar,WM-T13BW,WMT1276043,,,,Baixa,FECHADA,2026-09-24,240,333.42,
OC-2026-000644,2026-08-30,formulario,ATLAS MANUT EQUIP,GO,Maquina de Lavar,WM-T13BW,WMT1534765,,"morreu do nada, nao acende nem a luzinha",,Media,fechada,2026-09-14,120,211.39,
OC-2026-000308,2026-05-08,formulario,Tecnoar Servicos,RJ,Geladeira,GT-39SSP,GT39758596,,vazando agua embaixo do aparelho,VAZAMENTO_AGUA,Baixa,FECHADA,15-05-2026 07:05,240,110.52,
OC-2026-000083,18/03/2026,E-mail,Eletro Nordeste Assistencia,PE,Geladeira,GCL257FLQ,GCL2239175,L2601C,faz um barulho alto de tempos em tempos,,Alta,Fechada,2026-03-27 11:15,72,698.11,
OC-2026-000899,2026-07-06,E-mail,Atlas Manutencao,GO,Ar-Condicionado,AC-D18MQ,ACD1318233,L2603A,"Unidade externa com ruido alto durante a operacao, vizinhos reclamaram.",,Baixa,ABERTA,,240,,
OC-2026-000956,2026-08-27 17:13,formulario,A.T. SILVA LTDA,SP,Ar-Condicionado,AC-D18MQ,ACD1648304,,Controle remoto sem resposta. Aparelho responde aos botoes fisicos.,CONTROLE_NAO_RESPONDE,Media,ABERTA,,120,,
OC-2026-000580,2026-04-21 07:13,Planilha Parceiro,PRISMA AT,PR,Maquina de Lavar,WD-11WV,WD11135676,L2601A,ta pingando agua na parte de tras,VAZAMENTO_AGUA,Baixa,fechada,2026-04-30,240,151.34,
OC-2026-001214,17/04/2026,Formulario,ELETRO SERV ANDRADE,SP,TV,OLED55C4,OLED713355,L2602C,"Manchas escuras no canto inferior direito da tela, clinte relata que aumentaram.",SEM_AUDIO,,em_atendimento,,240,,
OC-2026-001631,2026-03-09,Planilha Parceiro,PRISMA AT,PR,Ar-Condicionado,ACD18MQ,ACD1173448,L2601B,"Baixa pressao no sistema, indicio de vazamento na linha.",VAZAMENTO_GAS,Alta,fechada,04/04/2026,72,825.82,
OC-2026-001495,06/07/2026,E-mail,Prisma Assistencia Tecnica,PR,Maquina de Lavar,WMT13BW,WMT1628434,L2605A,aparece codigo de erro no visor e para tudo,ERRO_DISPLAY,Critica,Aguardando peca,,72,680.63,
OC-2026-000815,2026-08-10,email,Refrig Vale Verde,MG,Monitor,34-WP65C,34WP568649,,a tela fica piscando o tempo todo,TELA_ESCURA,Media,Aberta,,120,,
OC-2026-000941,2026-04-15,Formulario,Tecnoar Servicos,RJ,TV,UQ-7550PSF,UQ75485479,L2601B,"controle nao funciona mais, ja troquei a pilha",,Baixa,Fechada,12/05/2026,240,728.09,
OC-2026-000737,05/07/2026,E-mail,TECNOAR,RJ,Geladeira,GCL257FLQ,GCL2424515,,"Ruido intermitente na parte traseira, cliente relata que piorou nas ultimas semanas.",RUIDO_COMPRESSOR,Baixa,em_atendimento,,240,,
OC-2026-001367,2026-03-25,E-mail,Prisma Assist Tecnica,PR,Ar-Condicionado,AC-S12TQ,ACS1925088,L2601C,"suspeita de vazamento de gas, aparelho gela pouco",,Media,Fechado,2026-04-22,120,354.06,
OC-2026-001217,2026-03-22,E-mail,Assistencia Tecnica Silva Ltda,SP,Geladeira,GC-L257FLQ,GCL2857105,L2602C,"A parte de baixo nao gela mais, o freezer ainda funciona normal.",,Alta,fechada,16/04/2026,72,528.41,
OC-2026-000066,11/03/2026,formulario,OFICINA DIGITAL CAMPINAS ME,SP,Geladeira,GT-39SSP,GT39218556,L2612B,"nao ta gelando direito desde semana passada, ja regulei o termostato e nao adiantou",NAO_GELA,,Fechado,2026-03-14,72,866.56,
OC-2026-000012,15/08/2026,Planilha Parceiro,assistencia tecnica silva,SP,Ar-Condicionado,AC-DUAL9K,ACDU615144,L2606A,nao liga de jeito nenhum,,Media,Fechado,06/09/2026,120,395.88,
OC-2026-001731,28/03/2026,Planilha Parceiro,Central Reparos Band.,SP,Geladeira,GT39SSP,GT39975558,L2602B,"barulho estranho no compressor, parece que trava",RUIDO_COMPRESSOR,Baixa,Fechado,2026-04-01 12:24,240,819.19,
OC-2026-000112,2026-08-28 10:16,planilha_parceiro,Central Reparos Bandeirantes,SP,TV,OLED-55C4,OLED581496,L2606B,Display apresenta codigo de erro intermitente. Cliente ja tentou reset.,ERRO_DISPLAY,Media,fechada,2026-08-31,120,617.13,
OC-2026-001667,,FORM,Tecnoar Servicos,RJ,Geladeira,GT-39SSP,GT39392600,,faz um barulho alto de tempos em tempos,,Baixa,aguardando_peca,,240,469.77,
OC-2026-000131,26/03/2026,E-mail,ATLAS MANUT EQUIP,GO,Ar-Condicionado,AC-S12TQ,ACS1992751,L2612A,Equipamento liga mas nao resfria. Cliente relata que ja limpou os filtros.,NAO_RESFRIA,Media,Aberta,,120,,
OC-2026-001815,2026-03-18,email,CENTRAL REPAROS BANDEIRANTES SA,SP,Maquina de Lavar,WD-11WV,WD11349632,L2612A,vazando agua embaixo do aparelho,,Media,aguardando_peca,,120,443.52,
OC-2026-001361,29-06-2026 14:36,E-mail,MegaTec Reparos Ltda,BA,TV,UQ-7550PSF,UQ75264560,L2603B,tela preta mas o som funciona,TELA_ESCURA,Baixa,AGUARDANDO PECA,,240,1502.88,
OC-2026-000591,17/03/2026,E-mail,CENTRAL REPAROS BANDEIRANTES SA,SP,Ar-Condicionado,AC-DUAL9K,ACDU884913,L2601B,"suspeita de vazamento de gas, aparelho gela pouco",VAZAMENTO_GAS,Alta,em_atendimento,,72,,
OC-2026-001801,2026-03-12,email,Oficina Digital,SP,Ar-Condicionado,ACD18MQ,ACD1137945,,"Aparelho nao liga. Tomada testada com outro equipamento, energia OK.",NAO_LIGA,Baixa,aberta,,240,,
OC-2026-000428,2026-04-23,email,MegaTec Reparos,BA,Maquina de Lavar,WD11WV,WD11334025,L2603A,nao liga de jeito nenhum,NAO_LIGA,Alta,Fechado,2026-04-18,72,559.0,
OC-2026-000797,26/04/2026,Formulario,Atlas Manutencao,GO,TV,UQ-7550PSF,UQ75950466,,apareceu umas linhas verticais na tela,,Alta,fechada,2026-04-30,72,715.26,
OC-2026-000151,2026-04-18,FORM,Central Reparos Bandeirantes,SP,Maquina de Lavar,WMF60BW,WMF6695440,L2601A,Maquina completa o ciclo mas nao centrifuga.,,Baixa,Fechado,2026-04-30 19:33,240,368.55,
OC-2026-001352,2026-08-30,Planilha Parceiro,CENTRAL REPAROS BANDEIRANTES SA,SP,Geladeira,GCL257FLQ,GCL2786731,L2607B,"barulho estranho no compressor, parece que trava",RUIDO_COMPRESSOR,Baixa,FECHADA,2026-09-13,240,643.55,
OC-2026-001588,2026-06-24 11:01,Formulario,Oficina Digital,SP,Geladeira,GCL257FLQ,GCL2432085,L2603A,"Porta desalinhada, borracha de vedacao solta em um dos cantos.",PORTA_DESALINHADA,Baixa,Fechada,2026-06-30,240,82.76,
OC-2026-000600,2026-03-23,E-mail,ELETRO SERV ANDRADE,SP,Geladeira,GT39SSP,GT39947412,L2602A,"Aparelho nap liga. Tomada testada com outro equipamento, energia OK.",,Alta,FECHADA,2026-04-18,72,388.39,
OC-2026-000473,2026-06-06,email,CENTRAL REPAROS BANDEIRANTES SA,SP,Monitor,34-WP65C,34WP116005,L2603C,Mensagem de ausencia de sinal. Cliente testou dois cabos diferentes.,SEM_SINAL,Media,FECHADA,19/06/2026,120,112.63,
OC-2026-001545,2026-05-09,Formulario,Atlas Manutencao,GO,Maquina de Lavar,WM-T13BW,WMT1524957,L2603A,para na centrifugacao e apita,,Alta,Fechado,2026-05-30,72,415.35,
OC-2026-000620,26-06-2026 14:34,Formulario,Eletro Servicos Andrade,SP,TV,UQ-7550PSF,UQ75742302,L2603C,"Manchas escuras no canto inferior direito da tela, cliente relata que aumentaram.",,,aberta,,240,,
OC-2026-001142,2026-06-16,E-mail,SUL SERVICE ELETRO,RS,Ar-Condicionado,AC-S12TQ,ACS1821597,L2604A,Equipamento liga mas nao resfria. Cliente relata que ja limpou os filtros.,,Alta,FECHADA,2026-06-28 12:39,72,630.19,
OC-2026-001630,2026-07-07,Formulario,ELETRO NORDESTE ASSIST LTDA,PE,TV,oled55c4,OLED173255,L2603A,nao liga de jeito nenhum,NAO_LIGA,Media,FECHADA,13/07/2026,120,954.22,
OC-2026-001397,2026-03-15,formulario,PRISMA AT,PR,Ar-Condicionado,AC-D18MQ,ACD1442478,L2612C,condensadora fazendo muito barulho,,,fechada,24/03/2026,240,960.58,
OC-2026-000233,07-05-2026 11:15,E-mail,Eletro Servicos Andrade,SP,Geladeira,GC B247SLUV,GCB2363703,L2602B,"Ruido intermitente na parte traseira, cliente relata que piorou nas ultimas semanas.",,Alta,Fechado,2026-06-01 07:02,72,370.78,
OC-2026-000615,2026-03-27 19:49,Planilha Parceiro,MEGATEC,BA,TV,UQ7550PSF,UQ75305095,L2612B,Controle remoto sem resposta. Aparelho responde aos botoes fisicos.,,Media,Fechada,06/04/2026,120,593.85,
OC-2026-001402,10/04/2026,Planilha Parceiro,A.T. SILVA LTDA,SP,Geladeira,GCB247SLUV,GCB2917671,L2603C,Gabinete quente. Cliente ja verificou vedacao da porta.,TEMP_ALTA_GABINETE,Media,Em atendimento,,120,,
OC-2026-000441,2026-06-04 11:16,Planilha Parceiro,Tecnoar Servicos Eireli,RJ,Geladeira,GCL257FLQ,GCL2222378,L2605A,nao gela nada,NAO_GELA,,Fechado,28/06/2026,72,1244.35,
OC-2026-001032,2026-08-06 10:52,formulario,Oficina Digital,SP,Ar-Condicionado,AC-DUAL9K,ACDU505927,L2605A,nao liga de jeito nenhum,NAO_LIGA,Alta,FECHADA,2026-08-15,72,554.12,
OC-2026-000368,2026-07-04 09:57,planilha_parceiro,ELETRO SERV ANDRADE,SP,TV,NANO75SQA,NANO478743,L2605C,Sem imagem. Audio presente. Cliente ja testou outra fonte de video.,TELA_ESCURA,Alta,Fechado,21/07/2026,72,1189.15,
OC-2026-001236,2026-06-02 17:08,email,Tecnoar Servicos Eireli,RJ,Maquina de Lavar,WMT13BW,WMT1278492,L2604C,"Aparelho nao liga. Tomada testada com outro equipamento, energia OK.",NAO_LIGA,Baixa,Fechado,05/06/2026,240,539.55,
OC-2026-002013,2026-07-10,formulario,Refrig Vale Verde,MG,TV,NANO-75SQA,NANO283179,,Audio ausente pelos alto-falantes internos. Saida optica funciona.,SEM_AUDIO,,Aberta,,120,233.16,
OC-2026-001641,10-05-2026 18:52,Planilha Parceiro,A.T. SILVA LTDA,SP,TV,UQ-7550PSF,UQ75646708,L2601C,Audio ausente pelos alto-falantes internos. Saida optica funciona.,SEM_AUDIO,Critica,FECHADA,2026-05-22,72,213.37,
OC-2026-001818,20/08/2026,Planilha Parceiro,Tecnoar Servicos Eireli,RJ,Ar-Condicionado,AC DUAL 9K,ACDU447893,,"Unidade externa com ruido alto durante a operacao, vizinhos reclamaram.",RUIDO_UNIDADE_EXTERNA,,EM ATENDIMENTO,,72,,
OC-2026-001842,20/07/2026,Planilha Parceiro,Atlas Manutencao,GO,Geladeira,gc-b247sluv,GCB2157968,L2605B,Cliente relata que apos cerca de dois meses de uso o gabinete parou de refrigerar. Placa de controle suspeita.,NAO_GELA,Critica,fechada,12/08/2026,72,1188.81,
OC-2026-001559,01/04/2026,E-mail,MegaTec Reparos Ltda,BA,Monitor,24MP400,24MP240795,L2601B,Sem imagem. Audio presente. Cliente ja testou outra fonte de video.,TELA_ESCURA,Baixa,Aguardando peca,,240,1485.07,
OC-2026-001196,2026-07-18,Formulario,ATLAS MANUT EQUIP,GO,Maquina de Lavar,wd-11wv,WD11785091,L2604C,agua fica parada no tambor,,Media,AGUARDANDO PECA,,120,913.98,
OC-2026-001365,24/03/2026,Formulario,Eletro Servicos Andrade ME,SP,Ar-Condicionado,AC S12TQ,ACS1383195,L2612C,"morreu do nada, nao acende nem a luzinha",NAO_LIGA,Alta,Aberta,,72,,
OC-2026-001075,2026-07-01,Formulario,Assistencia Tecnica Silva Ltda,SP,Geladeira,GC-B247SLUV,GCB2650183,L2604C,esquentou tudo dentro,,Critica,FECHADA,2026-07-20,72,653.89,
OC-2026-001277,2026-07-14,Formulario,Central Reparos Band.,SP,Monitor,34-WP65C,34WP786121,L2604A,Sem imagem. Audio presente. Cliente ja testou outra fonte de video.,TELA_ESCURA,Baixa,Fechada,2026-07-30,240,1468.24,
OC-2026-000962,2026-04-26 10:52,E-mail,Prisma Assistencia Tecnica,PR,Geladeira,GT39SSP,GT39685676,L2603B,,,Baixa,Fechada,16/05/2026,240,510.91,
OC-2026-000189,2026-04-04,Formulario,MEGATEC,BA,Geladeira,GCB247SLUV,GCB2861663,,nao liga de jeito nenhum,NAO_GELA,Alta,em_atendimento,,72,,
OC-2026-001376,31/05/2026,E-mail,Prisma Assist Tecnica,PR,Geladeira,GT-39SSP,GT39815343,L2603A,"morreu do nada, nao acende nem a luzinha",NAO_LIGA,Baixa,Fechada,06/06/2026,240,578.93,
OC-2026-001355,30-08-2026 10:11,Formulario,Oficina Digital,SP,TV,NANO75SQA,NANO477309,L2605A,tela preta mas o som funciona,,Alta,aberta,,72,,
OC-2026-001985,26/08/2026,formulario,OFICINA DIGITAL CAMPINAS ME,SP,Monitor,24MP400,24MP523961,,aparece sem sinal na tela mesmo com o cabo ligado,,Media,Reaberta,,120,550.32,OC-2026-001577
OC-2026-000175,2026-03-22,Planilha Parceiro,Norte Eletro,CE,Geladeira,GT39SSP,GT39792385,L2601A,"Porta desalinhada, borracha de vedacao solta em um dos cantos.",TEMP_ALTA_GABINETE,Media,em_atendimento,,120,,
OC-2026-001665,2026-05-16,Planilha Parceiro,Eletro Servicos Andrade ME,SP,Maquina de Lavar,WMT13BW,WMT1468800,,aparece codigo de erro no visor e para tudo,,,FECHADA,2026-05-17,120,357.31,
OC-2026-001457,2026-04-07,formulario,assistencia tecnica silva,SP,Ar-Condicionado,AC DUAL 9K,ACDU902964,L2612A,"Baixa pressao no sistema, indicio de vazamento na linha.",VAZAMENTO_GAS,,FECHADA,2026-04-17,72,473.2,
OC-2026-001198,2026-07-21,planilha_parceiro,Eletro Nordeste Assistencia,PE,Monitor,27UP550,27UP727661,L2604A,tela apagada,,Alta,FECHADA,2026-08-14,72,678.97,
OC-2026-001765,11/03/2026,Formulario,Atlas Manutencao de Equipamentos,GO,Ar-Condicionado,AC S12TQ,ACS1329213,L2611C,"controle nao funciona mais, ja troquei a pilha",CONTROLE_NAO_RESPONDE,Media,Fechado,2026-03-18 11:17,120,69.13,
OC-2026-000199,2026-07-03,E-mail,ELETRO SERV ANDRADE,SP,Geladeira,GT39SSP,GT39417455,L2604C,"porta nao fecha direito, fica uma fresta",,Baixa,fechada,2026-07-25,240,629.86,
OC-2026-000483,05-04-2026 13:12,formulario,Refrigeracao Vale Verde,MG,Geladeira,GT-39SSP,GT39718218,L2612A,"Aparelho nao liga. Tomada testada com outro equipamento, energia OK.",NAO_LIGA,,fechada,2026-04-13,240,276.33,
OC-2026-001821,2026-05-28,Formulario,Central Reparos Bandeirantes,SP,Geladeira,gc-b247sluv,GCB2326978,L2607B,"geladeira nova parou de funcionar, o motor fica ligando e desligando toda hora e nao gela",NAO_GELA,Alta,em_atendimento,,72,852.53,
OC-2026-001099,2026-07-18,Formulario,Eletro Servicos Andrade ME,SP,Monitor,24MP400,24MP737846,L2606B,aparece sem sinal na tela mesmo com o cabo ligado,SEM_SINAL,Media,Fechada,2026-08-09,120,219.9,
OC-2026-001997,2026-04-23,Planilha Parceiro,Prisma Assistencia Tecnica,PR,Geladeira,GT39SSP,GT39615968,L2602C,"temperatura do gabinete alta, marcando 14 graus com regulagem no maximo",,,reaberta,,120,,OC-2026-000553
OC-2026-001240,2026-07-18 12:48,Planilha Parceiro,Central Reparos Bandeirantes,SP,Ar-Condicionado,AC-D18MQ,ACD1386924,L2606A,"controle nao funciona mais, ja troquei a pilha",,Baixa,EM ATENDIMENTO,,240,,
OC-2026-001620,28/06/2026,E-mail,Norte Eletro,CE,Maquina de Lavar,WMT13BW,WMT1725580,L2603C,Display apresenta codigo de erro intermitente. Cliente ja tentou reset.,ERRO_DISPLAY,Media,aguardando_peca,,120,375.38,
OC-2026-000866,2026-07-13 16:14,E-mail,OFICINA DIGITAL CAMPINAS ME,SP,TV,NANO-75SQA,NANO161097,,Audio ausente pelos alto-falantes internos. Saida optica funciona.,SEM_AUDIO,Baixa,Fechado,25/07/2026,240,177.39,
OC-2026-000836,24/07/2026,formulario,SUL SERVICE ELETRO,RS,Ar-Condicionado,ACDUAL9K,ACDU592215,L2605C,Controle remoto sem resposta. Aparelho responde aos botoes fisicos.,CONTROLE_NAO_RESPONDE,Media,aguardando_peca,,120,40.75,
OC-2026-000506,2026-08-05,Planilha Parceiro,Eletro Nordeste Assistencia,PE,TV,OLED-55C4,OLED239840,L2604B,Sem imagem. Audio presente. Cliente ja testou outra fonte de video.,,,Aberta,,240,,
OC-2026-001863,2026-08-19,E-mail,A.T. SILVA LTDA,SP,Geladeira,GCB247SLUV,GCB2500993,L2606A,Perda progressiva de refrigeracao em produto recente. Compressor liga mas nao sustenta a temperatura.,,Media,AGUARDANDO PECA,,120,1114.54,
OC-2026-001804,2026-06-15,Planilha Parceiro,CENTRAL REPAROS BANDEIRANTES SA,SP,TV,UQ7550PSF,UQ75234633,,"controle nao funciona mais, ja troquei a pilha",,Baixa,ABERTA,,240,,
OC-2026-000297,2026-03-04,planilha_parceiro,CENTRAL REPAROS BANDEIRANTES SA,SP,TV,NANO75SQA,NANO642206,L2601B,sem som nenhum,,Alta,Fechada,2026-03-12,72,535.57,
OC-2026-000928,2026-06-30,Planilha Parceiro,ELETRO NORDESTE ASSIST LTDA,PE,TV,UQ7550PSF,UQ75212946,L2605C,"morreu do nada, nao acende nem a luzinha",SEM_AUDIO,Baixa,fechada,17/07/2026,240,147.61,
OC-2026-001111,2026-04-27,Planilha Parceiro,OFICINA DIGITAL CAMPINAS ME,SP,Ar-Condicionado,ACDUAL9K,ACDU635498,L2601A,"Aparelho nao liga. Tomada testada com outro equipamento, energia OK.",NAO_LIGA,,Aberta,,120,,
OC-2026-000564,2026-03-13,Planilha Parceiro,Sul Service,RS,TV,UQ-7550PSF,UQ75526840,L2601C,Audio ausente pelos alto-falantes internos. Saida optica funciona.,,,fechada,2026-04-03,240,559.09,
OC-2026-000745,15/07/2026,Formulario,MegaTec Reparos,BA,Ar-Condicionado,AC S12TQ,ACS1594987,L2605A,"Baixa pressao no sistema, indicio de vazamento na linha.",VAZAMENTO_GAS,Alta,fechada,2026-08-11,72,486.53,
OC-2026-000704,2026-03-07 13:51,Formulario,Prisma Assistencia Tecnica,PR,Geladeira,GT-39SSP,GT39563179,L2601B,esquentou tudo dentro,,Media,AGUARDANDO PECA,,120,834.14,
OC-2026-000546,2026-06-21,Planilha Parceiro,Norte Eletro,CE,TV,UQ-7550PSF,UQ75232904,L2602B,tela apagada,,,FECHADA,2026-07-19,240,243.82,
OC-2026-000434,2026-05-10,Formulario,Central Reparos Bandeirantes,SP,Geladeira,GT-39SSP,GT39217118,L2601C,nao liga de jeito nenhum,,Baixa,Aberta,,240,,
OC-2026-001522,07/03/2026,Planilha Parceiro,Eletro Nordeste,PE,Geladeira,gc-b247sluv,GCB2474899,,"Porta desalinhada, borracha de vedacao solta em um dos cantos.",PORTA_DESALINHADA,,fechada,2026-03-11,120,151.98,
OC-2026-000888,2026-05-20,Formulario,SUL SERVICE ELETRO,RS,Geladeira,GC-L257,GCL2671870,L2601A,esquentou tudo dentro,,Baixa,Fechado,2026-06-07,240,941.16,
OC-2026-001636,2026-04-08,E-mail,ELETRO SERV ANDRADE,SP,Ar-Condicionado,ACDUAL9K,ACDU191736,L2601B,Controle remoto sem resposta. Aparelho responde aos botoes fisicos.,,Media,Fechado,2026-05-03,120,401.21,
OC-2026-000738,2026-05-05,Planilha Parceiro,Assistencia Tecnica Silva Ltda,SP,Geladeira,GT39SSP,GT39523382,L2601A,Cliente relata que a geladeira nao esta refrigerando ha 3 dias. Alimentos estragaram.,NAO_GELA,Media,Fechado,2026-05-23,120,908.44,
OC-2026-001101,2026-05-16,formulario,Atlas Manutencao de Equipamentos,GO,Maquina de Lavar,WM-T13BW,WMT1874668,L2604B,nao liga de jeito nenhum,,Alta,FECHADA,2026-05-23,72,244.59,
OC-2026-001543,2026-08-04 17:31,Planilha Parceiro,Central Reparos Band.,SP,Maquina de Lavar,WD-11WV,WD11729512,L2605C,"morreu do nada, nao acende nem a luzinha",,Critica,aguardando_peca,,72,327.87,
OC-2026-001946,05/04/2026,planilha_parceiro,PRISMA AT,PR,Maquina de Lavar,WM F60BW,WMF6936173,L2612B,"Aparelho nao liga. Tomada testada com outro equipamento, energia OK.",NAO_LIGA,,reaberta,,120,,OC-2026-001418
OC-2026-000951,2026-04-22,Planilha Parceiro,Prisma Assist Tecnica,PR,Maquina de Lavar,WD-11WV,WD11664871,,"vazamento constante, cliente teve que colocar pano embaixo",VAZAMENTO_AGUA,Baixa,Fechado,2026-05-05 17:12,240,229.69,
OC-2026-000379,2026-08-03,FORM,Sul Service,RS,Geladeira,GC-L257FLQ,GCL2478616,L2606B,"nao ta gelando direito desde semana passada, ja regulei o termostato e nao adiantou",NAO_GELA,Baixa,Fechada,20/08/2026,240,544.08,
OC-2026-000699,2026-08-13,Planilha Parceiro,Central Reparos Band.,SP,Monitor,34WP65C,34WP814456,L2605C,"Manchas escuras no canto inferior direito da tela, cliente relata que aumentaram.",LINHAS_TELA,Media,Fechada,2026-09-09,120,616.65,
OC-2026-000553,2026-03-04,E-mail,TECNOAR,RJ,Geladeira,GT39SSP,GT39615968,L2601C,"temperatura do gabinete alta, marcando 14 graus com regulagem no maximo",,Media,Fechado,15/03/2026,120,239.1,
OC-2026-000480,2026-08-08,Formulario,Refrig Vale Verde,MG,Geladeira,GC-L257FLQ,GCL2433291,,nao gela nada,,Baixa,em_atendimento,,240,,
OC-2026-000078,14-08-2026 08:48,email,Atlas Manutencao,GO,Ar-Condicionado,ACD18MQ,ACD1141073,L2606C,condensadora fazendo muito barulho,,Media,Fechada,2026-08-25,120,574.86,
OC-2026-000611,2026-07-05,E-mail,Central Reparos Band.,SP,Ar-Condicionado,AC-DUAL9K,ACDU683200,L2605B,"Aparelho nao liga. Tomada testada com outro equipamento, energia OK.",,,fechada,2026-07-12,240,200.33,
OC-2026-001958,2026-03-30 14:33,email,Eletro Nordeste,PE,Ar-Condicionado,AC-D18MQ,ACD1419947,L2601B,"Unidade externa com ruido alto durante a operacao, vizinhos reclamaram.",RUIDO_UNIDADE_EXTERNA,Baixa,Reaberta,,240,383.41,OC-2026-000997
OC-2026-001984,2026-08-27,Planilha Parceiro,Norte Eletro Servicos,CE,TV,OLED-55C4,OLED546094,L2605A,reincidencia do mesmo problema,,Critica,Reaberta,,72,965.18,OC-2026-000884
OC-2026-000792,2026-03-30,Formulario,ATLAS MANUT EQUIP,GO,Maquina de Lavar,WM-T13BW,WMT1737716,,"nao escoa a agua, fica cheia",VAZAMENTO_AGUA,Alta,Fechado,01/04/2026,72,155.99,
OC-2026-000132,2026-08-29,planilha_parceiro,OFICINA DIGITAL CAMPINAS ME,SP,Monitor,24MP400,24MP437957,L2605C,Sem imagem. Audio presente. Cliente ja testou outra fonte de video.,,Media,Fechada,2026-09-21,120,826.26,
OC-2026-001130,18/03/2026,Formulario,MegaTec Reparos,BA,Ar-Condicionado,ACS12TQ,ACS1880306,L2612B,nao liga de jeito nenhum,,Baixa,em_atendimento,,240,,
OC-2026-001009,2026-05-27,formulario,Tecnoar Servicos Eireli,RJ,Maquina de Lavar,WD-11WV,WD11945756,L2604B,"Aparelho nao liga. Tomada testada com outro equipamento, energia OK.",NAO_LIGA,Baixa,em_atendimento,,240,,
OC-2026-000666,18-06-2026 12:00,Formulario,NORTE ELETRO SERVICOS LTDA,CE,Geladeira,GT-39SSP,GT39522096,,"vazamento constante, cliente teve que colocar pano embaixo",,Baixa,Fechado,09/07/2026,240,606.6,
OC-2026-001410,29/07/2026,email,ELETRO SERV ANDRADE,SP,Geladeira,GCB247SLUV,GCB2849701,L2605C,"Porta desalinhada, borracha de vedacao solta em um dos cantos.",PORTA_DESALINHADA,,fechada,30/07/2026,240,143.66,
OC-2026-001211,03/03/2026,Formulario,Sul Service,RS,TV,UQ7550PSF,UQ75161931,,erro no painel,,,Fechado,2026-03-23 09:05,120,251.85,
OC-2026-000766,13-07-2026 08:48,planilha_parceiro,Eletro Servicos Andrade ME,SP,Geladeira,GCL257FLQ,GCL2543342,L2604B,faz um barulho alto de tempos em tempos,PORTA_DESALINHADA,Alta,Fechada,2026-07-23,72,97.95,
OC-2026-001481,02/05/2026,planilha_parceiro,Tecnoar Servicos,RJ,TV,OLED55C4,OLED322834,L2603A,apareceu umas linhas verticais na tela,,Critica,aguardando_peca,,72,649.46,
OC-2026-001725,2026-06-15,email,OFICINA DIGITAL CAMPINAS ME,SP,Maquina de Lavar,WM-T13BW,WMT1547024,L2604A,erro no painel,,Media,fechada,2026-06-14,120,739.38,
OC-2026-001834,15/07/2026,Formulario,A.T. SILVA LTDA,SP,Geladeira,GC B247SLUV,GCB2573880,L2606A,"aparelho com 2 meses, gelou normal no comeco e depois foi perdendo, agora nao gela mais nada",,Critica,FECHADA,2026-07-16,72,1074.84,
OC-2026-000814,2026-07-08,Planilha Parceiro,ELETRO SERV ANDRADE,SP,Ar-Condicionado,AC-D18MQ,ACD1152079,L2604A,"nao gela o ambiente, so joga ar quente",,Alta,aberta,,72,,
OC-2026-001987,2026-07-16,planilha_parceiro,Atlas Manutencao de Equipamentos,GO,Geladeira,GC B247SLUV,GCB2878943,,Perda progressiva de refrigeracao em produto recente. Compressor liga mas nao sustenta a temperatura.,,Alta,Reaberta,,72,512.53,OC-2026-001831
OC-2026-001228,2026-05-01,Formulario,PRISMA AT,PR,Geladeira,GT-39SSP,GT39401563,L2603C,"porta nao fecha direito, fica uma fresta",PORTA_DESALINHADA,Baixa,fechada,2026-05-20,240,114.92,
OC-2026-000662,2026-08-05,Formulario,assistencia tecnica silva,SP,Geladeira,GC-L257,GCL2614050,L2604B,"nao ta gelando direito desde semana passada, ja regulei o termostato e nao adiantou",,Media,fechada,18-08-2026 09:57,120,546.44,
OC-2026-000563,2026-08-14 10:30,planilha_parceiro,Tecnoar Servicos,RJ,Maquina de Lavar,WD11WV,WD11792276,L2605C,"vazamento constante, cliente teve que colocar pano embaixo",,Alta,Aguardando peca,,72,857.55,
OC-2026-001445,2026-08-08,Formulario,ELETRO NORDESTE ASSIST LTDA,PE,TV,oled55c4,OLED787040,L2606C,sem som nenhum,SEM_AUDIO,Media,Fechado,02-09-2026 15:32,120,224.81,
OC-2026-001384,2026-07-23,Planilha Parceiro,Atlas Manutencao de Equipamentos,GO,Geladeira,GCL257FLQ,GCL2426696,L2605C,vazando agua embaixo do aparelho,,Media,Fechada,2026-08-09,120,826.5,
OC-2026-000432,2026-06-07,E-mail,Eletro Servicos Andrade,SP,Geladeira,GC-L257FLQ,GCL2599645,L2604A,"Porta desalinhada, borracha de vedacao solta em um dos cantos.",PORTA_DESALINHADA,,FECHADA,20-06-2026 08:35,120,127.22,
OC-2026-000771,2026-04-28,E-mail,ELETRO NORDESTE ASSIST LTDA,PE,Maquina de Lavar,WM-T13BW,WMT1563954,L2603C,nao liga de jeito nenhum,,Media,AGUARDANDO PECA,,120,393.67,
OC-2026-000688,2026-07-20 19:39,planilha_parceiro,Eletro Servicos Andrade ME,SP,Monitor,24MP400,24MP399601,L2604B,a tela fica piscando o tempo todo,FLICKER,Baixa,Fechada,23/07/2026,240,680.63,
OC-2026-000875,23/04/2026,formulario,Refrigeracao Vale Verde,MG,TV,UQ-7550PSF,UQ75814650,,"Manchas escuras no canto inferior direito da tela, cliente relata que aumentaram.",,Media,EM ATENDIMENTO,,120,,
OC-2026-000046,2026-05-01 12:35,E-mail,Atlas Manutencao de Equipamentos,GO,Geladeira,GT39SSP,GT39266226,L2603A,"temperatura do gabinete alta, marcando 14 graus com regulagem no maximo",TEMP_ALTA_GABINETE,Alta,fechada,2026-05-15,72,909.54,
OC-2026-000496,2026-06-17,Formulario,MegaTec Reparos,BA,TV,NANO-75SQA,NANO408586,L2602C,nao liga de jeito nenhum,NAO_LIGA,Baixa,ABERTA,,240,,
OC-2026-000593,08/03/2026,email,Refrigeracao Vale Verde,MG,Ar-Condicionado,AC-D18MQ,ACD1280420,L2601A,"Baixa pressao no sistema, indicio de vazamento na linha.",,Baixa,fechada,20/03/2026,240,326.54,
OC-2026-001635,2026-06-03,email,Oficina Digital Campinas,SP,Ar-Condicionado,ACDUAL9K,ACDU405528,L2603A,nao liga de jeito nenhum,,Media,Fechada,2026-06-08,120,260.55,
OC-2026-001229,2026-04-07,E-mail,Eletro Servicos Andrade ME,SP,Maquina de Lavar,WM-T13BW,WMT1583620,,aparece codigo de erro no visor e para tudo,,Baixa,aberta,,240,,
OC-2026-001871,2026-08-12 19:32,formulario,MEGATEC,BA,Geladeira,gc-b247sluv,GCB2580284,L2607B,Cliente relata que apos cerca de dois meses de uso o gabinete parou de refrigerar. Placa de controle suspeita.,TEMP_ALTA_GABINETE,Alta,fechada,2026-08-15 07:59,72,673.19,
OC-2026-001337,2026-08-01,E-mail,Tecnoar Servicos Eireli,RJ,TV,OLED-55C4,OLED604397,L2605B,aparece codigo de erro no visor e para tudo,,Baixa,Fechado,2026-08-18,240,792.0,
OC-2026-000877,2026-05-11,Formulario,Assist Tec Silva,SP,Geladeira,GC-L257,GCL2243363,,"Ruido intermitente na parte traseira, cliente relata que piorou nas ultimas semanas.",RUIDO_COMPRESSOR,Media,FECHADA,12-05-2026 13:05,120,969.93,
OC-2026-000864,16/08/2026,FORM,A.T. SILVA LTDA,SP,Maquina de Lavar,wd-11wv,WD11947032,L2604A,Cliente relata que a agua nao drena ao final do ciclo.,,,aberta,,120,,
OC-2026-002035,2026-05-28,planilha_parceiro,MegaTec Reparos Ltda,BA,Maquina de Lavar,wd-11wv,WD11685223,L2604B,"nao centrifuga, roupa sai encharcada",NAO_CENTRIFUGA,Baixa,Aberta,,240,,
OC-2026-000706,08/06/2026,email,Atlas Manutencao,GO,Geladeira,GC-L257,GCL2277333,L2604C,Gabinete quente. Cliente ja verificou vedacao da porta.,TEMP_ALTA_GABINETE,Media,FECHADA,2026-06-22,120,1092.12,
OC-2026-000952,2026-07-10,Formulario,Oficina Digital Campinas,SP,Geladeira,GT-39SSP,GT39795173,,"porta nao fecha direito, fica uma frta",,Alta,FECHADA,16/07/2026,72,723.63,
OC-2026-000455,2026-08-26,E-mail,Oficina Digital,SP,TV,UQ-7550PSF,UQ75326313,L2607B,aparece codigo de erro no visor e para tudo,,Critica,Fechada,2026-09-16,72,879.95,
OC-2026-001441,09/07/2026,Planilha Parceiro,Refrig Vale Verde,MG,TV,NANO-75SQA,NANO283179,,Audio ausente pelos alto-falantes internos. Saida optica funciona.,SEM_AUDIO,,Fechada,2026-07-30,120,233.16,
OC-2026-001473,2026-05-15,email,Eletro Nordeste Assistencia,PE,Monitor,27UP550,27UP865434,L2602B,a tela fica piscando o tempo todo,,Alta,Fechado,2026-05-22,72,371.05,
OC-2026-001705,23/04/2026,email,Assistencia Tecnica Silva Ltda,SP,Monitor,34-WP65C,34WP122489,L2603B,nao liga de jeito nenhum,NAO_LIGA,Media,FECHADA,2026-05-14,120,476.6,
OC-2026-001371,2026-08-05 11:03,Formulario,Eletro Servicos Andrade ME,SP,TV,NANO-75SQA,NANO291510,L2605A,apareceu umas linhas verticais na tela,LINHAS_TELA,Baixa,FECHADA,2026-08-23,240,2194.74,
OC-2026-001939,2026-05-20,Planilha Parceiro,ATLAS MANUT EQUIP,GO,Ar-Condicionado,AC S12TQ,ACS1862170,,"Baixa pressao no sistema, indicio de vazamento na linha.",VAZAMENTO_GAS,Baixa,reaberta,,240,339.14,OC-2026-000616
OC-2026-000721,07-03-2026 07:28,E-mail,TECNOAR,RJ,TV,NANO-75SQA,NANO663414,,,LINHAS_TELA,,FECHADA,2026-03-25,120,2385.16,
OC-2026-000601,2026-03-13,Planilha Parceiro,Sul Service,RS,Maquina de Lavar,WM-T13BW,WMT1146602,,Display apresenta codigo de erro intermitente. Cliente ja tentou reset.,,,AGUARDANDO PECA,,72,546.99,
OC-2026-000240,2026-05-07,Planilha Parceiro,Eletro Nordeste,PE,Ar-Condicionado,ACD18MQ,ACD1559965,L2603C,"Aparelho nao liga. Tomada testada com outro equipamento, energia OK.",RUIDO_UNIDADE_EXTERNA,Baixa,ABERTA,,240,,
OC-2026-000693,26/05/2026,planilha_parceiro,Refrig Vale Verde,MG,Geladeira,GT-39SSP,GT39330561,,"Porta desalinhada, borracha de vedacao solta em um dos cantos.",PORTA_DESALINHADA,Baixa,Fechado,23/06/2026,240,48.42,
OC-2026-001858,2026-08-12,Planilha Parceiro,Sul Service Eletrodomesticos,RS,Geladeira,GC-B247SLUV,GCB2633150,L2605B,"geladeira nova parou de funcionar, o motor fica ligando e desligando toda hora e nao gela",,Alta,FECHADA,2026-08-24,72,858.06,
OC-2026-000983,2026-06-09,E-mail,Refrigeracao Vale Verde,MG,Geladeira,GT39SSP,GT39729659,L2603B,"vazamento constante, cliente teve que colocar pano embaixo",PORTA_DESALINHADA,Alta,ABERTA,,72,,
OC-2026-001060,2026-06-30 09:09,email,NORTE ELETRO SERVICOS LTDA,CE,Monitor,24MP400,24MP925429,L2605C,Mensagem de ausencia de sinal. Cliente testou dois cabos diferentes.,TELA_ESCURA,Critica,aberta,,72,,
OC-2026-001024,2026-06-24,formulario,Norte Eletro Servicos,CE,Ar-Condicionado,AC-D18MQ,ACD1334282,L2603B,"Aparelho nap liga. Tomada testada com outro equipamento, energia OK.",NAO_LIGA,Media,Em atendimento,,120,,
OC-2026-000632,2026-06-09,E-mail,Refrigeracao Vale Verde,MG,TV,OLED55C4,OLED133855,,risco na tela do lado esquerdo,SEM_AUDIO,Media,fechada,2026-06-17,120,521.56,
OC-2026-000979,22/05/2026,Formulario,Eletro Servicos Andrade ME,SP,Monitor,24-MP400,24MP871422,L2602C,"Manchas escuras no canto inferior direito da tela, cliente relata que aumentaram.",,,FECHADA,13/06/2026,72,316.08,
OC-2026-001652,21/03/2026,E-mail,ELETRO SERV ANDRADE,SP,Ar-Condicionado,AC DUAL 9K,ACDU558534,L2602C,"Unidade externa com ruido alto durante a operacao, vizinhos reclamaram.",,Critica,FECHADA,03/04/2026,72,281.03,
OC-2026-001424,21-03-2026 16:14,planilha_parceiro,Prisma Assist Tecnica,PR,Ar-Condicionado,ACS12TQ,ACS1768225,L2612B,"Baixa pressao no sistema, indicio de vazamento na linha.",VAZAMENTO_GAS,Baixa,Fechada,03/04/2026,240,707.44,
OC-2026-000474,04-06-2026 12:36,Formulario,NORTE ELETRO SERVICOS LTDA,CE,Geladeira,GC-L257FLQ,GCL2681500,L2603A,"Porta desalinhada, borracha de vedacao solta em um dos cantos.",,Alta,Fechado,2026-06-14,72,498.93,
OC-2026-001394,,Planilha Parceiro,MEGATEC,BA,Geladeira,GT-39SSP,GT39434762,L2604C,vazando agua embaixo do aparelho,,Baixa,ABERTA,,240,,
OC-2026-001216,21/06/2026,formulario,REFRIGERACAO VALE VERDE LTDA,MG,TV,NANO75SQA,NANO959580,,"Aparelho nao liga. Tomada testada com outro equipamento, energia OK.",,,Fechado,14/07/2026,72,302.15,
OC-2026-001632,2026-08-25,Formulario,Tecnoar Servicos Eireli,RJ,Geladeira,GCL257FLQ,GCL2515810,L2605A,"A parte de baixo nao gela mais, o freezer ainda funciona normal.",PORTA_DESALINHADA,Media,fechada,2026-09-01,120,97.88,
OC-2026-000025,30/07/2026,E-mail,Tecnoar Servicos,RJ,TV,NANO75SQA,NANO189767,,Controle remoto sem resposta. Aparelho responde aos botoes fisicos.,CONTROLE_NAO_RESPONDE,Media,fechada,2026-08-13 15:25,120,56.75,
OC-2026-001314,28/05/2026,Planilha Parceiro,NORTE ELETRO SERVICOS LTDA,CE,Maquina de Lavar,WD11WV,WD11946795,L2603A,Cliente relata que a agua nao drena ao final do ciclo.,,Baixa,AGUARDANDO PECA,,240,606.44,
OC-2026-001845,2026-07-28,Formulario,MegaTec Reparos,BA,Geladeira,GCB247SLUV,GCB2999887,L2606C,"parou de gelar do nada, produto tem pouco tempo de uso. tecnico falou que e a placa",RUIDO_COMPRESSOR,Alta,fechada,2026-08-16 12:29,72,1231.95,
OC-2026-001329,2026-06-29 17:07,email,REFRIGERACAO VALE VERDE LTDA,MG,TV,OLED55C4,OLED414946,L2605A,Controle remoto sem resposta. Aparelho responde aos botoes fisicos.,CONTROLE_NAO_RESPONDE,Media,fechada,11/07/2026,120,151.26,
OC-2026-001945,2026-08-13,FORM,ATLAS MANUT EQUIP,GO,TV,OLED55C4,OLED602087,L2605B,tela preta mas o som funciona,TELA_ESCURA,Baixa,REABERTA,,240,725.47,OC-2026-001561
OC-2026-001923,2026-07-22 15:13,E-mail,Eletro Nordeste,PE,Maquina de Lavar,WM F60BW,WMF6854655,L2604C,"agua vazando na parte de tras, mangueira solta",VAZAMENTO_AGUA,Media,Fechada,19/08/2026,120,42.75,
OC-2026-001870,2026-08-12,email,Sul Service Eletrodomesticos,RS,Geladeira,GC B247SLUV,GCB2171848,L2607B,"parou de gelar do nada, produto tem pouco tempo de uso. tecnico falou que e a placa",TEMP_ALTA_GABINETE,Critica,fechada,2026-08-26,72,845.94,
OC-2026-001717,2026-03-09,Formulario,REFRIGERACAO VALE VERDE LTDA,MG,Maquina de Lavar,WM-T13BW,WMT1739313,L2612A,Display apresenta codigo de erro intermitente. Cliente ja tentou reset.,,Alta,FECHADA,2026-03-30,72,471.53,
OC-2026-001576,2026-07-26,Planilha Parceiro,ELETRO NORDESTE ASSIST LTDA,PE,TV,OLED55C4,OLED466121,,"morreu do nada, nao acende nem a luzinha",,Baixa,ABERTA,,240,,
OC-2026-000396,19/03/2026,FORM,Tecnoar Servicos Eireli,RJ,TV,oled55c4,OLED540178,L2612B,nao liga de jeito nenhum,,Baixa,Fechada,2026-04-07,240,281.67,
OC-2026-001360,17-08-2026 11:19,E-mail,Norte Eletro Servicos,CE,TV,NANO-75SQA,NANO845406,L2604C,apareceu umas linhas verticais na tela,LINHAS_TELA,Baixa,em_atendimento,,240,,
OC-2026-001828,2026-06-28,E-mail,Assist Tec Silva,SP,Geladeira,GC B247SLUV,GCB2362358,L2606A,Cliente relata que apos cerca de dois meses de uso o gabinete parou de refrigerar. Placa de controle suspeita.,RUIDO_COMPRESSOR,Critica,FECHADA,10/07/2026,72,1209.52,
OC-2026-001578,2026-07-13,Formulario,TECNOAR,RJ,Monitor,34WP65C,34WP252609,L2605A,apareceu umas linhas verticais na tela,FLICKER,Baixa,aberta,,240,,
OC-2026-001711,2026-03-24,Formulario,MEGATEC,BA,Monitor,27UP550,27UP340156,L2601C,aparece sem sinal na tela mesmo com o cabo ligado,TELA_ESCURA,Baixa,Fechado,01/04/2026,240,763.29,
OC-2026-000290,11/05/2026,Planilha Parceiro,Eletro Nordeste,PE,Ar-Condicionado,ACD18MQ,ACD1331911,L2604B,"Unidade externa com ruido alto durante a operacao, vizinhos reclamaram.",,Media,Fechada,03/06/2026,120,455.63,
OC-2026-001715,06/07/2026,Planilha Parceiro,assistencia tecnica silva,SP,Maquina de Lavar,wd-11wv,WD11261607,L2604C,Maquina completa o ciclo mas nao centrifuga.,,Baixa,Fechada,28/07/2026,240,913.06,
OC-2026-000619,,Formulario,ELETRO SERV ANDRADE,SP,Ar-Condicionado,AC DUAL 9K,ACDU734955,L2605B,"Unidade externa com ruido alto durante a operacao, vizinhos reclamaram.",,Media,Aberta,,120,,
OC-2026-000808,2026-05-06,Formulario,ATLAS MANUT EQUIP,GO,TV,NANO-75SQA,NANO601663,,sem som nenhum,SEM_AUDIO,Critica,fechada,2026-05-11,72,364.08,
OC-2026-000481,2026-05-25,formulario,Atlas Manutencao de Equipamentos,GO,Ar-Condicionado,ACDUAL9K,ACDU706296,L2603C,"Aparelho nao liga. Tomada testada com outro equipamento, energia OK.",,Critica,Fechado,2026-05-30,72,737.52,
OC-2026-001134,2026-08-14 09:23,Formulario,MegaTec Reparos Ltda,BA,Monitor,24-MP400,24MP599267,,"Aparelho nao liga. Tomada testada com outro equipamento, energia OK.",NAO_LIGA,Media,Fechada,2026-08-29,120,800.23,
OC-2026-001351,2026-07-14,E-mail,Norte Eletro,CE,Maquina de Lavar,WM-T13BW,WMT1344765,,agua fica parada no tambor,NAO_DRENA,Critica,Fechada,2026-07-23,72,291.39,
OC-2026-000050,2026-04-28,Formulario,Central Reparos Band.,SP,Geladeira,GC-L257,GCL2828715,L2601B,"porta nao fecha direito, fica uma fresta",PORTA_DESALINHADA,Critica,aberta,,72,,
OC-2026-001502,31/05/2026,E-mail,Central Reparos Band.,SP,Geladeira,GT39SSP,GT39648180,L2604B,"Aparelho nao liga. Tomada testada com outro equipamento, energia OK.",PORTA_DESALINHADA,Media,Fechada,2026-06-07,120,118.73,
OC-2026-000489,2026-05-08 18:56,E-mail,Norte Eletro Servicos,CE,Ar-Condicionado,AC-S12TQ,ACS1551023,L2603A,nao resfria mais,NAO_RESFRIA,Baixa,Fechado,2026-05-17,240,681.61,
OC-2026-000892,2026-03-13,Formulario,Tecnoar Servicos Eireli,RJ,Ar-Condicionado,ACD18MQ,ACD1243020,L2612B,nao resfria mais,,Baixa,AGUARDANDO PECA,,240,933.07,
OC-2026-001486,2026-04-07,Formulario,SUL SERVICE ELETRO,RS,Geladeira,GC-L257,GCL2874399,L2601B,nao gela nada,,Media,Fechado,2026-04-19,120,648.86,
OC-2026-001490,22/04/2026,Formulario,Sul Service,RS,Monitor,27-UP550,27UP151026,L2603C,Mensagem de ausencia de sinal. Cliente testou dois cabos diferentes.,SEM_SINAL,Alta,AGUARDANDO PECA,,72,166.75,
OC-2026-000921,2026-07-09,Planilha Parceiro,ATLAS MANUT EQUIP,GO,TV,UQ7550PSF,UQ75711190,L2604B,"Manchas escuras no canto inferior direito da tela, cliente relata que aumentaram.",,Alta,FECHADA,2026-07-15,72,760.9,
OC-2026-001574,2026-08-06,E-mail,Refrigeracao Vale Verde,MG,Geladeira,GT-39SSP,GT39884875,L2604B,Cliente relata que a geladeira nao esta refrigerando ha 3 dias. Alimentos estragaram.,NAO_GELA,,FECHADA,2026-08-25,72,1023.99,
OC-2026-001924,,Formulario,Eletro Nordeste Assistencia,PE,Maquina de Lavar,WM-F60BW,WMF6134313,L2604A,Cliente relata vazamento desde o primeiro uso. Verificada conexao de entrada fora do padrao.,VAZAMENTO_AGUA,Media,Fechado,2026-08-12,120,126.23,
OC-2026-000098,2026-07-09,planilha_parceiro,OFICINA DIGITAL CAMPINAS ME,SP,Maquina de Lavar,WM-T13BW,WMT1633672,,nao liga de jeito nenhum,,Alta,aguardando_peca,,72,490.74,
OC-2026-001606,04/05/2026,Formulario,Tecnoar Servicos,RJ,Geladeira,GT-39SSP,GT39524538,L2603C,"Aparelho nao liga. Tomada testada com outro equipamento, energia OK.",,Media,Em atendimento,,120,,
OC-2026-001485,06/04/2026,Planilha Parceiro,Tecnoar Servicos,RJ,TV,UQ7550PSF,UQ75963885,L2603C,sem som nenhum,SEM_AUDIO,Alta,FECHADA,25/04/2026,72,412.85,
OC-2026-002002,2026-05-14,Planilha Parceiro,NORTE ELETRO SERVICOS LTDA,CE,Geladeira,GT-39SSP,GT39702436,L2603C,"Aparelho nao liga. Tomada testada com outro equipamento, energia OK.",,Baixa,REABERTA,,240,843.39,OC-2026-000274
OC-2026-000389,2026-04-09,Formulario,Eletro Servicos Andrade,SP,Geladeira,GT-39SSP,GT39427892,L2603A,"vazamento constante, cliente teve que colocar pano embaixo",VAZAMENTO_AGUA,Alta,EM ATENDIMENTO,,72,,
OC-2026-001600,27-04-2026 09:43,planilha_parceiro,ELETRO NORDESTE ASSIST LTDA,PE,Geladeira,GC-L257,GCL2706874,L2602B,"morreu do nada, nao acende nem a luzinha",NAO_LIGA,Alta,Aguardando peca,,72,954.73,
OC-2026-000751,13/04/2026,E-mail,Tecnoar Servicos Eireli,RJ,Geladeira,GT-39SSP,GT39919449,,Cliente relata poca de agua no chao apos o uso.,,Baixa,fechada,2026-04-15,240,607.26,
OC-2026-000804,27-06-2026 16:05,formulario,NORTE ELETRO SERVICOS LTDA,CE,Maquina de Lavar,WM-F60BW,WMF6730067,L2603A,"nao escoa a agua, fica cheia",,Baixa,Fechado,04/07/2026,240,507.31,
OC-2026-000205,2026-07-05,Formulario,ELETRO NORDESTE ASSIST LTDA,PE,Ar-Condicionado,ACDUAL9K,ACDU417558,,Controle remoto sem resposta. Aparelho responde aos botoes fisicos.,,Media,Aberta,,120,,
OC-2026-000225,2026-07-08,FORM,TECNOAR,RJ,Geladeira,GC-L257FLQ,GCL2553978,,"Porta desalinhada, borracha de vedacao solta em um dos cantos.",VAZAMENTO_AGUA,Media,FECHADA,2026-07-23,120,215.88,
OC-2026-000016,2026-08-11,Formulario,Eletro Nordeste,PE,TV,NANO-75SQA,NANO944756,,Sem imagem. Audio presente. Cliente ja testou outra fonte de video.,TELA_ESCURA,,Fechada,2026-09-03,72,1137.86,
OC-2026-000652,2026-05-11,email,Assistencia Tecnica Silva Ltda,SP,Geladeira,GC-L257,GCL2214579,L2603B,"morreu do nada, nao acende nem a luzinha",,Media,FECHADA,2026-05-14,120,710.12,
OC-2026-001601,16/03/2026,E-mail,Sul Service,RS,Geladeira,GC-L257FLQ,GCL2223797,L2612C,"A parte de baixo nao gela mais, o freezer ainda funciona normal.",,Media,em_atendimento,,120,,
OC-2026-001658,2026-06-26,Planilha Parceiro,Sul Service,RS,Ar-Condicionado,AC S12TQ,ACS1121379,L2603A,,,Media,Fechada,2026-07-01 13:57,120,856.76,
OC-2026-001683,11/03/2026,E-mail,SUL SERVICE ELETRO,RS,TV,NANO-75SQA,NANO461681,L2601A,sem som nenhum,,Critica,aguardando_peca,,72,937.58,
OC-2026-001506,22/08/2026,Planilha Parceiro,MEGATEC,BA,TV,UQ-7550PSF,UQ75565411,L2604C,tela preta mas o som funciona,,,Aberta,,72,,
OC-2026-001831,10-06-2026 11:34,Formulario,CENTRAL REPAROS BANDEIRANTES SA,SP,Geladeira,gc-b247sluv,GCB2878943,L2606A,Perda progressiva de refrigeracao em produto recente. Compressor liga mas nao sustenta a temperatura.,,Alta,fechada,12/06/2026,72,873.21,
OC-2026-001890,2026-08-17,Formulario,A.T. SILVA LTDA,SP,Geladeira,GCB247SLUV,GCB2416638,L2606B,Equipamento com aproximadamente 70 dias de uso apresentou perda total de refrigeracao. Compressor em ciclo curto.,,Alta,Fechada,2026-08-28,72,746.36,
OC-2026-001328,01/05/2026,email,Norte Eletro Servicos,CE,Geladeira,GC-L257,GCL2803151,L2602C,,RUIDO_COMPRESSOR,Baixa,EM ATENDIMENTO,,240,,
OC-2026-000839,2026-08-26,Formulario,Refrig Vale Verde,MG,Geladeira,GC-L257FLQ,GCL2358290,L2605B,"Ruido intermitente na parte traseira, cliente relata que piorou nas ultimas semanas.",RUIDO_COMPRESSOR,Baixa,Fechada,01/09/2026,240,1052.67,
OC-2026-000488,2026-05-17,E-mail,CENTRAL REPAROS BANDEIRANTES SA,SP,Maquina de Lavar,WM-T13BW,WMT1754238,,aparece codigo de erro no visor e para tudo,ERRO_DISPLAY,Alta,Fechada,2026-06-01,72,311.19,
OC-2026-000399,2026-07-14 09:33,email,Eletro Servicos Andrade,SP,Monitor,24-MP400,24MP429165,L2603C,a tela fica piscando o tempo todo,FLICKER,Media,Em atendimento,,120,,
OC-2026-000218,2026-04-13,formulario,Atlas Manutencao,GO,TV,UQ7550PSF,UQ75506465,L2601A,aparece codigo de erro no visor e para tudo,ERRO_DISPLAY,Critica,Fechado,04/05/2026,72,178.94,
OC-2026-001061,07/05/2026,E-mail,PRISMA AT,PR,Ar-Condicionado,ACDUAL9K,ACDU254768,L2602C,nao resfria mais,NAO_RESFRIA,Media,Fechada,2026-05-28 12:29,120,908.87,
OC-2026-000946,2026-04-02,Formulario,Prisma Assist Tecnica,PR,Geladeira,GC-L257FLQ,GCL2364395,L2602C,nao gela nada,NAO_GELA,Media,em_atendimento,,120,,
OC-2026-001686,2026-07-30,E-mail,Central Reparos Band.,SP,Maquina de Lavar,WMT13BW,WMT1838802,,vazando agua embaixo do aparelho,VAZAMENTO_AGUA,Baixa,Fechado,2026-08-26,240,145.28,
OC-2026-001742,2026-03-12,Formulario,MegaTec Reparos Ltda,BA,Ar-Condicionado,ACD18MQ,ACD1536688,,"Unidade externa com ruido alto durante a operacao, vizinhos reclamaram.",,Media,Fechado,2026-03-08,120,898.83,
OC-2026-000910,04/06/2026,E-mail,Prisma Assist Tecnica,PR,TV,UQ7550PSF,UQ75918098,,"controle nao funciona mais, ja troquei a pilha",CONTROLE_NAO_RESPONDE,Baixa,Fechado,23/06/2026,240,52.8,
OC-2026-000107,2026-06-27,FORM,NORTE ELETRO SERVICOS LTDA,CE,Geladeira,GT39SSP,GT39257802,L2605B,esquentou tudo dentro,TEMP_ALTA_GABINETE,Alta,aguardando_peca,,72,763.53,
OC-2026-001084,2026-05-02,E-mail,SUL SERVICE ELETRO,RS,Maquina de Lavar,WMT13BW,WMT1724758,L2602B,nao liga de jeito nenhum,,Alta,AGUARDANDO PECA,,72,364.15,
OC-2026-002014,2026-05-28,Planilha Parceiro,ELETRO NORDESTE ASSIST LTDA,PE,Maquina de Lavar,WD-11WV,WD11821481,L2603A,Display apresenta codigo de erro intermitente. Cliente ja tentou reset.,,Baixa,ABERTA,,240,552.48,
OC-2026-001372,2026-03-05,Formulario,MegaTec Reparos,BA,Monitor,34-WP65C,34WP452982,L2601C,"Manchas escuras no canto inferior direito da tela, cliente relata que aumentaram.",,Baixa,Fechado,2026-03-10,240,531.28,
OC-2026-001514,22-07-2026 19:05,Planilha Parceiro,Atlas Manutencao,GO,Monitor,34-WP65C,34WP950044,L2606B,risco na tela do lado esquerdo,LINHAS_TELA,Media,aguardando_peca,,120,2209.64,
OC-2026-001798,06/03/2026,Planilha Parceiro,Central Reparos Bandeirantes,SP,Maquina de Lavar,WM-T13BW,WMT1535053,L2602C,agua fica parada no tambor,NAO_DRENA,Media,fechada,08/03/2026,120,302.85,
OC-2026-000490,16/05/2026,E-mail,Norte Eletro,CE,Geladeira,gc-b247sluv,GCB2486772,,"porta nao fecha direito, fica uma fresta",,Alta,fechada,01/06/2026,72,579.56,
OC-2026-001044,2026-05-10,FORM,Refrig Vale Verde,MG,Maquina de Lavar,wd-11wv,WD11486137,L2601A,Maquina completa o ciclo mas nao centrifuga.,,Media,Fechada,2026-06-05 18:28,120,911.35,
OC-2026-000945,04/03/2026,email,Tecnoar Servicos,RJ,Ar-Condicionado,AC S12TQ,ACS1836775,L2612B,"Unidade externa com ruido alto durante a operacao, vizinhos reclamaram.",RUIDO_UNIDADE_EXTERNA,Baixa,fechada,15/03/2026,240,502.74,
OC-2026-000239,2026-03-13,Formulario,ELETRO SERV ANDRADE,SP,TV,OLED55C4,OLED432968,L2612A,apareceu umas linhas verticais na tela,LINHAS_TELA,Critica,em_atendimento,,72,,
OC-2026-001389,04/06/2026,Formulario,Eletro Servicos Andrade,SP,Ar-Condicionado,AC-DUAL9K,ACDU110585,L2604C,"controle nao funciona mais, ja troquei a pilha",,,AGUARDANDO PECA,,72,752.88,
OC-2026-001966,2026-08-04,Planilha Parceiro,Refrigeracao Vale Verde,MG,Geladeira,GCL257FLQ,GCL2709857,L2606B,vazando agua embaixo do aparelho,,Baixa,REABERTA,,240,304.21,OC-2026-001350
OC-2026-001552,21/04/2026,email,REFRIGERACAO VALE VERDE LTDA,MG,Geladeira,GCL257FLQ,GCL2501037,L2602C,"Aparelho nao liga. Tomada testada com outro equipamento, energia OK.",NAO_LIGA,,Fechado,2026-04-27,72,656.36,
OC-2026-000748,2026-07-23,Planilha Parceiro,Refrig Vale Verde,MG,Maquina de Lavar,WD-11WV,WD11784607,L2605C,nao liga de jeito nenhum,NAO_LIGA,Alta,fechada,2026-08-15,72,316.19,
OC-2026-000764,2026-06-08,Formulario,Oficina Digital,SP,Geladeira,GT39SSP,GT39583710,L2602A,"temperatura do gabinete alta, marcando 14 graus com regulagem no maximo",,Baixa,Fechada,10/06/2026,240,598.48,
OC-2026-001301,2026-04-25,Formulario,REFRIGERACAO VALE VERDE LTDA,MG,Maquina de Lavar,WM-T13BW,WMT1675326,L2601B,vazando agua embaixo do aparelho,,Media,em_atendimento,,120,,
OC-2026-000053,2026-06-27,Formulario,ELETRO NORDESTE ASSIST LTDA,PE,Maquina de Lavar,WD-11WV,WD11295763,L2605C,vazando agua embaixo do aparelho,NAO_DRENA,Baixa,AGUARDANDO PECA,,240,113.78,
OC-2026-002003,,email,PRISMA AT,PR,Monitor,27UP550,27UP462343,,"Aparelho nao liga. Tomada testada com outro equipamento, energia OK.",,Media,reaberta,,120,969.42,OC-2026-001239
OC-2026-001391,04/04/2026,Planilha Parceiro,MegaTec Reparos Ltda,BA,TV,oled55c4,OLED355898,L2601A,sem som nenhum,,,FECHADA,2026-04-29,120,380.29,
OC-2026-001859,2026-08-11,formulario,Sul Service,RS,Geladeira,GC-B247SLUV,GCB2319509,L2606B,Perda progressiva de refrigeracao em produto recente. Compressor liga mas nao sustenta a temperatura.,NAO_GELA,Media,FECHADA,20-08-2026 11:59,120,681.07,
OC-2026-000394,2026-06-20,Formulario,NORTE ELETRO SERVICOS LTDA,CE,TV,UQ7550PSF,UQ75547276,L2605C,Controle remoto sem resposta. Aparelho responde aos botoes fisicos.,CONTROLE_NAO_RESPONDE,Baixa,fechada,08-07-2026 10:09,240,101.94,
OC-2026-000164,31/03/2026,Formulario,MEGATEC,BA,Maquina de Lavar,wd-11wv,WD11828750,,aparece codigo de erro no visor e para tudo,NAO_DRENA,Alta,Fechado,2026-04-07 12:07,72,244.83,
OC-2026-001064,2026-07-19 13:46,Formulario,Refrig Vale Verde,MG,Ar-Condicionado,ACS12TQ,ACS1209444,,"suspeita de vazamento de gas, aparelho gela pouco",VAZAMENTO_GAS,,Fechada,2026-07-24,120,655.6,
OC-2026-001188,2026-05-28,Planilha Parceiro,assistencia tecnica silva,SP,TV,NANO-75SQA,NANO299447,L2603B,"Aparelho nao liga. Tomada testada com outro equipamento, energia OK.",,Baixa,Fechado,2026-05-30,240,881.83,
OC-2026-001882,2026-08-04,FORM,MEGATEC,BA,Geladeira,GCB247SLUV,GCB2197832,L2606C,"parou de gelar do nada, produto tem pouco tempo de uso. tecnico falou que e a placa",RUIDO_COMPRESSOR,Alta,fechada,07/08/2026,72,983.4,
OC-2026-000390,2026-03-12,Planilha Parceiro,ELETRO NORDESTE ASSIST LTDA,PE,Ar-Condicionado,AC-DUAL9K,ACDU650502,L2611C,"suspeita de vazamento de gas, aparelho gela pouco",VAZAMENTO_GAS,Media,Fechado,2026-03-23,120,818.48,
OC-2026-001190,2026-06-14,Formulario,REFRIGERACAO VALE VERDE LTDA,MG,Geladeira,GCL257FLQ,GCL2719406,L2603B,"barulho estranho no compressor, parece que trava",RUIDO_COMPRESSOR,,Fechado,2026-07-10 14:52,120,669.46,
OC-2026-001565,2026-03-25,FORM,Central Reparos Band.,SP,Ar-Condicionado,AC DUAL 9K,ACDU115772,L2602C,,NAO_RESFRIA,Media,fechada,2026-04-20,120,726.94,
OC-2026-001221,2026-07-07,email,Prisma Assistencia Tecnica,PR,TV,NANO75SQA,NANO107869,L2604A,sem som nenhum,ERRO_DISPLAY,Alta,fechada,2026-07-28,72,377.96,
OC-2026-000816,26/07/2026,email,REFRIGERACAO VALE VERDE LTDA,MG,Ar-Condicionado,ACS12TQ,ACS1620537,L2605A,nao liga de jeito nenhum,RUIDO_UNIDADE_EXTERNA,Baixa,aguardando_peca,,240,491.16,
OC-2026-000376,2026-08-12,Planilha Parceiro,Assist Tec Silva,SP,Ar-Condicionado,AC DUAL 9K,ACDU944931,,"morreu do nada, nao acende nem a luzinha",NAO_LIGA,Critica,FECHADA,2026-08-27,72,598.73,
OC-2026-001875,23/08/2026,Planilha Parceiro,Refrigeracao Vale Verde,MG,Geladeira,GC-B247SLUV,GCB2793107,L2607B,"aparelho com 2 meses, gelou normal no comeco e depois foi perdendo, agora nao gela mais nada",RUIDO_COMPRESSOR,Alta,aberta,,72,881.31,
OC-2026-001575,2026-07-12,Planilha Parceiro,Norte Eletro,CE,Maquina de Lavar,wd-11wv,WD11589638,,ta pingando agua na parte de tras,,Baixa,em_atendimento,,240,,
OC-2026-001063,23/03/2026,Formulario,MEGATEC,BA,Geladeira,GT-39SSP,GT39854666,L2611C,esquentou tudo dentro,,Alta,AGUARDANDO PECA,,72,512.16,
OC-2026-000829,2026-05-17,Formulario,Atlas Manutencao,GO,TV,UQ-7550PSF,UQ75738250,L2604A,nao liga de jeito nenhum,,Alta,Fechada,2026-05-22,72,598.37,
OC-2026-000439,18/05/2026,Formulario,Assist Tec Silva,SP,Monitor,27UP550,27UP179332,L2603A,"Manchas escuras no canto inferior direito da tela, cliente relata que aumentaram.",LINHAS_TELA,Baixa,fechada,25/05/2026,240,945.07,
OC-2026-001386,2026-03-01,Formulario,OFICINA DIGITAL CAMPINAS ME,SP,Maquina de Lavar,WMT13BW,WMT1248331,L2611B,aparece codigo de erro no visor e para tudo,,,em_atendimento,,72,,
OC-2026-000236,28/04/2026,FORM,Atlas Manutencao de Equipamentos,GO,Maquina de Lavar,WD11WV,WD11501702,,ta pingando agua na parte de tras,VAZAMENTO_AGUA,Baixa,aguardando_peca,,240,310.45,
OC-2026-001499,2026-05-27,formulario,NORTE ELETRO SERVICOS LTDA,CE,TV,oled55c4,OLED228275,L2603A,aparece codigo de erro no visor e para tudo,,Media,fechada,22/06/2026,120,501.05,
OC-2026-001343,2026-08-21,FORM,OFICINA DIGITAL CAMPINAS ME,SP,Geladeira,GCL257FLQ,GCL2471805,,,,,fechada,14/09/2026,72,781.99,
OC-2026-000612,2026-07-12,Formulario,Central Reparos Bandeirantes,SP,Geladeira,GC-L257,GCL2158269,L2603B,"nao ta gelando direito desde semana passada, ja regulei o termostato e nao adiantou",,Baixa,fechada,2026-07-25,240,567.18,
OC-2026-001319,2026-07-31,formulario,Central Reparos Band.,SP,TV,oled55c4,OLED387340,,"controle nao funciona mais, ja troquei a pilha",,Alta,Fechado,2026-08-15,72,555.66,
OC-2026-000711,2026-08-11,Planilha Parceiro,Assist Tec Silva,SP,Ar-Condicionado,ACDUAL9K,ACDU577906,L2605B,"Aparelho nao liga. Tomada testada com outro equipamento, energia OK.",NAO_LIGA,,fechada,12/08/2026,72,952.38,
OC-2026-000201,2026-05-10,formulario,ELETRO SERV ANDRADE,SP,Maquina de Lavar,wd-11wv,WD11435409,L2602A,"nao escoa a agua, fica cheia",,Alta,EM ATENDIMENTO,,72,,
OC-2026-000253,2026-07-09,Planilha Parceiro,Eletro Nordeste Assistencia,PE,Geladeira,GT-39SSP,GT39205439,,"Ruido intermitente na parte traseira, cliente relata que piorou nas ultimas semanas.",,Alta,FECHADA,03/08/2026,72,966.61,
OC-2026-001592,2026-07-11,Planilha Parceiro,TECNOAR,RJ,Ar-Condicionado,ACS12TQ,ACS1365542,,"morreu do nada, nao acende nem a luzinha",,Baixa,FECHADA,2026-07-29,240,837.3,
OC-2026-001049,2026-06-02,Formulario,Assistencia Tecnica Silva Ltda,SP,Ar-Condicionado,AC-S12TQ,ACS1698424,L2604B,"Baixa pressao no sistema, indicio de vazamento na linha.",,Alta,AGUARDANDO PECA,,72,813.23,
OC-2026-000613,2026-05-16,email,Eletro Servicos Andrade ME,SP,Maquina de Lavar,wd-11wv,WD11970096,L2603C,aparece codigo de erro no visor e para tudo,ERRO_DISPLAY,Critica,Fechada,26/05/2026,72,205.22,
OC-2026-001182,2026-08-20,planilha_parceiro,Assist Tec Silva,SP,Monitor,34-WP65C,34WP526292,L2604C,Mensagem de ausencia de sinal. Cliente testou dois cabos diferentes.,SEM_SINAL,Critica,ABERTA,,72,,
OC-2026-002017,2026-07-28 14:49,email,Tecnoar Servicos,RJ,Geladeira,GT-39SSP,GT39912363,L2604A,nao esta ligando de jeito nenhum,,Alta,aberta,,72,577.38,
OC-2026-001808,2026-04-28,Formulario,CENTRAL REPAROS BANDEIRANTES SA,SP,Ar-Condicionado,AC-DUAL9K,ACDU756802,L2603A,condensadora fazendo muito barulho,RUIDO_UNIDADE_EXTERNA,Media,FECHADA,2026-05-25,120,716.47,
OC-2026-001054,2026-06-26,Formulario,ELETRO SERV ANDRADE,SP,Geladeira,GC-L257FLQ,GCL2155050,L2603A,"Aparelho nao liga. Tomada testada com outro equipamento, energia OK.",NAO_LIGA,Alta,FECHADA,23/07/2026,72,957.37,
OC-2026-000486,26/03/2026,email,TECNOAR,RJ,Maquina de Lavar,WD-11WV,WD11632986,L2601A,"nao escoa a agua, fica cheia",NAO_DRENA,Media,aguardando_peca,,120,172.4,
OC-2026-001787,27/03/2026,Planilha Parceiro,Central Reparos Bandeirantes,SP,Ar-Condicionado,ACS12TQ,ACS1829453,L2602B,nao liga de jeito nenhum,NAO_LIGA,Media,Fechada,07/04/2026,120,348.92,
OC-2026-001126,2026-05-08,Formulario,Prisma Assistencia Tecnica,PR,Geladeira,GCL257FLQ,GCL2754386,,"temperatura do gabinete alta, marcando 14 graus com regulagem no maximo",,Alta,FECHADA,20/05/2026,72,327.22,
OC-2026-001827,2026-06-19 17:36,Formulario,Assistencia Tecnica Silva Ltda,SP,Geladeira,gc-b247sluv,GCB2467592,L2607B,Perda progressiva de refrigeracao em produto recente. Compressor liga mas nao sustenta a temperatura.,NAO_GELA,Alta,fechada,2026-06-17,72,1026.42,
OC-2026-000352,2026-06-21,E-mail,A.T. SILVA LTDA,SP,Ar-Condicionado,ACD18MQ,ACD1508331,L2603A,nao resfria mais,NAO_RESFRIA,Alta,Fechado,2026-07-04,72,913.81,
OC-2026-000456,2026-04-16 14:08,formulario,Assistencia Tecnica Silva Ltda,SP,Maquina de Lavar,WMF60BW,WMF6972305,L2603C,Maquina completa o ciclo mas nao centrifuga.,NAO_CENTRIFUGA,Media,fechada,30/04/2026,120,341.32,
OC-2026-000533,31/08/2026,Formulario,Assist Tec Silva,SP,Geladeira,GT39SSP,GT39275959,L2605A,faz um barulho alto de tempos em tempos,PORTA_DESALINHADA,Media,em_atendimento,,120,,
OC-2026-000832,2026-04-02,E-mail,MegaTec Reparos Ltda,BA,Maquina de Lavar,WMT13BW,WMT1854710,L2601A,agua fica parada no tambor,NAO_DRENA,Media,EM ATENDIMENTO,,120,,
OC-2026-001350,22/07/2026,Formulario,MEGATEC,BA,Geladeira,GCL257FLQ,GCL2709857,L2606C,vazando agua embaixo do aparelho,,Alta,FECHADA,2026-07-31 15:01,72,755.79,
OC-2026-001684,22/06/2026,Formulario,Central Reparos Bandeirantes,SP,Maquina de Lavar,WM-F60BW,WMF6768792,,,NAO_DRENA,Baixa,Fechado,23/06/2026,240,266.19,
OC-2026-000578,2026-03-05,email,OFICINA DIGITAL CAMPINAS ME,SP,Geladeira,GC-L257FLQ,GCL2299840,,nao gela nada,NAO_GELA,Alta,FECHADA,2026-03-16,72,734.45,
OC-2026-000385,2026-05-20,FORM,MegaTec Reparos Ltda,BA,Maquina de Lavar,WMF60BW,WMF6975278,L2603B,Display apresenta codigo de erro intermitente. Cliente ja tentou reset.,ERRO_DISPLAY,Media,Aberta,,120,,
OC-2026-000094,2026-05-10,Formulario,SUL SERVICE ELETRO,RS,Maquina de Lavar,WMT13BW,WMT1101502,L2602A,Cliente relata que a agua nao drena ao final do ciclo.,,Baixa,aguardando_peca,,240,221.82,
OC-2026-000327,2026-04-06 16:34,Formulario,Central Reparos Bandeirantes,SP,Geladeira,GCL257FLQ,GCL2239917,,"porta nao fecha direito, fica uma fresta",NAO_GELA,Baixa,ABERTA,,240,,
OC-2026-001739,05/05/2026,Planilha Parceiro,Central Reparos Band.,SP,Geladeira,GCL257FLQ,GCL2617284,,"nao ta gelando direito desde semana passada, ja regulei o termostato e nao adiantou",NAO_GELA,Alta,fechada,2026-05-28,72,1166.81,
OC-2026-001062,02-04-2026 13:17,Planilha Parceiro,Refrigeracao Vale Verde,MG,TV,NANO75SQA,NANO874076,L2601C,aparece codigo de erro no visor e pra tudo,ERRO_DISPLAY,Alta,FECHADA,08/04/2026,72,158.81,
OC-2026-001267,2026-05-21,Planilha Parceiro,SUL SERVICE ELETRO,RS,TV,oled55c4,OLED593304,L2603C,erro no painel,,Alta,FECHADA,2026-06-09,72,269.86,
OC-2026-001634,2026-07-31,Formulario,Norte Eletro,CE,Geladeira,GC-L257,GCL2578178,L2604A,"Aparelho nap liga. Tomada testada com outro equipamento, energia OK.",NAO_LIGA,Media,Fechado,05/08/2026,120,776.14,
OC-2026-001189,2026-08-05 18:07,email,assistencia tecnica silva,SP,Monitor,34-WP65C,34WP898918,L2604B,,SEM_SINAL,Baixa,Fechada,2026-08-07,240,109.17,
OC-2026-002046,21/07/2026,Formulario,Central Reparos Bandeirantes,SP,Maquina de Lavar,WMT13BW,WMT1392896,,Display apresenta codigo de erro intermitente. Cliente ja tentou reset.,ERRO_DISPLAY,Alta,Aberta,,72,,
OC-2026-001533,2026-07-30 11:56,email,Sul Service,RS,Geladeira,GT39SSP,GT39397275,,"vazamento constante, cliente teve que colocar pano embaixo",VAZAMENTO_AGUA,Critica,ABERTA,,72,,
OC-2026-000049,17/03/2026,E-mail,Assist Tec Silva,SP,Ar-Condicionado,AC DUAL 9K,ACDU243914,L2612A,"controle nao funciona mais, ja troquei a pilha",NAO_RESFRIA,Media,Fechada,2026-03-22,120,1058.83,
OC-2026-000195,2026-07-17,E-mail,Sul Service,RS,Maquina de Lavar,WD11WV,WD11553887,L2604B,erro no painel,ERRO_DISPLAY,Media,AGUARDANDO PECA,,120,345.31,
OC-2026-001660,2026-05-05,planilha_parceiro,SUL SERVICE ELETRO,RS,Ar-Condicionado,AC S12TQ,ACS1887273,,"Baixa pressao no sistema, indicio de vazamento na linha.",,Media,EM ATENDIMENTO,,120,,
OC-2026-000011,17/07/2026,E-mail,Tecnoar Servicos Eireli,RJ,Maquina de Lavar,WMT13BW,WMT1533970,L2606C,"Aparelho nao liga. Tomada testada com outro equipamento, energia OK.",NAO_LIGA,Alta,Fechada,2026-07-25,72,589.2,
OC-2026-000294,10/04/2026,Formulario,A.T. SILVA LTDA,SP,Maquina de Lavar,WD-11WV,WD11831174,L2601C,nao liga de jeito nenhum,,Baixa,Fechado,2026-04-16,240,317.73,
OC-2026-001078,2026-06-16,email,Oficina Digital Campinas,SP,Monitor,34WP65C,34WP354231,,"morreu do nada, nao acende nem a luzinha",,Alta,fechada,2026-06-18 16:40,72,848.24,
OC-2026-002019,01/04/2026,Formulario,ATLAS MANUT EQUIP,GO,Maquina de Lavar,WD-11WV,WD11776151,L2601C,aparece codigo de erro no visor e para tudo,,,ABERTA,,72,872.71,
OC-2026-000282,17/08/2026,formulario,NORTE ELETRO SERVICOS LTDA,CE,Geladeira,GCL257FLQ,GCL2633756,L2606C,"Porta desalinhada, borracha de vedacao solta em um dos cantos.",,Media,Fechada,02/09/2026,120,258.16,
OC-2026-001691,17/05/2026,Formulario,PRISMA AT,PR,Geladeira,GT-39SSP,GT39292878,,nao gela nada,VAZAMENTO_AGUA,Critica,Fechada,2026-06-07,72,235.68,
OC-2026-001986,02/04/2026,Planilha Parceiro,Tecnoar Servicos Eireli,RJ,Maquina de Lavar,wd-11wv,WD11107398,L2603C,"nao centrifuga, roupa sai encharcada",NAO_CENTRIFUGA,Media,Reaberta,,120,,OC-2026-000681
OC-2026-001670,2026-06-17,Planilha Parceiro,PRISMA AT,PR,Geladeira,GT-39SSP,GT39840719,L2604B,"Aparelho nao liga. Tomada testada com outro equipamento, energia OK.",NAO_LIGA,Baixa,FECHADA,26-06-2026 19:37,240,805.05,
OC-2026-000734,01/04/2026,planilha_parceiro,SUL SERVICE ELETRO,RS,Maquina de Lavar,WD-11WV,WD11817150,L2612C,ta pingando agua na parte de tras,VAZAMENTO_AGUA,Alta,Fechada,2026-04-25,72,72.23,
OC-2026-001770,07/03/2026,Planilha Parceiro,MEGATEC,BA,Geladeira,GC-L257,GCL2385711,L2601A,"morreu do nada, nao acende nem a luzinha",NAO_LIGA,,Fechado,2026-03-29,72,746.59,
OC-2026-001784,2026-07-28,Formulario,ATLAS MANUT EQUIP,GO,TV,NANO-75SQA,NANO425205,L2604B,Display apresenta codigo de erro intermitente. Cliente ja tentou reset.,,Baixa,EM ATENDIMENTO,,240,,
OC-2026-001390,2026-06-28 13:58,planilha_parceiro,Refrig Vale Verde,MG,Monitor,24MP400,24MP137486,,"Aparelho nao liga. Tomada testada com outro equipamento, energia OK.",,Alta,em_atendimento,,72,,
OC-2026-001521,21/05/2026,planilha_parceiro,Eletro Nordeste,PE,Geladeira,GC-L257,GCL2169828,L2603C,nao gela nada,,Critica,Fechada,07/06/2026,72,544.62,
OC-2026-001509,2026-04-02,Planilha Parceiro,Eletro Nordeste Assistencia,PE,TV,NANO75SQA,NANO574277,L2603A,erro no painel,ERRO_DISPLAY,Alta,FECHADA,2026-04-29,72,375.74,
OC-2026-000400,2026-04-26,E-mail,ELETRO SERV ANDRADE,SP,TV,OLED55C4,OLED382502,L2602A,aparece codigo de erro no visor e para tudo,SEM_AUDIO,Baixa,aberta,,240,,
OC-2026-001464,25/07/2026,Planilha Parceiro,MegaTec Reparos Ltda,BA,TV,UQ-7550PSF,UQ75213198,L2604A,"Manchas escuras no canto inferior direito da tela, cliente relata que aumentaram.",LINHAS_TELA,Media,ABERTA,,120,,
OC-2026-000727,2026-06-07,Formulario,assistencia tecnica silva,SP,Maquina de Lavar,WM-T13BW,WMT1565354,L2603A,"Aparelho nao liga. Tomada testada com outro equipamento, energia OK.",NAO_LIGA,Critica,Fechada,2026-06-13,72,851.82,
OC-2026-000722,2026-05-20,Formulario,MegaTec Reparos Ltda,BA,Ar-Condicionado,ACDUAL9K,ACDU280112,,"controle nao funciona mais, ja troquei a pilha",NAO_RESFRIA,Alta,AGUARDANDO PECA,,72,900.79,
OC-2026-000033,2026-06-20,email,Tecnoar Servicos,RJ,Maquina de Lavar,WD11WV,WD11217136,L2605C,Display apresenta codigo de erro intermitente. Cliente ja tentou reset.,ERRO_DISPLAY,Media,Fechada,2026-06-23,120,677.61,
OC-2026-001222,24/05/2026,Planilha Parceiro,Eletro Nordeste Assistencia,PE,TV,NANO75SQA,NANO751726,L2602C,sem som nenhum,,Baixa,Aberta,,240,,
OC-2026-001979,21/05/2026,planilha_parceiro,MEGATEC,BA,Geladeira,GCL257FLQ,GCL2640076,,esquentou tudo dentro,,Alta,Reaberta,,72,591.42,OC-2026-000995
OC-2026-001527,2026-08-18,E-mail,Eletro Nordeste,PE,Monitor,27-UP550,27UP144619,,aparece sem sinal na tela mesmo com o cabo ligado,,Media,Fechada,2026-09-10,120,558.84,
OC-2026-000683,11/05/2026,email,CENTRAL REPAROS BANDEIRANTES SA,SP,TV,oled55c4,OLED905904,,"Manchas escuras no canto inferior direito da tela, cliente relata que aumentaram.",,Media,Fechada,2026-05-28,120,815.17,
OC-2026-001823,2026-06-12,Formulario,REFRIGERACAO VALE VERDE LTDA,MG,Geladeira,GC-B247SLUV,GCB2798080,L2607A,"novinha e ja parou de gelar, ta com uns 3 meses so",NAO_GELA,,em_atendimento,,120,1082.66,
OC-2026-001090,2026-05-15,Planilha Parceiro,Prisma Assistencia Tecnica,PR,TV,UQ-7550PSF,UQ75353640,L2601C,Sem imagem. Audio presente. Cliente ja testou outra fonte de video.,,Media,Fechada,10/06/2026,120,398.34,
OC-2026-001468,07-03-2026 07:31,E-mail,Prisma Assist Tecnica,PR,Maquina de Lavar,WMT13BW,WMT1265257,,Cliente relata que a agua nao drena ao final do ciclo.,NAO_DRENA,Baixa,fechada,2026-03-27,240,317.38,
OC-2026-000420,13/06/2026,Formulario,TECNOAR,RJ,TV,OLED55C4,OLED249495,L2603B,"Manchas escuras no canto inferior direito da tela, cliente relata que aumentaram.",LINHAS_TELA,Baixa,Aberta,,240,,
OC-2026-001615,2026-07-24,E-mail,ELETRO NORDESTE ASSIST LTDA,PE,TV,NANO-75SQA,NANO101935,L2605B,Audio ausente pelos alto-falantes internos. Saida optica funciona.,,Critica,Em atendimento,,72,,
OC-2026-000516,2026-03-06,formulario,Assist Tec Silva,SP,Ar-Condicionado,AC-D18MQ,ACD1993838,L2612A,"controle nao funciona mais, ja troquei a pilha",,Alta,aguardando_peca,,72,882.61,
OC-2026-001325,2026-05-01,Formulario,Refrig Vale Verde,MG,Ar-Condicionado,AC-S12TQ,ACS1442931,L2604A,Controle remoto sem resposta. Aparelho responde aos botoes fisicos.,NAO_LIGA,Critica,FECHADA,2026-05-05,72,752.93,
OC-2026-000291,2026-04-28 18:09,Formulario,ELETRO SERV ANDRADE,SP,Geladeira,GT39SSP,GT39466639,L2612B,nao gela nada,NAO_GELA,Critica,Em atendimento,,72,,
OC-2026-000200,2026-03-08,email,MegaTec Reparos Ltda,BA,TV,OLED-55C4,OLED519722,L2601C,tela apagada,,Baixa,FECHADA,2026-03-27,240,534.04,
OC-2026-001475,15/05/2026,formulario,Eletro Servicos Andrade,SP,Maquina de Lavar,WMF60BW,WMF6945486,L2603A,Cliente relata que a agua nao drena ao final do ciclo.,,Critica,Fechado,28/05/2026,72,800.24,
OC-2026-000718,03/06/2026,Formulario,Sul Service,RS,Maquina de Lavar,wd-11wv,WD11560680,L2602C,nao liga de jeito nenhum,NAO_LIGA,Alta,Fechado,2026-06-11,72,824.11,
OC-2026-001789,2026-06-26,Planilha Parceiro,Norte Eletro Servicos,CE,Maquina de Lavar,WD11WV,WD11127367,,agua fica parada no tambor,NAO_DRENA,Media,Fechado,15/07/2026,120,340.17,
OC-2026-000742,2026-07-12,Planilha Parceiro,Oficina Digital Campinas,SP,Geladeira,GT-39SSP,GT39287855,L2605A,"A parte de baixo nao gela mais, o freezer ainda funciona normal.",NAO_GELA,Baixa,Fechada,2026-07-28,240,380.0,
OC-2026-000617,2026-07-27,Planilha Parceiro,Eletro Nordeste Assistencia,PE,Ar-Condicionado,AC S12TQ,ACS1387785,,"suspeita de vazamento de gas, aparelho gela pouco",,Baixa,aberta,,240,,
OC-2026-000838,2026-08-17 11:01,Formulario,Eletro Servicos Andrade,SP,Geladeira,GCL257FLQ,GCL2599692,L2606A,"Porta desalinhada, borracha de vedacao solta em um dos cantos.",,Alta,ABERTA,,72,,
OC-2026-000705,25/06/2026,email,Assist Tec Silva,SP,Maquina de Lavar,WM-F60BW,WMF6676665,L2603A,,,Media,ABERTA,,120,,
OC-2026-001947,25/05/2026,E-mail,Refrig Vale Verde,MG,Geladeira,GT-39SSP,GT39112100,L2602C,"Porta desalinhada, borracha de vedacao solta em um dos cantos.",PORTA_DESALINHADA,Critica,Reaberta,,72,202.76,OC-2026-001359
OC-2026-000081,2026-05-20,Planilha Parceiro,Tecnoar Servicos,RJ,Geladeira,GT-39SSP,GT39758105,L2603C,"Porta desalinhada, borracha de vedacao solta em um dos cantos.",,,fechada,2026-06-04,240,810.14,
OC-2026-000186,22/05/2026,Formulario,Atlas Manutencao,GO,Geladeira,GT39SSP,GT39365623,L2602A,nao gela nada,NAO_GELA,Baixa,fechada,2026-05-25 07:18,240,607.44,
OC-2026-000654,06-03-2026 12:22,Formulario,Eletro Nordeste Assistencia,PE,Geladeira,GC-L257FLQ,GCL2886035,,"nao ta gelando direito desde semana passada, ja regulei o termostato e nao adiantou",VAZAMENTO_AGUA,Media,Aberta,,120,,
OC-2026-001703,2026-05-07 14:20,Planilha Parceiro,Atlas Manutencao de Equipamentos,GO,TV,NANO-75SQA,NANO967476,,Controle remoto sem resposta. Aparelho responde aos botoes fisicos.,,Baixa,fechada,2026-06-02,240,242.47,
OC-2026-000121,2026-04-05 07:13,E-mail,Sul Service Eletrodomesticos,RS,Maquina de Lavar,WD-11WV,WD11630425,L2602A,"vazamento constante, cliente teve que colocar pano embaixo",VAZAMENTO_AGUA,Baixa,em_atendimento,,240,,
OC-2026-001244,2026-05-04,Formulario,ATLAS MANUT EQUIP,GO,Geladeira,GC-L257,GCL2540678,,"morreu do nada, nao acende nem a luzinha",NAO_LIGA,Baixa,em_atendimento,,240,,
OC-2026-001911,2026-07-17,planilha_parceiro,Eletro Nordeste Assistencia,PE,Maquina de Lavar,WM F60BW,WMF6289382,,vazando agua embaixo desde o dia da instalacao,VAZAMENTO_AGUA,Alta,Fechada,2026-07-22,72,111.65,
OC-2026-000690,2026-06-27,formulario,Eletro Nordeste Assistencia,PE,TV,UQ7550PSF,UQ75371947,L2604A,Controle remoto sem resposta. Aparelho responde aos botoes fisicos.,CONTROLE_NAO_RESPONDE,Baixa,Fechada,2026-07-19 07:45,240,155.75,
OC-2026-001534,2026-06-19,formulario,REFRIGERACAO VALE VERDE LTDA,MG,Geladeira,GT-39SSP,GT39318833,L2604A,"temperatura do gabinete alta, marcando 14 graus com regulagem no maximo",,Alta,Fechada,11/07/2026,72,337.76,
OC-2026-001058,27-04-2026 15:59,Formulario,PRISMA AT,PR,Geladeira,GT-39SSP,GT39628059,,esquentou tudo dentro,RUIDO_COMPRESSOR,Media,fechada,2026-04-22,120,472.98,
OC-2026-001167,2026-03-31,Planilha Parceiro,ATLAS MANUT EQUIP,GO,Maquina de Lavar,WD-11WV,WD11776151,L2601C,aparece codigo de erro no visor e para tudo,,,Fechado,2026-04-07 08:27,72,872.71,
OC-2026-000796,2026-08-19,formulario,Norte Eletro,CE,Maquina de Lavar,WM-T13BW,WMT1956406,L2605B,Maquina completa o ciclo mas nao centrifuga.,,Media,FECHADA,2026-08-26 09:25,120,423.56,
OC-2026-001381,2026-05-26,E-mail,Prisma Assist Tecnica,PR,Maquina de Lavar,WMT13BW,WMT1874825,,"morreu do nada, nao acende nem a luzinha",,Media,fechada,2026-06-09 08:23,120,880.71,
OC-2026-000949,2026-07-13 12:08,Formulario,Eletro Nordeste Assistencia,PE,Maquina de Lavar,WMT13BW,WMT1564377,L2604A,"nao escoa a agua, fica cheia",NAO_DRENA,Media,Fechada,2026-07-25,120,233.1,
OC-2026-000720,2026-03-12,planilha_parceiro,PRISMA AT,PR,Geladeira,GCB247SLUV,GCB2906906,L2601C,nao liga de jeito nenhum,NAO_LIGA,Baixa,Fechado,2026-03-25,240,227.61,
OC-2026-000248,2026-06-21,Planilha Parceiro,Tecnoar Servicos,RJ,Ar-Condicionado,ACS12TQ,ACS1308917,L2605B,"Unidade externa com ruido alto durante a operacao, vizinhos reclamaram.",NAO_LIGA,Media,fechada,2026-07-18,120,357.71,
OC-2026-001138,22/06/2026,Formulario,Eletro Servicos Andrade ME,SP,Ar-Condicionado,ACS12TQ,ACS1104432,L2604B,"nao gela o ambiente, so joga ar quente",,Media,Aberta,,120,,
OC-2026-000873,2026-08-23,Planilha Parceiro,OFICINA DIGITAL CAMPINAS ME,SP,Monitor,34-WP65C,34WP748310,L2606A,apareceu umas linhas verticais na tela,,Critica,Fechada,2026-08-28,72,464.68,
OC-2026-001887,24-08-2026 17:21,email,Sul Service Eletrodomesticos,RS,Geladeira,GC B247SLUV,GCB2270692,L2607B,"geladeira nova parou de funcionar, o motor fica ligando e desligando toda hora e nao gela",,Alta,Fechada,2026-09-19,72,1305.35,
OC-2026-001311,2026-08-25,Planilha Parceiro,Eletro Nordeste Assistencia,PE,Geladeira,GCL257FLQ,GCL2353485,L2604C,"barulho estranho no compressor, parece que trava",RUIDO_COMPRESSOR,,Fechada,06-09-2026 17:35,120,1081.79,
OC-2026-000743,11/04/2026,Formulario,Eletro Servicos Andrade,SP,Geladeira,GC-L257FLQ,GCL2596376,L2602C,"Aparelho nao liga. Tomada testada com outro equipamento, energia OK.",NAO_LIGA,,AGUARDANDO PECA,,72,793.23,
OC-2026-001094,2026-07-18,Planilha Parceiro,Tecnoar Servicos Eireli,RJ,Geladeira,GT-39SSP,GT39278524,L2605C,"vazamento constante, cliente teve que colocar pano embaixo",,Media,EM ATENDIMENTO,,120,,
OC-2026-001213,2026-03-08,E-mail,NORTE ELETRO SERVICOS LTDA,CE,Geladeira,GT39SSP,GT39398248,L2601A,vazando agua embaixo do aparelho,,Alta,FECHADA,16/03/2026,72,279.11,
OC-2026-001178,10/06/2026,Planilha Parceiro,Central Reparos Bandeirantes,SP,Monitor,34-WP65C,34WP856017,,Sem imagem. Audio presente. Cliente ja testou outra fonte de video.,,Alta,AGUARDANDO PECA,,72,695.76,
OC-2026-001002,2026-04-18,Planilha Parceiro,Eletro Nordeste Assistencia,PE,Monitor,34WP65C,34WP611722,L2603A,aparece sem sinal na tela mesmo com o cabo ligado,SEM_SINAL,Critica,fechada,2026-04-19,72,284.91,
OC-2026-000193,23/03/2026,Formulario,TECNOAR,RJ,Geladeira,GC B247SLUV,GCB2684629,L2601C,"barulho estranho no compressor, parece que trava",,Alta,fechada,15/04/2026,72,611.65,
OC-2026-001105,2026-03-07,planilha_parceiro,Central Reparos Bandeirantes,SP,Ar-Condicionado,AC S12TQ,ACS1989873,L2601C,,VAZAMENTO_GAS,Baixa,ABERTA,,240,,
OC-2026-000071,26/05/2026,formulario,Sul Service,RS,Maquina de Lavar,WMT13BW,WMT1421253,L2603B,"morreu do nada, nao acende nem a luzinha",NAO_LIGA,Media,Fechada,2026-06-12,120,645.63,
OC-2026-000630,2026-07-22 18:22,E-mail,Eletro Servicos Andrade,SP,Monitor,24MP400,24MP915746,L2604C,"Manchas escuras no canto inferior direito da tela, cliente relata que aumentaram.",LINHAS_TELA,Baixa,aguardando_peca,,240,2105.46,
OC-2026-000325,2026-03-02,Formulario,Assist Tec Silva,SP,Maquina de Lavar,WD11WV,WD11366544,,vazando agua embaixo do aparelho,VAZAMENTO_AGUA,Baixa,Fechado,2026-03-26,240,78.51,
OC-2026-000642,2026-04-13,Formulario,Oficina Digital,SP,TV,NANO-75SQA,NANO479932,,sem som nenhum,,Baixa,fechada,2026-05-06,240,877.59,
OC-2026-001339,2026-03-05,email,REFRIGERACAO VALE VERDE LTDA,MG,Geladeira,GT-39SSP,GT39661035,L2612C,"Aparelho nao liga. Tomada testada com outro equipamento, energia OK.",NAO_LIGA,,Fechado,2026-03-30,72,782.29,
OC-2026-001037,15/06/2026,Planilha Parceiro,OFICINA DIGITAL CAMPINAS ME,SP,Maquina de Lavar,WD-11WV,WD11649299,L2603C,"morreu do nada, nao acende nem a luzinha",,Alta,Fechado,20-06-2026 11:13,72,555.4,
OC-2026-000783,2026-03-11,E-mail,Assist Tec Silva,SP,Ar-Condicionado,ACD18MQ,ACD1122763,,"Baixa pressao no sistema, indicio de vazamento na linha.",,Media,aberta,,120,,
OC-2026-000870,2026-08-30,Planilha Parceiro,TECNOAR,RJ,Geladeira,GCL257FLQ,GCL2788165,L2607C,Cliente relata poca de agua no chao apos o uso.,VAZAMENTO_AGUA,Alta,Fechado,2026-08-27,72,184.05,
OC-2026-001155,2026-05-14,E-mail,CENTRAL REPAROS BANDEIRANTES SA,SP,Geladeira,GC-L257,GCL2442477,,nao liga de jeito nenhum,,Baixa,Fechada,2026-05-25,240,439.69,
OC-2026-000375,2026-06-23,Formulario,Atlas Manutencao,GO,Monitor,24MP400,24MP837306,,risco na tela do lado esquerdo,,Alta,fechada,12-07-2026 10:52,72,269.46,
OC-2026-000958,2026-06-19,Formulario,Refrigeracao Vale Verde,MG,Maquina de Lavar,wd-11wv,WD11686622,L2603C,"nao escoa a agua, fica cheia",,,Aguardando peca,,120,828.54,
OC-2026-000419,22/04/2026,Formulario,TECNOAR,RJ,TV,OLED-55C4,OLED876061,L2603C,Audio ausente pelos alto-falantes internos. Saida optica funciona.,SEM_AUDIO,Media,aberta,,120,,
OC-2026-001837,23/07/2026,E-mail,MegaTec Reparos,BA,Geladeira,GC B247SLUV,GCB2146186,L2605A,"geladeira nova parou de funcionar, o motor fica ligando e desligando toda hora e nao gela",TEMP_ALTA_GABINETE,Alta,Em atendimento,,72,1033.93,
OC-2026-000715,2026-08-27,Formulario,Prisma Assist Tecnica,PR,Maquina de Lavar,WM-T13BW,WMT1665755,L2606A,"nao escoa a agua, fica cheia",NAO_DRENA,Media,AGUARDANDO PECA,,120,139.75,
OC-2026-001746,2026-04-09,Formulario,ATLAS MANUT EQUIP,GO,TV,OLED-55C4,OLED669700,,aparece codigo de erro no visor e para tudo,ERRO_DISPLAY,Media,Fechado,02/04/2026,120,570.55,
OC-2026-000485,2026-03-10,Formulario,Oficina Digital,SP,TV,UQ7550PSF,UQ75169301,L2601C,"Manchas escuras no canto inferior direito da tela, cliente relata que aumentaram.",LINHAS_TELA,Baixa,em_atendimento,,240,,
OC-2026-001270,2026-08-06,Formulario,Tecnoar Servicos Eireli,RJ,TV,OLED55C4,OLED995503,L2604B,tela preta mas o som funciona,,Media,aguardando_peca,,120,749.8,
OC-2026-000867,2026-05-23,E-mail,Central Reparos Bandeirantes,SP,Maquina de Lavar,WM-T13BW,WMT1899035,L2602B,"nao escoa a agua, fica cheia",NAO_DRENA,Alta,Fechada,2026-06-07,72,105.31,
OC-2026-000993,15/04/2026,formulario,Tecnoar Servicos,RJ,Maquina de Lavar,WM F60BW,WMF6153372,L2601C,aparece codigo de erro no visor e para tudo,NAO_CENTRIFUGA,Baixa,Fechado,23/04/2026,240,408.58,
OC-2026-000032,2026-04-15,email,MegaTec Reparos,BA,Geladeira,GCL257FLQ,GCL2369463,L2603A,"Ruido intermitente na parte traseira, clinte relata que piorou nas ultimas semanas.",RUIDO_COMPRESSOR,Media,ABERTA,,120,,
OC-2026-001282,2026-07-15,FORM,ATLAS MANUT EQUIP,GO,Maquina de Lavar,WMT13BW,WMT1837794,L2604A,"Aparelho nao liga. Tomada testada com outro equipamento, energia OK.",NAO_LIGA,Baixa,fechada,2026-08-05 19:23,240,756.97,
OC-2026-000479,2026-06-12,Formulario,Prisma Assist Tecnica,PR,Geladeira,GCL257FLQ,GCL2156824,L2604A,"barulho estranho no compressor, parece que trava",,Critica,ABERTA,,72,,
OC-2026-000996,2026-05-05 19:14,Formulario,Eletro Servicos Andrade ME,SP,Monitor,24-MP400,24MP165175,,"morreu do nada, nao acende nem a luzinha",,Critica,aguardando_peca,,72,920.48,
OC-2026-000140,2026-04-07,email,REFRIGERACAO VALE VERDE LTDA,MG,Maquina de Lavar,WD-11WV,WD11238869,L2603C,erro no painel,,Baixa,fechada,2026-04-15,240,426.64,
OC-2026-001471,25/04/2026,Planilha Parceiro,Assistencia Tecnica Silva Ltda,SP,Maquina de Lavar,WM-T13BW,WMT1171112,L2602A,vazando agua embaixo do aparelh,VAZAMENTO_AGUA,Critica,ABERTA,,72,,
OC-2026-000972,23/06/2026,E-mail,Norte Eletro Servicos,CE,TV,NANO75SQA,NANO185677,,,LINHAS_TELA,,fechada,2026-06-30 19:18,72,2013.59,
OC-2026-001116,2026-05-13,formulario,Norte Eletro,CE,Ar-Condicionado,AC S12TQ,ACS1626545,L2601A,Controle remoto sem resposta. Aparelho responde aos botoes fisicos.,CONTROLE_NAO_RESPONDE,Critica,Fechado,2026-05-23,72,148.73,
OC-2026-001438,2026-03-22 09:57,Formulario,NORTE ELETRO SERVICOS LTDA,CE,Maquina de Lavar,WM-T13BW,WMT1686460,,aparece codigo de erro no visor e para tudo,ERRO_DISPLAY,Media,Fechada,05/04/2026,120,180.22,
OC-2026-000973,2026-06-05,Formulario,Tecnoar Servicos,RJ,Maquina de Lavar,WMT13BW,WMT1325587,L2604B,aparece codigo de erro no visor e para tudo,,Critica,fechada,03/07/2026,72,340.35,
OC-2026-001952,2026-05-28,email,assistencia tecnica silva,SP,Maquina de Lavar,WM F60BW,WMF6695440,L2603C,Maquina completa o ciclo mas nao centrifuga.,,Media,Reaberta,,120,,OC-2026-000151
OC-2026-000422,03/07/2026,Formulario,MegaTec Reparos Ltda,BA,Geladeira,GC-L257FLQ,GCL2407259,L2604B,nao liga de jeito nenhum,,Media,Fechada,2026-07-24,120,320.35,
OC-2026-002007,2026-07-14,FORM,ELETRO SERV ANDRADE,SP,TV,UQ-7550PSF,UQ75918098,L2604A,"controle nao funciona mais, ja troquei a pilha",,Media,ABERTA,,120,,OC-2026-000910
OC-2026-001128,2026-08-23,formulario,Central Reparos Bandeirantes,SP,Geladeira,GT39SSP,GT39581095,,"nao ta gelando direito desde semana passada, ja regulei o termostato e nao adiantou",NAO_GELA,Baixa,FECHADA,27/08/2026,240,895.19,
OC-2026-001674,2026-06-23,formulario,Oficina Digital,SP,Maquina de Lavar,WD-11WV,WD11603797,L2605C,"Aparelho nao liga. Tomada testada com outro equipamento, energia OK.",VAZAMENTO_AGUA,Media,Aguardando peca,,120,101.71,
OC-2026-001447,2026-07-06,E-mail,PRISMA AT,PR,TV,OLED-55C4,OLED609942,L2603C,"morreu do nada, nao acende nem a luzinha",,Media,Fechado,2026-07-20,120,942.29,
OC-2026-000837,2026-06-10 14:43,formulario,Sul Service Eletrodomesticos,RS,Ar-Condicionado,AC-S12TQ,ACS1162793,L2603A,"Unidade externa com ruido alto durante a operacao, vizinhos reclamaram.",,Media,aberta,,120,,
OC-2026-000664,16/06/2026,formulario,Tecnoar Servicos Eireli,RJ,Geladeira,GC-L257FLQ,GCL2900117,,esquentou tudo dentro,,Alta,Fechado,2026-06-17 14:13,72,382.23,
OC-2026-001348,20-03-2026 17:28,E-mail,ELETRO NORDESTE ASSIST LTDA,PE,Ar-Condicionado,ACDUAL9K,ACDU155792,L2612B,"Baixa pressao no sistema, indicio de vazamento na linha.",VAZAMENTO_GAS,Alta,FECHADA,2026-03-25,72,696.37,
OC-2026-000596,2026-05-15,Formulario,Oficina Digital,SP,Geladeira,GT39SSP,GT39557925,L2604C,"geladeira parou de gelar, so o congelador ta gelando um pouco",,Alta,em_atendimento,,72,,
OC-2026-001723,10/07/2026,Planilha Parceiro,Sul Service Eletrodomesticos,RS,Geladeira,GC-L257,GCL2661897,L2605B,faz um barulho alto de tempos em tempos,RUIDO_COMPRESSOR,Baixa,Fechado,2026-07-20,240,941.3,
OC-2026-001321,13/08/2026,Planilha Parceiro,Tecnoar Servicos,RJ,Monitor,27UP550,27UP693168,,aparece sem sinal na tela mesmo com o cabo ligado,,Alta,aguardando_peca,,72,274.95,
OC-2026-000465,24/05/2026,Planilha Parceiro,Central Reparos Bandeirantes,SP,Maquina de Lavar,WMF60BW,WMF6643665,L2602B,ta pingando agua na parte de tras,VAZAMENTO_AGUA,Media,Fechado,2026-06-14,120,164.38,
OC-2026-001273,2026-06-07,Planilha Parceiro,Tecnoar Servicos,RJ,Ar-Condicionado,ACS12TQ,ACS1462049,L2604C,"controle nao funciona mais, ja troquei a pilha",,Baixa,AGUARDANDO PECA,,240,381.05,
OC-2026-001114,04/08/2026,Planilha Parceiro,Prisma Assistencia Tecnica,PR,Ar-Condicionado,AC-S12TQ,ACS1843341,L2604A,"morreu do nada, nao acende nem a luzinha",,Baixa,FECHADA,2026-08-09,240,697.75,
OC-2026-001992,2026-06-01 18:24,email,Refrigeracao Vale Verde,MG,TV,UQ-7550PSF,UQ75603627,L2603B,Audio ausente pelos alto-falantes internos. Saida optica funciona.,,Baixa,reaberta,,240,448.39,OC-2026-001626
OC-2026-000999,17/07/2026,planilha_parceiro,Tecnoar Servicos Eireli,RJ,Geladeira,GT39SSP,GT39118517,L2603B,"Aparelho nao liga. Tomada testada com outro equipamento, energia OK.",NAO_LIGA,Baixa,Fechada,2026-08-08,240,538.04,
OC-2026-002004,2026-04-02,formulario,Tecnoar Servicos Eireli,RJ,Maquina de Lavar,wd-11wv,WD11107398,L2603C,"nao centrifuga, roupa sai encharcada",,Media,Aberta,,120,,OC-2026-000681
OC-2026-000332,11/07/2026,Planilha Parceiro,Tecnoar Servicos,RJ,Monitor,24-MP400,24MP984377,L2605C,apareceu umas linhas verticais na tela,,Baixa,fechada,2026-08-04 18:56,240,477.43,
OC-2026-000086,02/04/2026,email,ELETRO NORDESTE ASSIST LTDA,PE,TV,NANO75SQA,NANO511752,L2601B,risco na tela do lado esquerdo,LINHAS_TELA,,fechada,2026-03-30,72,1551.0,
OC-2026-001865,2026-08-14,Planilha Parceiro,Refrigeracao Vale Verde,MG,Geladeira,gc-b247sluv,GCB2708613,L2606A,"com uns 60 dias de uso comecou a esquentar dentro, hoje nao gela mais",RUIDO_COMPRESSOR,,FECHADA,2026-08-29 11:41,72,1214.94,
OC-2026-001917,,Formulario,Eletro Nordeste,PE,Maquina de Lavar,WM F60BW,WMF6922822,,vazando agua embaixo desde o dia da instalacao,VAZAMENTO_AGUA,,ABERTA,,120,63.91,
OC-2026-001998,2026-08-09,Planilha Parceiro,Central Reparos Band.,SP,Maquina de Lavar,WM-F60BW,WMF6711275,L2604A,"ta vazando desde que instalaram, o instalador nao apertou direito",VAZAMENTO_AGUA,Baixa,Reaberta,,240,120.27,OC-2026-001929
OC-2026-001974,26/03/2026,Formulario,CENTRAL REPAROS BANDEIRANTES SA,SP,Geladeira,GT39SSP,GT39617840,L2602C,faz um barulho alto de tempos em tempos,RUIDO_COMPRESSOR,Baixa,reaberta,,240,676.02,OC-2026-001718
OC-2026-000500,2026-03-10,email,Central Reparos Band.,SP,Ar-Condicionado,AC DUAL 9K,ACDU522087,L2612B,"suspeita de vazamento de gas, aparelho gela pouco",VAZAMENTO_GAS,Baixa,Aguardando peca,,240,785.81,
OC-2026-001948,02/08/2026,email,MegaTec Reparos Ltda,BA,Maquina de Lavar,WD-11WV,WD11378281,,"nao centrifuga, roupa sai encharcada",,Media,REABERTA,,120,232.53,OC-2026-000179
OC-2026-001023,2026-08-26,E-mail,PRISMA AT,PR,Geladeira,GC-L257,GCL2217188,,"Porta desalinhada, borracha de vedacao solta em um dos cantos.",,Media,Fechada,2026-09-12,120,848.89,
OC-2026-001971,2026-04-17,FORM,assistencia tecnica silva,SP,Ar-Condicionado,AC-S12TQ,ACS1836775,L2603C,"Unidade externa com ruido alto durante a operacao, vizinhos reclamaram.",RUIDO_UNIDADE_EXTERNA,,Reaberta,,240,,OC-2026-000945
OC-2026-000277,2026-06-13,formulario,PRISMA AT,PR,Maquina de Lavar,WD-11WV,WD11684014,L2604A,vazando agua embaixo do aparelho,,Baixa,Fechada,21/06/2026,240,450.65,
OC-2026-000830,2026-08-05,formulario,Sul Service Eletrodomesticos,RS,Ar-Condicionado,ACS12TQ,ACS1602503,L2606C,"suspeita de vazamento de gas, aparelho gela pouco",NAO_RESFRIA,Alta,fechada,2026-08-25,72,673.91,
OC-2026-001452,2026-06-19,email,Assist Tec Silva,SP,Monitor,24MP400,24MP195332,,"Manchas escuras no canto inferior direito da tela, cliente relata que aumentaram.",LINHAS_TELA,,Fechado,2026-06-21,120,1676.45,
OC-2026-001080,,email,ATLAS MANUT EQUIP,GO,Geladeira,GC-L257FLQ,GCL2506610,L2601B,Cliente relata poca de agua no chao apos o uso.,,Media,FECHADA,2026-04-25,120,950.27,
OC-2026-000703,2026-07-13 13:49,formulario,TECNOAR,RJ,Maquina de Lavar,WM-T13BW,WMT1381594,,aparece codigo de erro no visor e para tudo,ERRO_DISPLAY,Baixa,fechada,2026-07-10 13:49,240,636.37,
OC-2026-000504,04-07-2026 09:06,Formulario,OFICINA DIGITAL CAMPINAS ME,SP,Ar-Condicionado,ACD18MQ,ACD1859322,L2604C,condensadora fazendo muito barulho,,Media,FECHADA,27/07/2026,120,809.32,
OC-2026-001001,2026-08-28 13:51,formulario,NORTE ELETRO SERVICOS LTDA,CE,TV,UQ-7550PSF,UQ75262825,L2605C,apareceu umas linhas verticais na tela,,Media,Fechado,16/09/2026,120,471.92,
OC-2026-001034,2026-08-31 18:06,FORM,MegaTec Reparos Ltda,BA,Monitor,24-MP400,24MP345607,L2606C,nao liga de jeito nenhum,NAO_LIGA,Media,ABERTA,,120,,
OC-2026-001688,25/06/2026,planilha_parceiro,Atlas Manutencao de Equipamentos,GO,Ar-Condicionado,AC-D18MQ,ACD1597792,L2603B,nao resfria mais,,Baixa,FECHADA,2026-07-15,240,845.94,
OC-2026-001297,16/07/2026,Planilha Parceiro,Sul Service,RS,Geladeira,GC-L257FLQ,GCL2145606,,"Ruido intermitente na parte traseira, cliente relata que piorou nas ultimas semanas.",,Media,Fechado,2026-08-04,120,550.27,
OC-2026-001929,2026-07-23,formulario,Eletro Nordeste Assistencia,PE,Maquina de Lavar,WM-F60BW,WMF6711275,L2606B,"ta vazando desde que instalaram, o instalador nao apertou direito",VAZAMENTO_AGUA,Alta,Fechada,2026-07-25,72,63.85,
OC-2026-000828,2026-07-11 08:05,FORM,Central Reparos Bandeirantes,SP,Geladeira,GCL257FLQ,GCL2576770,L2604A,"Aparelho nao liga. Tomada testada com outro equipamento, energia OK.",NAO_LIGA,Alta,FECHADA,2026-08-01,72,512.74,
OC-2026-000075,2026-08-05,Planilha Parceiro,Assistencia Tecnica Silva Ltda,SP,Ar-Condicionado,ACD18MQ,ACD1884286,,condensadora fazendo muito barulho,CONTROLE_NAO_RESPONDE,,FECHADA,01/09/2026,240,48.51,
OC-2026-000822,2026-03-05,Planilha Parceiro,PRISMA AT,PR,Geladeira,GC-L257FLQ,GCL2420511,L2601C,vazando agua embaixo do aparelho,VAZAMENTO_AGUA,Media,Fechada,09-03-2026 12:49,120,242.88,
OC-2026-001972,2026-08-05,Formulario,ATLAS MANUT EQUIP,GO,Geladeira,gc-b247sluv,GCB2926684,L2605C,"parou de gelar do nada, produto tem pouco tempo de uso. tecnico falou que e a placa",RUIDO_COMPRESSOR,Media,Reaberta,,120,,OC-2026-001855
OC-2026-000246,09-07-2026 18:10,FORM,Atlas Manutencao,GO,Monitor,24-MP400,24MP302049,L2604B,nao liga de jeito nenhum,,Baixa,FECHADA,2026-08-03,240,906.61,
OC-2026-001055,13/04/2026,email,Eletro Servicos Andrade,SP,TV,NANO75SQA,NANO104786,L2601C,tela preta mas o som funciona,,Baixa,fechada,19/04/2026,240,382.64,
OC-2026-000902,2026-07-01,Formulario,Oficina Digital,SP,TV,OLED-55C4,OLED406686,L2604A,Display apresenta codigo de erro intermitente. Cliente ja tentou reset.,LINHAS_TELA,Media,Fechada,2026-07-20,120,1687.64,
OC-2026-000510,10/06/2026,E-mail,TECNOAR,RJ,Maquina de Lavar,WMT13BW,WMT1633327,L2602C,erro no painel,ERRO_DISPLAY,Critica,Fechado,2026-07-01,72,588.95,
OC-2026-001584,24/04/2026,FORM,Prisma Assist Tecnica,PR,Geladeira,GC-L257,GCL2172896,L2602A,vazando agua embaixo do aparelho,,Baixa,FECHADA,2026-05-12,240,872.54,
OC-2026-001159,20/03/2026,E-mail,Prisma Assistencia Tecnica,PR,Geladeira,GT-39SSP,GT39306129,L2602B,esquentou tudo dentro,,Baixa,fechada,2026-03-30 13:15,240,794.66,
OC-2026-001616,2026-06-17,E-mail,ELETRO NORDESTE ASSIST LTDA,PE,Ar-Condicionado,AC-D18MQ,ACD1206378,L2602C,"Baixa pressao no sistema, indicio de vazamento na linha.",RUIDO_UNIDADE_EXTERNA,Baixa,FECHADA,2026-07-08,240,598.4,
OC-2026-000056,2026-03-08,Formulario,Central Reparos Band.,SP,Geladeira,GT39SSP,GT39105910,L2611A,"porta nao fecha direito, fica uma fresta",PORTA_DESALINHADA,Baixa,Fechada,2026-03-17,240,182.73,
OC-2026-001910,2026-07-26,email,Eletro Nordeste,PE,Maquina de Lavar,WMF60BW,WMF6757306,L2604A,"ta vazando desde que instalaram, o instalador nao apertou direito",VAZAMENTO_AGUA,Media,Fechado,2026-08-22 16:37,120,164.11,
OC-2026-000540,2026-08-17,E-mail,Norte Eletro Servicos,CE,Maquina de Lavar,wd-11wv,WD11364618,,"morreu do nada, nao acende nem a luzinha",,Alta,FECHADA,23/08/2026,72,439.41,
OC-2026-000947,05-07-2026 09:37,Formulario,MegaTec Reparos Ltda,BA,Monitor,27UP550,27UP169008,L2606C,Mensagem de ausencia de sinal. Cliente testou dois cabos diferentes.,,Alta,fechada,07-07-2026 09:46,72,528.04,
OC-2026-000370,2026-08-16,Formulario,REFRIGERACAO VALE VERDE LTDA,MG,Maquina de Lavar,WMT13BW,WMT1982186,L2607B,"nao centrifuga, roupa sai encharcada",,Media,Fechada,2026-08-25 12:26,120,367.12,
OC-2026-001937,2026-07-18,Formulario,Sul Service,RS,Maquina de Lavar,WD-11WV,WD11290818,L2605C,Maquina completa o ciclo mas nao centrifuga.,,Alta,reaberta,,72,,OC-2026-001727
OC-2026-001224,2026-06-13 11:47,E-mail,Eletro Nordeste Assistencia,PE,Ar-Condicionado,AC-DUAL9K,ACDU456140,L2602B,"Baixa pressao no sistema, indicio de vazamento na linha.",VAZAMENTO_GAS,Media,AGUARDANDO PECA,,120,805.15,
OC-2026-001076,2026-03-05,Formulario,CENTRAL REPAROS BANDEIRANTES SA,SP,Ar-Condicionado,AC-D18MQ,ACD1544455,L2601A,"Baixa pressao no sistema, indicio de vazamento na linha.",,Baixa,fechada,2026-03-13,240,734.39,
OC-2026-000782,02/06/2026,Formulario,Eletro Servicos Andrade,SP,Geladeira,GT39SSP,GT39482811,L2603A,"Aparelho nao liga. Tomada testada com outro equipamento, energia OK.",,Media,FECHADA,2026-06-20,120,976.8,
OC-2026-001625,30-07-2026 16:03,formulario,ELETRO NORDESTE ASSIST LTDA,PE,Geladeira,GC-L257FLQ,GCL2535096,L2604A,"temperatura do gabinete alta, marcando 14 graus com regulagem no maximo",,Media,fechada,07/08/2026,120,519.02,
OC-2026-000605,2026-08-17,planilha_parceiro,Oficina Digital,SP,Ar-Condicionado,AC DUAL 9K,ACDU898739,L2605A,"Aparelho nao liga. Tomada testada com outro equipamento, energia OK.",,Baixa,Fechada,2026-08-24 09:14,240,490.61,
OC-2026-001215,2026-05-10 11:06,E-mail,Prisma Assist Tecnica,PR,Geladeira,GT-39SSP,GT39836174,L2603C,"Porta desalinhada, borracha de vedacao solta em um dos cantos.",,Media,Fechado,17/05/2026,120,584.29,
OC-2026-001469,2026-07-18 17:14,planilha_parceiro,TECNOAR,RJ,Ar-Condicionado,ACD18MQ,ACD1420951,L2606B,nao resfria mais,,Media,fechada,2026-08-13,120,312.55,
OC-2026-000554,2026-07-07,formulario,Oficina Digital Campinas,SP,Geladeira,GT-39SSP,GT39330074,L2605A,,PORTA_DESALINHADA,Baixa,fechada,2026-07-31,240,171.86,
OC-2026-001612,2026-05-17 19:59,E-mail,Eletro Nordeste,PE,Geladeira,GT39SSP,GT39788318,,"geladeira parou de gelar, so o congelador ta gelando um pouco",NAO_GELA,Alta,FECHADA,2026-05-27,72,680.08,
OC-2026-000937,2026-05-30,Formulario,Refrigeracao Vale Verde,MG,Geladeira,GT-39SSP,GT39916017,L2604B,"vazamento constante, cliente teve que colocar pano embaixo",VAZAMENTO_AGUA,Media,Fechado,2026-06-09,120,85.01,
OC-2026-000149,2026-07-17 19:19,formulario,Norte Eletro,CE,Maquina de Lavar,WM-T13BW,WMT1438034,L2606B,para na centrifugacao e apita,,Media,AGUARDANDO PECA,,120,496.99,
OC-2026-000894,23/08/2026,email,REFRIGERACAO VALE VERDE LTDA,MG,Geladeira,GT-39SSP,GT39502317,L2605B,"temperatura do gabinete alta, marcando 14 graus com regulagem no maximo",TEMP_ALTA_GABINETE,Media,aguardando_peca,,120,688.62,
OC-2026-000970,2026-07-10,email,Eletro Nordeste Assistencia,PE,Geladeira,GT39SSP,GT39172634,,"morreu do nada, nao acende nem a luzinha",,Alta,Fechado,2026-07-18,72,803.64,
OC-2026-000090,2026-04-20 12:43,Planilha Parceiro,CENTRAL REPAROS BANDEIRANTES SA,SP,Maquina de Lavar,WMT13BW,WMT1797710,,Display apresenta codigo de erro intermitente. Cliente ja tentou reset.,ERRO_DISPLAY,Media,FECHADA,10-05-2026 19:44,120,640.64,
OC-2026-001861,23-08-2026 16:53,formulario,Sul Service Eletrodomesticos,RS,Geladeira,gc-b247sluv,GCB2547903,L2606B,Equipamento com aproximadamente 70 dias de uso apresentou perda total de refrigeracao. Compressor em ciclo curto.,,Alta,Aguardando peca,,72,1171.81,
OC-2026-001779,19/03/2026,planilha_parceiro,Sul Service Eletrodomesticos,RS,TV,OLED55C4,OLED826601,L2612B,tela apagada,TELA_ESCURA,Alta,em_atendimento,,72,,
OC-2026-001025,,Formulario,Refrigeracao Vale Verde,MG,TV,OLED-55C4,OLED479527,L2611C,"morreu do nada, nao acende nem a luzinha",NAO_LIGA,Critica,Fechada,06/04/2026,72,800.69,
OC-2026-001385,2026-04-03 16:24,E-mail,Refrig Vale Verde,MG,Geladeira,GC-L257,GCL2230482,,ta pingando agua na parte de tras,VAZAMENTO_AGUA,Alta,Fechada,2026-04-08,72,245.54,
OC-2026-000275,2026-06-13,formulario,Eletro Nordeste,PE,Geladeira,GC-L257,GCL2551578,L2605C,vazando agua embaixo do aparelho,VAZAMENTO_AGUA,Baixa,ABERTA,,240,,
OC-2026-001156,2026-03-10,E-mail,Eletro Servicos Andrade ME,SP,TV,NANO-75SQA,NANO636603,,Sem imagem. Audio presente. Cliente ja testou outra fonte de video.,TELA_ESCURA,Alta,Fechado,2026-03-28,72,355.43,
OC-2026-000446,27/03/2026,E-mail,Assist Tec Silva,SP,Maquina de Lavar,WMT13BW,WMT1625650,,nao liga de jeito nenhum,NAO_LIGA,Alta,Aguardando peca,,72,756.87,
OC-2026-000925,2026-03-20,planilha_parceiro,ATLAS MANUT EQUIP,GO,Monitor,34WP65C,34WP724498,L2601B,tela preta mas o som funciona,,Critica,Fechada,2026-04-11,72,959.06,
OC-2026-000986,04/05/2026,Planilha Parceiro,Refrig Vale Verde,MG,Geladeira,GCL257FLQ,GCL2611237,L2602A,"porta nao fecha direito, fica uma fresta",,Alta,Fechada,2026-05-25 17:17,72,530.0,
OC-2026-000343,2026-07-03,Formulario,Refrigeracao Vale Verde,MG,Monitor,27UP550,27UP716365,L2604B,Mensagem de ausencia de sinal. Cliente testou dois cabos diferentes.,,Baixa,Fechada,2026-07-27,240,893.74,
OC-2026-001202,07/05/2026,Formulario,ELETRO SERV ANDRADE,SP,TV,NANO-75SQA,NANO923349,L2603C,Sem imagem. Audio presente. Cliente ja testou outra fonte de video.,,Baixa,ABERTA,,240,,
OC-2026-001357,2026-07-02,formulario,Atlas Manutencao de Equipamentos,GO,Maquina de Lavar,WD-11WV,WD11726504,L2604A,Display apresenta codigo de erro intermitente. Cliente ja tentou reset.,ERRO_DISPLAY,Baixa,fechada,2026-07-29,240,590.57,
OC-2026-000777,2026-07-17 15:55,email,Assistencia Tecnica Silva Ltda,SP,Monitor,24-MP400,24MP639155,L2606B,tela apagada,,Media,AGUARDANDO PECA,,120,593.04,
OC-2026-001553,2026-04-20,formulario,Sul Service,RS,Geladeira,GCL257FLQ,GCL2410766,L2612B,"Aparelho nao liga. Tomada testada com outro equipamento, energia OK.",NAO_LIGA,Baixa,aberta,,240,,
OC-2026-001219,2026-03-28,E-mail,NORTE ELETRO SERVICOS LTDA,CE,TV,NANO-75SQA,NANO289157,L2612A,erro no painel,ERRO_DISPLAY,Baixa,Fechada,2026-04-24,240,508.06,
OC-2026-001056,27/04/2026,Planilha Parceiro,Refrigeracao Vale Verde,MG,Maquina de Lavar,WD-11WV,WD11770346,L2602C,aparece codigo de erro no visor e para tudo,NAO_CENTRIFUGA,Alta,Fechado,2026-05-03,72,574.75,
OC-2026-001038,14/05/2026,E-mail,Assistencia Tecnica Silva Ltda,SP,Ar-Condicionado,ACDUAL9K,ACDU291114,L2602A,"nao gela o ambiente, so joga ar quente",,Baixa,Fechada,2026-05-15,240,477.3,
OC-2026-001307,17/07/2026,Formulario,ELETRO SERV ANDRADE,SP,Geladeira,GT-39SSP,GT39427026,,faz um barulho alto de tempos em tempos,RUIDO_COMPRESSOR,Media,Fechada,20/07/2026,120,1323.28,
OC-2026-001185,2026-07-02,Formulario,A.T. SILVA LTDA,SP,TV,NANO75SQA,NANO864924,L2603C,erro no painel,ERRO_DISPLAY,Media,fechada,13/07/2026,120,609.05,
OC-2026-001573,26/07/2026,email,ELETRO NORDESTE ASSIST LTDA,PE,Maquina de Lavar,WD-11WV,WD11355768,,"nao centrifuga, roupa sai encharcada",NAO_CENTRIFUGA,Alta,aberta,,72,,
OC-2026-000885,01-05-2026 15:58,E-mail,ELETRO SERV ANDRADE,SP,Monitor,27-UP550,27UP834112,,tela apagada,TELA_ESCURA,Media,aguardando_peca,,120,1496.12,
OC-2026-000471,27/04/2026,E-mail,Oficina Digital Campinas,SP,Maquina de Lavar,WMT13BW,WMT1580640,L2602A,Maquina completa o ciclo mas nao centrifuga.,NAO_CENTRIFUGA,Critica,Fechada,07/05/2026,72,490.46,
OC-2026-000096,2026-07-04,Planilha Parceiro,A.T. SILVA LTDA,SP,Maquina de Lavar,WMT13BW,WMT1176326,,"nao escoa a agua, fica cheia",,Media,EM ATENDIMENTO,,120,,
OC-2026-001435,2026-08-09,Formulario,Central Reparos Band.,SP,Maquina de Lavar,WM F60BW,WMF6183878,L2604B,Display apresenta codigo de erro intermitente. Cliente ja tentou reset.,,Media,Fechada,2026-08-12,120,884.97,
OC-2026-001687,2026-08-12,E-mail,PRISMA AT,PR,Maquina de Lavar,WD-11WV,WD11551113,,,VAZAMENTO_AGUA,Baixa,em_atendimento,,240,,
OC-2026-001525,2026-03-12 14:52,Planilha Parceiro,Sul Service,RS,TV,UQ-7550PSF,UQ75963673,L2601C,Controle remoto sem resposta. Aparelho responde aos botoes fisicos.,CONTROLE_NAO_RESPONDE,Baixa,Fechada,2026-03-26 17:32,240,72.19,
OC-2026-001921,2026-07-06,Planilha Parceiro,Norte Eletro,CE,Maquina de Lavar,WM F60BW,WMF6209301,L2604B,"agua vazando na parte de tras, mangueira solta",VAZAMENTO_AGUA,Media,Fechado,2026-07-28,120,95.76,
OC-2026-001048,2026-03-19,Planilha Parceiro,Central Reparos Bandeirantes,SP,Geladeira,GT-39SSP,GT39886905,,faz um barulho alto de tempos em tempos,,Baixa,AGUARDANDO PECA,,240,527.41,
OC-2026-001279,2026-03-23,Planilha Parceiro,TECNOAR,RJ,Maquina de Lavar,WD-11WV,WD11498080,,"Aparelho nao liga. Tomada testada com outro equipamento, energia OK.",,Media,Fechada,27-03-2026 16:10,120,289.5,
OC-2026-000698,2026-08-04,Formulario,Atlas Manutencao de Equipamentos,GO,Monitor,34-WP65C,34WP520221,L2605C,"Manchas escuras no canto inferior direito da tela, cliente relata que aumentaram.",,Baixa,Fechado,2026-08-18,240,379.73,
OC-2026-000685,2026-05-16,Planilha Parceiro,OFICINA DIGITAL CAMPINAS ME,SP,Geladeira,GT-39SSP,GT39669713,,"geladeira parou de gelar, so o congelador ta gelando um pouco",,Media,FECHADA,05-06-2026 15:16,120,585.09,
OC-2026-000793,02-05-2026 16:51,formulario,REFRIGERACAO VALE VERDE LTDA,MG,Maquina de Lavar,wd-11wv,WD11188646,,"nao centrifuga, roupa sai encharcada",NAO_CENTRIFUGA,Media,fechada,2026-05-09,120,532.85,
OC-2026-000522,2026-06-02,planilha_parceiro,Prisma Assistencia Tecnica,PR,Geladeira,GCL257FLQ,GCL2446016,L2604C,nao gela nada,NAO_GELA,Baixa,AGUARDANDO PECA,,240,1022.71,
OC-2026-000570,26/08/2026,Planilha Parceiro,Eletro Nordeste,PE,Maquina de Lavar,WM-T13BW,WMT1419322,L2606A,para na centrifugacao e apita,,Alta,aberta,,72,,
OC-2026-001488,2026-03-24,planilha_parceiro,ELETRO NORDESTE ASSIST LTDA,PE,TV,OLED55C4,OLED936402,L2601B,"controle nao funciona mais, ja troquei a pilha",CONTROLE_NAO_RESPONDE,,Em atendimento,,120,,
OC-2026-000770,2026-05-07,FORM,MegaTec Reparos Ltda,BA,Geladeira,GCL257FLQ,GCL2344441,L2601A,"morreu do nada, nao acende nem a luzinha",NAO_LIGA,Baixa,fechada,2026-05-08,240,428.76,
OC-2026-001832,2026-07-01,E-mail,REFRIGERACAO VALE VERDE LTDA,MG,Geladeira,GCB247SLUV,GCB2229176,L2607B,"geladeira nova parou de funcionar, o motor fica ligando e desligando toda hora e nao gela",RUIDO_COMPRESSOR,Alta,Fechada,2026-07-27,72,990.52,
OC-2026-002048,2026-03-12,FORM,Oficina Digital,SP,Ar-Condicionado,ACD18MQ,ACD1137945,,"Aparelho nao esta ligando. Tomada testada com outro equipamento, energia OK.",NAO_LIGA,Baixa,Aberta,,240,,
OC-2026-001097,26/06/2026,E-mail,TECNOAR,RJ,Geladeira,GC-L257,GCL2299454,L2604B,Gabinete quente. Cliente ja verificou vedacao da porta.,TEMP_ALTA_GABINETE,Baixa,Fechado,2026-07-10,240,1154.16,
OC-2026-000881,13/04/2026,E-mail,TECNOAR,RJ,Monitor,34-WP65C,34WP580208,,apareceu umas linhas verticais na tela,LINHAS_TELA,Baixa,FECHADA,2026-04-18,240,1449.75,
OC-2026-001529,2026-07-15,formulario,Norte Eletro Servicos,CE,Maquina de Lavar,WD-11WV,WD11785351,L2604C,nao liga de jeito nenhum,NAO_LIGA,Media,Em atendimento,,120,,
OC-2026-000915,2026-05-17,Formulario,Central Reparos Bandeirantes,SP,Ar-Condicionado,AC DUAL 9K,ACDU248714,,"Baixa pressao no sistema, indicio de vazamento na linha.",VAZAMENTO_GAS,Critica,em_atendimento,,72,,
OC-2026-000334,2026-04-23,Formulario,ATLAS MANUT EQUIP,GO,Monitor,34WP65C,34WP697035,L2601C,Sem imagem. Audio presente. Cliente ja testou outra fonte de video.,,Alta,FECHADA,2026-05-02,72,511.51,
OC-2026-000625,2026-08-02 19:26,Formulario,Eletro Nordeste Assistencia,PE,Ar-Condicionado,AC-DUAL9K,ACDU587827,L2605C,nao liga de jeito nenhum,NAO_LIGA,Baixa,AGUARDANDO PECA,,240,806.11,
OC-2026-001050,19/04/2026,Formulario,Norte Eletro Servicos,CE,Ar-Condicionado,AC-S12TQ,ACS1712431,,"controle nao funciona mais, ja troquei a pilha",,Baixa,FECHADA,2026-04-30,240,917.45,
OC-2026-001642,2026-05-12,email,MegaTec Reparos Ltda,BA,TV,UQ-7550PSF,UQ75638994,L2603A,"Aparelho nao liga. Tomada testada com outro equipamento, energia OK.",,Baixa,Fechada,13/05/2026,240,676.38,
OC-2026-000557,2026-04-01,planilha_parceiro,OFICINA DIGITAL CAMPINAS ME,SP,Maquina de Lavar,WMT13BW,WMT1929663,L2612C,"nao escoa a agua, fica cheia",NAO_DRENA,Media,fechada,31/03/2026,120,225.98,
OC-2026-001492,2026-05-21,Formulario,SUL SERVICE ELETRO,RS,TV,OLED-55C4,OLED130508,,Audio ausente pelos alto-falantes internos. Saida optica funciona.,,,AGUARDANDO PECA,,72,975.17,
OC-2026-001944,03/06/2026,Formulario,Eletro Nordeste Assistencia,PE,Monitor,34-WP65C,34WP532409,L2603C,reincidencia do mesmo problema,,Alta,reaberta,,72,,OC-2026-000567
OC-2026-001387,2026-05-10,Formulario,CENTRAL REPAROS BANDEIRANTES SA,SP,Geladeira,GC-L257FLQ,GCL2999264,L2603C,ta pingando agua na parte de tras,VAZAMENTO_AGUA,Media,Fechada,2026-05-16,120,225.63,
OC-2026-000606,16/08/2026,email,NORTE ELETRO SERVICOS LTDA,CE,Ar-Condicionado,ACD18MQ,ACD1785637,,"suspeita de vazamento de gas, aparelho gela pouco",RUIDO_UNIDADE_EXTERNA,Baixa,fechada,2026-09-06,240,324.56,
OC-2026-001848,15-07-2026 16:23,Formulario,REFRIGERACAO VALE VERDE LTDA,MG,Geladeira,GCB247SLUV,GCB2876538,L2606B,"produto com menos de 3 meses, nao refrigera. ja verificamos gas e esta ok, indicio de falha eletronica",,Alta,FECHADA,05/08/2026,72,969.67,
OC-2026-001013,28-04-2026 18:04,planilha_parceiro,Refrig Vale Verde,MG,TV,OLED55C4,OLED965149,L2602A,nao liga de jeito nenhum,NAO_LIGA,Media,fechada,2026-05-11,120,767.85,
OC-2026-000350,2026-07-15,E-mail,CENTRAL REPAROS BANDEIRANTES SA,SP,TV,UQ-7550PSF,UQ75880553,L2606C,"Aparelho nao liga. Tomada testada com outro equipamento, energia OK.",,Media,em_atendimento,,120,,
OC-2026-000598,2026-07-14,email,REFRIGERACAO VALE VERDE LTDA,MG,Geladeira,GT-39SSP,GT39699843,,nao gela nada,,Baixa,FECHADA,2026-07-22 12:36,240,694.19,
OC-2026-000414,2026-08-23,email,Atlas Manutencao de Equipamentos,GO,Ar-Condicionado,ACDUAL9K,ACDU633083,L2605C,"Aparelho nao liga. Tomada testada com outro equipamento, energia OK.",NAO_LIGA,Alta,Fechada,2026-09-04 09:34,72,241.11,
OC-2026-000330,2026-07-30,Formulario,Oficina Digital,SP,Maquina de Lavar,WM-T13BW,WMT1946717,L2605C,vazando agua embaixo do aparelho,,Media,fechada,08/08/2026,120,861.42,
OC-2026-000560,2026-03-27,E-mail,Oficina Digital Campinas,SP,Geladeira,GT39SSP,GT39226027,L2601C,"A parte de baixo nao gela mais, o freezer ainda funciona normal.",,Media,FECHADA,2026-04-23,120,775.19,
OC-2026-001511,2026-07-06 12:36,planilha_parceiro,Central Reparos Band.,SP,Ar-Condicionado,ACD18MQ,ACD1137936,L2603C,"suspeita de vazamento de gas, aparelho gela pouco",,Baixa,fechada,08/07/2026,240,471.67,
OC-2026-000548,2026-06-28,E-mail,REFRIGERACAO VALE VERDE LTDA,MG,Ar-Condicionado,ACS12TQ,ACS1761823,L2603A,"suspeita de vazamento de gas, aparelho gela pouco",,Media,FECHADA,2026-07-22,120,233.15,
OC-2026-000423,17/03/2026,Formulario,Refrigeracao Vale Verde,MG,Monitor,34WP65C,34WP414308,L2612B,aparece sem sinal na tela mesmo com o cabo ligado,SEM_SINAL,Media,fechada,2026-03-31,120,293.5,
OC-2026-001455,30/05/2026,Planilha Parceiro,Refrigeracao Vale Verde,MG,TV,oled55c4,OLED125347,L2603A,apareceu umas linhas verticais na tela,LINHAS_TELA,Media,em_atendimento,,120,,
OC-2026-001744,2026-03-14,Formulario,NORTE ELETRO SERVICOS LTDA,CE,Ar-Condicionado,AC-D18MQ,ACD1335529,L2611C,Controle remoto sem resposta. Aparelho responde aos botoes fisicos.,CONTROLE_NAO_RESPONDE,Critica,em_atendimento,,72,,
OC-2026-001785,2026-08-16,Planilha Parceiro,ELETRO NORDESTE ASSIST LTDA,PE,Ar-Condicionado,AC S12TQ,ACS1447651,,"controle nao funciona mais, ja troqeui a pilha",,Media,EM ATENDIMENTO,,120,,
OC-2026-000542,2026-07-10,E-mail,PRISMA AT,PR,Monitor,34-WP65C,34WP601559,,risco na tela do lado esquerdo,,Baixa,aguardando_peca,,240,909.08,
OC-2026-000128,2026-03-07,Planilha Parceiro,Eletro Nordeste,PE,TV,oled55c4,OLED849665,L2612A,"morreu do nada, nao acende nem a luzinha",NAO_LIGA,Alta,Fechado,01-04-2026 16:06,72,645.11,
OC-2026-000371,2026-06-28,email,Central Reparos Band.,SP,Maquina de Lavar,WM-T13BW,WMT1404892,L2604B,"vazamento constante, cliente teve que colocar pano embaixo",VAZAMENTO_AGUA,Alta,AGUARDANDO PECA,,72,110.9,
OC-2026-001561,23/07/2026,E-mail,Eletro Servicos Andrade ME,SP,TV,OLED55C4,OLED602087,,tela preta mas o som funciona,TELA_ESCURA,Media,Fechado,10/08/2026,120,1263.42,
OC-2026-001496,2026-04-06,E-mail,MEGATEC,BA,TV,UQ7550PSF,UQ75191983,,"morreu do nada, nao acende nem a luzinha",NAO_LIGA,Alta,Fechado,2026-04-25 19:28,72,742.2,
OC-2026-000935,2026-04-16,Planilha Parceiro,Eletro Nordeste,PE,Maquina de Lavar,WD-11WV,WD11926171,L2603B,agua fica parada no tambor,NAO_DRENA,Critica,fechada,2026-04-20 10:09,72,263.83,
OC-2026-000852,2026-07-28,Formulario,Oficina Digital,SP,TV,NANO-75SQA,NANO587612,L2604A,tela preta mas o som funciona,TELA_ESCURA,Media,Fechado,2026-08-24,120,1580.99,
OC-2026-000338,2026-08-29 17:56,Planilha Parceiro,Assistencia Tecnica Silva Ltda,SP,Geladeira,GC-L257,GCL2640059,L2607C,"Porta desalinhada, borracha de vedacao solta em um dos cantos.",,Media,Fechada,2026-09-21,120,373.35,
OC-2026-001382,2026-08-11,planilha_parceiro,Central Reparos Bandeirantes,SP,Geladeira,GC-L257FLQ,GCL2698911,,Cliente relata poca de agua no chao apos o uso.,VAZAMENTO_AGUA,Alta,Fechada,01-09-2026 11:54,72,202.31,
OC-2026-001212,2026-05-19 12:28,FORM,ELETRO NORDESTE ASSIST LTDA,PE,Geladeira,GT39SSP,GT39431476,L2602C,nao gela nada,,Alta,aguardando_peca,,72,356.47,
OC-2026-000194,2026-07-13,planilha_parceiro,Atlas Manutencao de Equipamentos,GO,Maquina de Lavar,wd-11wv,WD11319110,L2605C,"vazamento constante, cliente teve que colocar pano embaixo",,,Fechada,2026-07-14 15:55,240,658.5,
OC-2026-001734,13/08/2026,email,REFRIGERACAO VALE VERDE LTDA,MG,Maquina de Lavar,WM-F60BW,WMF6915283,L2606C,"nao centrifuga, roupa sai encharcada",,Media,ABERTA,,120,,
OC-2026-001976,17/07/2026,Planilha Parceiro,PRISMA AT,PR,Geladeira,GCL257FLQ,GCL2999264,L2604B,ta pingando agua na parte de tras,VAZAMENTO_AGUA,Alta,REABERTA,,72,159.44,OC-2026-001387
OC-2026-001254,2026-08-04 18:28,Formulario,OFICINA DIGITAL CAMPINAS ME,SP,Maquina de Lavar,wd-11wv,WD11767487,L2605C,Cliente relata poca de agua no chao apos o uso.,VAZAMENTO_AGUA,,aberta,,72,,
OC-2026-000087,21/07/2026,E-mail,Norte Eletro Servicos,CE,Maquina de Lavar,WM F60BW,WMF6573046,L2604C,"Aparelho nao liga. Tomada testada com outro equipamento, energia OK.",NAO_DRENA,Alta,Fechado,01/08/2026,72,220.31,
OC-2026-000959,2026-03-16,email,Central Reparos Bandeirantes,SP,Maquina de Lavar,WD-11WV,WD11513216,,agua fica parada no tambor,NAO_DRENA,Media,Fechada,2026-03-19,120,117.55,
OC-2026-000296,2026-05-22,E-mail,PRISMA AT,PR,Ar-Condicionado,AC S12TQ,ACS1720470,L2604A,"nap gela o ambiente, so joga ar quente",NAO_RESFRIA,Baixa,FECHADA,2026-05-24,240,938.53,
OC-2026-001040,2026-07-27,formulario,CENTRAL REPAROS BANDEIRANTES SA,SP,Ar-Condicionado,AC-DUAL9K,ACDU585610,L2605B,nao liga de jeito nenhum,NAO_LIGA,Media,Em atendimento,,120,,
OC-2026-001150,2026-06-14,FORM,MegaTec Reparos,BA,Ar-Condicionado,ACD18MQ,ACD1646377,L2604A,"morreu do nada, nao acende nem a luzinha",,Baixa,FECHADA,2026-07-09,240,918.78,
OC-2026-001451,07-06-2026 16:37,Formulario,MegaTec Reparos,BA,Geladeira,GC-L257,GCL2673084,L2602B,"Porta desalinhada, borracha de vedacao solta em um dos cantos.",PORTA_DESALINHADA,Baixa,FECHADA,2026-07-02,240,101.89,
OC-2026-000405,2026-08-17,email,MegaTec Reparos,BA,Geladeira,GT-39SSP,GT39597738,L2606A,"A parte de baixo nao gela mais, o freezer ainda funciona normal.",,Alta,ABERTA,,72,,
OC-2026-000384,08/06/2026,formulario,Prisma Assistencia Tecnica,PR,Maquina de Lavar,WM-F60BW,WMF6264292,L2604A,aparece codigo de erro no visor e para tudo,ERRO_DISPLAY,Baixa,Aguardando peca,,240,670.77,
OC-2026-001526,2026-07-13,formulario,PRISMA AT,PR,Monitor,34WP65C,34WP819442,L2604A,tela preta mas o som funciona,TELA_ESCURA,Baixa,em_atendimento,,240,,
OC-2026-000826,2026-06-25,formulario,Norte Eletro,CE,Geladeira,GC-L257FLQ,GCL2810062,L2603B,"vazamento constante, cliente teve qeu colocar pano embaixo",VAZAMENTO_AGUA,Media,Aguardando peca,,120,145.1,
OC-2026-001388,2026-08-09,Formulario,Refrig Vale Verde,MG,Maquina de Lavar,WMT13BW,WMT1681551,L2605B,"morreu do nada, nao acende nem a luzinha",NAO_LIGA,Baixa,Fechado,2026-08-23,240,633.5,
OC-2026-000141,2026-03-02,Planilha Parceiro,Eletro Nordeste Assistencia,PE,TV,OLED-55C4,OLED968610,L2601A,aparece codigo de erro no visor e para tudo,SEM_AUDIO,Baixa,fechada,2026-03-06,240,441.38,
OC-2026-000646,2026-07-22 14:14,planilha_parceiro,Norte Eletro Servicos,CE,Ar-Condicionado,AC-DUAL9K,ACDU173682,L2606C,"Baixa pressao no sistema, indicio de vazamento na linha.",VAZAMENTO_GAS,Baixa,Fechada,2026-08-04,240,876.05,
OC-2026-000202,2026-07-18,Formulario,Atlas Manutencao,GO,Ar-Condicionado,ACD18MQ,ACD1429070,L2604B,"suspeita de vazamento de gas, aparelho gela pouco",,Alta,aguardando_peca,,72,976.17,
OC-2026-000125,2026-05-03,E-mail,MegaTec Reparos Ltda,BA,Ar-Condicionado,ACD18MQ,ACD1441418,L2603B,"morreu do nada, nao acende nem a luzinha",NAO_LIGA,Alta,AGUARDANDO PECA,,72,616.43,
OC-2026-002020,2026-08-28 07:58,Formulario,Central Reparos Bandeirantes,SP,TV,OLED-55C4,OLED581496,L2606B,Display apresenta codigo de erro intermitente. Cliente ja tentou reset.,ERRO_DISPLAY,Media,ABERTA,,120,617.13,
OC-2026-001656,2026-05-16,Formulario,PRISMA AT,PR,TV,oled55c4,OLED796404,L2602C,"Aparelho nao liga. Tomada testada com outro equipamento, energia OK.",,Baixa,fechada,13/06/2026,240,267.89,
OC-2026-000618,2026-03-30,email,Oficina Digital,SP,Maquina de Lavar,WD11WV,WD11567338,,ta pingando agua na parte de tras,,Baixa,AGUARDANDO PECA,,240,568.15,
OC-2026-000878,2026-08-06 08:04,email,REFRIGERACAO VALE VERDE LTDA,MG,TV,oled55c4,OLED646016,L2605B,erro no painel,ERRO_DISPLAY,Media,fechada,03/09/2026,120,359.77,
OC-2026-000923,2026-03-14,Planilha Parceiro,Prisma Assist Tecnica,PR,Maquina de Lavar,WD-11WV,WD11204191,L2601C,Display apresenta codigo de erro intermitente. Cliente ja tentou reset.,,Alta,EM ATENDIMENTO,,72,,
OC-2026-001535,01/08/2026,Planilha Parceiro,Prisma Assistencia Tecnica,PR,Geladeira,GT-39SSP,GT39744681,L2604C,nao gela nada,NAO_GELA,Baixa,aberta,,240,,
OC-2026-000395,2026-06-26,E-mail,Oficina Digital,SP,Maquina de Lavar,WD11WV,WD11861250,,Display apresenta codigo de erro intermitente. Cliente ja tentou reset.,,Media,EM ATENDIMENTO,,120,,
OC-2026-001513,2026-05-20,Formulario,ELETRO NORDESTE ASSIST LTDA,PE,TV,NANO-75SQA,NANO190493,L2601C,tela preta mas o som funciona,TELA_ESCURA,Alta,FECHADA,27-05-2026 08:07,72,420.5,
OC-2026-000224,,Formulario,SUL SERVICE ELETRO,RS,TV,NANO-75SQA,NANO256301,L2601C,tela apagada,,Baixa,Fechada,2026-05-22,240,442.43,
OC-2026-000073,26/04/2026,Planilha Parceiro,Norte Eletro,CE,Ar-Condicionado,AC S12TQ,ACS1720298,L2601A,"nao gela o ambiente, so joga ar quente",,Critica,fechada,2026-05-15 14:40,72,827.27,
OC-2026-001504,13/04/2026,Formulario,MEGATEC,BA,Maquina de Lavar,WD-11WV,WD11222866,L2602C,nao liga de jeito nenhum,,Alta,EM ATENDIMENTO,,72,,
OC-2026-000861,2026-03-09,email,Tecnoar Servicos,RJ,Geladeira,GT-39SSP,GT39583517,L2601B,"Ruido intermitente na parte traseira, cliente relata que piorou nas ultimas semanas.",RUIDO_COMPRESSOR,Media,Fechado,10/03/2026,120,966.35,
OC-2026-000539,2026-07-17 10:11,formulario,Central Reparos Band.,SP,TV,NANO-75SQA,NANO333755,L2603A,"controle nao funciona mais, ja troquei a pilha",CONTROLE_NAO_RESPONDE,Media,fechada,2026-08-12,120,159.4,
OC-2026-001988,2026-05-10,planilha_parceiro,Eletro Nordeste Assistencia,PE,TV,OLED-55C4,OLED295863,L2602A,aparece codigo de erro no visor e para tudo,ERRO_DISPLAY,,Reaberta,,120,280.49,OC-2026-001012
OC-2026-001880,2026-08-15,Formulario,Atlas Manutencao,GO,Geladeira,GC-B247SLUV,GCB2771771,L2606A,Perda progressiva de refrigeracao em produto recente. Compressor liga mas nao sustenta a temperatura.,NAO_GELA,Alta,FECHADA,2026-08-18,72,971.56,
OC-2026-000708,2026-05-17,Planilha Parceiro,REFRIGERACAO VALE VERDE LTDA,MG,Geladeira,GC-L257,GCL2895947,L2604B,esquentou tudo dentro,TEMP_ALTA_GABINETE,Critica,fechada,2026-06-12,72,958.82,
OC-2026-000525,2026-05-20,FORM,Refrigeracao Vale Verde,MG,Ar-Condicionado,AC-D18MQ,ACD1497329,L2604B,nao liga de jeito nenhum,,Media,Aberta,,120,,
OC-2026-000042,2026-05-10 19:20,email,Norte Eletro Servicos,CE,TV,UQ7550PSF,UQ75196887,L2603C,"controle nao funciona mais, ja troquei a pilha",CONTROLE_NAO_RESPONDE,Alta,aberta,,72,,
OC-2026-001968,2026-05-11,formulario,Assist Tec Silva,SP,Ar-Condicionado,AC-S12TQ,ACS1481504,L2602C,nao resfria mais,,Critica,REABERTA,,72,344.38,OC-2026-001645
OC-2026-000229,2026-04-17,Formulario,Central Reparos Bandeirantes,SP,Ar-Condicionado,ACS12TQ,ACS1754370,L2601C,Controle remoto sem resposta. Aparelho responde aos botoes fisicos.,,Baixa,FECHADA,04/05/2026,240,867.46,
OC-2026-001483,2026-07-14,Formulario,Eletro Servicos Andrade ME,SP,Geladeira,GT-39SSP,GT39483561,,vazando agua embaixo do aparelh,VAZAMENTO_AGUA,Alta,fechada,2026-08-06 08:09,72,252.04,
OC-2026-001824,08/06/2026,Formulario,Refrig Vale Verde,MG,Geladeira,GCB247SLUV,GCB2468157,L2606A,Equipamento com aproximadamente 70 dias de uso apresentou perda total de refrigeracao. Compressor em ciclo curto.,TEMP_ALTA_GABINETE,Critica,Em atendimento,,72,805.81,
OC-2026-001767,2026-06-08,Formulario,Assistencia Tecnica Silva Ltda,SP,TV,UQ7550PSF,UQ75601093,,Display apresenta codigo de erro intermitente. Cliente ja tentou reset.,ERRO_DISPLAY,,FECHADA,2026-06-30 07:33,120,220.34,
OC-2026-001983,30/05/2026,E-mail,Prisma Assistencia Tecnica,PR,Ar-Condicionado,ACD18MQ,ACD1371676,,"suspeita de vazamento de gas, aparelho gela pouco",VAZAMENTO_GAS,Baixa,REABERTA,,240,360.22,OC-2026-001113
OC-2026-000060,2026-05-19,FORM,NORTE ELETRO SERVICOS LTDA,CE,Maquina de Lavar,wd-11wv,WD11695026,L2602B,Cliente relata poca de agua no chao apos o uso.,,Alta,fechada,2026-05-29,72,576.96,
OC-2026-000029,2026-03-11,Planilha Parceiro,Refrig Vale Verde,MG,TV,NANO75SQA,NANO177863,L2612A,Controle remoto sem resposta. Aparelho responde aos botoes fisicos.,,Media,Fechada,2026-03-18,120,924.93,
OC-2026-000677,2026-08-24,E-mail,Central Reparos Bandeirantes,SP,Maquina de Lavar,WM-T13BW,WMT1429852,L2605B,Cliente relata que a agua nao drena ao final do ciclo.,NAO_DRENA,Baixa,fechada,2026-09-02 08:31,240,344.26,
OC-2026-000387,2026-08-19,formulario,Tecnoar Servicos,RJ,Geladeira,GT39SSP,GT39783725,L2607B,"temperatura do gabinete alta, marcando 14 graus com regulagem no maximo",TEMP_ALTA_GABINETE,,fechada,2026-08-22,240,858.14,
OC-2026-000513,31/08/2026,E-mail,Sul Service,RS,Maquina de Lavar,WD11WV,WD11181594,L2605B,Maquina completa o ciclo mas nao centrifuga.,NAO_CENTRIFUGA,Alta,Aguardando peca,,72,249.62,
OC-2026-000103,2026-03-30 12:20,Planilha Parceiro,A.T. SILVA LTDA,SP,Geladeira,GT-39SSP,GT39760505,,Gabinete quente. Cliente ja verificou vedacao da porta.,TEMP_ALTA_GABINETE,Baixa,ABERTA,,240,,
OC-2026-000624,09/03/2026,E-mail,Eletro Servicos Andrade,SP,TV,UQ7550PSF,UQ75176947,L2612C,tela preta mas o som funciona,TELA_ESCURA,,Fechado,2026-03-31,120,844.11,
OC-2026-001276,26/07/2026,Formulario,Central Reparos Band.,SP,Maquina de Lavar,WM F60BW,WMF6148942,,vazando agua embaixo do aparelho,,,Fechada,2026-07-31,120,684.88,
OC-2026-000725,2026-04-01,FORM,Tecnoar Servicos Eireli,RJ,Ar-Condicionado,ACS12TQ,ACS1711175,L2601B,Equipamento liga mas nao resfria. Cliente relata que ja limpou os filtros.,,Media,Aguardando peca,,120,572.19,
OC-2026-000633,27/07/2026,Planilha Parceiro,NORTE ELETRO SERVICOS LTDA,CE,Maquina de Lavar,WM-T13BW,WMT1358163,L2605B,"morreu do nada, nao acende nem a luzinha",NAO_LIGA,Critica,Fechado,2026-08-12,72,657.6,
OC-2026-001045,2026-03-15,Formulario,ELETRO SERV ANDRADE,SP,Geladeira,GCL257FLQ,GCL2797708,L2612B,Cliente relata que a geladeira nao esta refrigerando ha 3 dias. Alimentos estragaram.,,Media,Fechada,2026-03-31,120,338.8,
OC-2026-001792,2026-05-01,E-mail,Norte Eletro Servicos,CE,Geladeira,GT-39SSP,GT39449292,L2603C,"nao ta gelando direito desde semana passada, ja regulei o termostato e nao adiantou",TEMP_ALTA_GABINETE,Baixa,FECHADA,2026-05-26,240,550.66,
OC-2026-001927,2026-07-22,Formulario,Eletro Nordeste Assistencia,PE,Maquina de Lavar,WM F60BW,WMF6631566,L2605A,"ta vazando desde qeu instalaram, o instalador nao apertou direito",VAZAMENTO_AGUA,Media,fechada,2026-07-31,120,170.54,
OC-2026-000335,04/07/2026,Planilha Parceiro,Central Reparos Bandeirantes,SP,Maquina de Lavar,WD-11WV,WD11530593,L2603B,nao liga de jeito nenhum,NAO_CENTRIFUGA,Baixa,FECHADA,2026-07-31,240,458.08,
OC-2026-000944,14/07/2026,planilha_parceiro,Tecnoar Servicos Eireli,RJ,Geladeira,GT39SSP,GT39344412,,"porta nao fecha direito, fica uma fresta",,Baixa,Aberta,,240,,
OC-2026-000076,2026-06-23,planilha_parceiro,ELETRO SERV ANDRADE,SP,Geladeira,GC-B247SLUV,GCB2814265,L2603B,"Aparelho nao liga. Tomada testada com outro equipamento, energia OK.",NAO_LIGA,Critica,FECHADA,2026-06-24 08:27,72,976.19,
OC-2026-000320,25/07/2026,Planilha Parceiro,Refrigeracao Vale Verde,MG,Geladeira,GCL257FLQ,GCL2575273,L2605B,"Porta desalinhada, borracha de vedacao solta em um dos cantos.",,Media,AGUARDANDO PECA,,120,221.91,
OC-2026-000942,22-05-2026 09:22,Formulario,Eletro Servicos Andrade ME,SP,TV,NANO-75SQA,NANO120748,L2604B,Audio ausente pelos alto-falantes internos. Saida optica funciona.,SEM_AUDIO,,fechada,10-06-2026 19:50,240,137.25,
OC-2026-002015,2026-05-07,formulario,Eletro Servicos Andrade,SP,Geladeira,GC B247SLUV,GCB2363703,L2602B,"Ruido intermitente na parte traseira, cliente relata que piorou nas ultimas semanas.",,Alta,Aberta,,72,370.78,
OC-2026-001096,17/07/2026,email,Eletro Servicos Andrade,SP,Maquina de Lavar,WM-T13BW,WMT1557352,L2604A,aparece codigo de erro no visor e para tudo,,Media,Fechado,2026-08-12,120,553.48,
OC-2026-000566,2026-05-31,formulario,Eletro Servicos Andrade,SP,Geladeira,GT-39SSP,GT39323269,L2604C,esquentou tudo dentro,NAO_GELA,,FECHADA,2026-06-17,240,806.93,
OC-2026-000955,01/03/2026,E-mail,Sul Service,RS,Geladeira,GC-L257FLQ,GCL2990682,L2611C,Gabinete quente. Cliente ja verificou vedacao da porta.,TEMP_ALTA_GABINETE,Media,Em atendimento,,120,,
OC-2026-000527,2026-05-06,formulario,REFRIGERACAO VALE VERDE LTDA,MG,Geladeira,GCL257FLQ,GCL2243972,L2602B,"barulho estranho no compressor, parece que trava",TEMP_ALTA_GABINETE,Alta,ABERTA,,72,,
OC-2026-001272,08/06/2026,Formulario,Norte Eletro Servicos,CE,TV,oled55c4,OLED899797,L2604C,tela preta mas o som funciona,,Baixa,fechada,2026-06-27,240,634.29,
OC-2026-000299,2026-05-11,Planilha Parceiro,Refrig Vale Verde,MG,Geladeira,GC-L257FLQ,GCL2666435,L2603B,"porta nao fecha direito, fica uma fresta",,Media,fechada,2026-05-30,120,642.01,
OC-2026-001624,03/08/2026,Formulario,Norte Eletro,CE,Geladeira,GT-39SSP,GT39271888,L2605B,esquentou tudo dentro,TEMP_ALTA_GABINETE,Alta,fechada,10-08-2026 13:21,72,442.37,
OC-2026-000344,2026-04-25,Planilha Parceiro,Eletro Servicos Andrade,SP,Maquina de Lavar,wd-11wv,WD11219282,L2603A,aparece codigo de erro no visor e para tudo,ERRO_DISPLAY,Baixa,ABERTA,,240,,
OC-2026-000068,08-03-2026 19:41,Formulario,ELETRO SERV ANDRADE,SP,TV,UQ7550PSF,UQ75822450,L2601B,tela preta mas o som funciona,TELA_ESCURA,Critica,Fechado,04/04/2026,72,689.53,
OC-2026-001585,2026-07-14,FORM,Tecnoar Servicos Eireli,RJ,Maquina de Lavar,WD-11WV,WD11204510,,para na centrifugacao e apita,NAO_CENTRIFUGA,Baixa,FECHADA,2026-08-06 15:24,240,624.34,
OC-2026-001383,2026-03-19,E-mail,Eletro Servicos Andrade,SP,Ar-Condicionado,ACD18MQ,ACD1668807,,Controle remoto sem resposta. Aparelho responde aos botoes fisicos.,CONTROLE_NAO_RESPONDE,Baixa,em_atendimento,,240,,
OC-2026-000658,2026-07-23,Formulario,NORTE ELETRO SERVICOS LTDA,CE,Geladeira,GT-39SSP,GT39301106,L2604B,Gabinete quente. Cliente ja verificou vedacao da porta.,TEMP_ALTA_GABINETE,Media,Fechada,2026-07-29,120,646.24,
OC-2026-001257,2026-05-13,email,Atlas Manutencao de Equipamentos,GO,Geladeira,GT39SSP,GT39431361,L2602B,"morreu do nada, nao acende nem a luzinha",NAO_LIGA,Alta,AGUARDANDO PECA,,72,717.38,
OC-2026-001147,19/07/2026,Formulario,ELETRO SERV ANDRADE,SP,Geladeira,GT-39SSP,GT39662891,,nao liga de jeito nenhum,NAO_LIGA,Media,fechada,2026-08-05 12:27,120,535.58,
OC-2026-000818,11/06/2026,formulario,Eletro Servicos Andrade,SP,Geladeira,GC-L257,GCL2961592,L2604A,,,Alta,ABERTA,,72,,
OC-2026-001673,2026-05-14,email,Tecnoar Servicos Eireli,RJ,TV,UQ7550PSF,UQ75967579,L2602B,Audio ausente pelos alto-falantes internos. Saida optica funciona.,SEM_AUDIO,Baixa,ABERTA,,240,,
OC-2026-001547,30/03/2026,Planilha Parceiro,Tecnoar Servicos,RJ,TV,oled55c4,OLED664811,L2612B,"Manchas escuras no canto inferior direito da tela, cliente relata que aumentaram.",LINHAS_TELA,Media,fechada,2026-04-03,120,2291.8,
OC-2026-001465,2026-08-24,email,Oficina Digital Campinas,SP,Geladeira,GT39SSP,GT39730340,L2605C,"porta nao fecha direito, fica uma fresta",PORTA_DESALINHADA,,Aguardando peca,,120,148.52,
OC-2026-000701,2026-05-11,Planilha Parceiro,Refrigeracao Vale Verde,MG,Geladeira,GCL257FLQ,GCL2277112,,vazando agua embaixo do aparelho,VAZAMENTO_AGUA,Baixa,FECHADA,2026-05-14,240,109.13,
OC-2026-001303,11/03/2026,Formulario,Refrig Vale Verde,MG,Maquina de Lavar,WMT13BW,WMT1788942,L2601C,Cliente relata poca de agua no chao apos o uso.,,Critica,fechada,2026-03-12,72,329.28,
OC-2026-000306,2026-08-21,Formulario,Central Reparos Bandeirantes,SP,Geladeira,GC-L257FLQ,GCL2586886,,"Aparelho nao liga. Tomada testada com outro equipamento, energia OK.",,Baixa,Fechada,24/08/2026,240,655.22,
OC-2026-001695,2026-07-08,email,Norte Eletro,CE,Ar-Condicionado,ACD18MQ,ACD1113078,,"controle nao funciona mais, ja troquei a pilha",CONTROLE_NAO_RESPONDE,Baixa,Fechada,2026-07-26 08:51,240,141.07,
OC-2026-001326,2026-08-17 12:22,formulario,Atlas Manutencao,GO,Geladeira,GT39SSP,GT39140585,L2606B,Gabinete quente. Cliente ja verificou vedacao da porta.,TEMP_ALTA_GABINETE,Alta,aguardando_peca,,72,748.91,
OC-2026-000232,2026-06-25,email,OFICINA DIGITAL CAMPINAS ME,SP,Geladeira,GC-L257FLQ,GCL2737019,L2604B,esquentou tudo dentro,,Baixa,Fechado,2026-06-24,240,929.06,
OC-2026-000187,2026-07-10,Formulario,Central Reparos Bandeirantes,SP,TV,UQ-7550PSF,UQ75932070,L2603B,"Manchas escuras no canto inferior direito da tela, cliente relata que aumentaram.",LINHAS_TELA,Alta,Fechado,2026-08-06 19:08,72,1016.32,
OC-2026-001604,2026-03-28,Formulario,Atlas Manutencao,GO,TV,OLED55C4,OLED247327,L2601C,"controle nao funciona mais, ja troquei a pilha",CONTROLE_NAO_RESPONDE,Critica,Fechado,31/03/2026,72,146.04,
OC-2026-001264,2026-03-13,planilha_parceiro,Eletro Servicos Andrade ME,SP,Monitor,27-UP550,27UP531182,L2612C,aparece sem sinal na tela mesmo com o cabo ligado,,Alta,Fechada,2026-03-23,72,870.95,
OC-2026-001312,2026-04-24,formulario,Prisma Assist Tecnica,PR,Monitor,27-UP550,27UP121349,L2601B,Sem imagem. Audio presente. Cliente ja testou outra fonte de video.,TELA_ESCURA,Alta,Fechado,11/05/2026,72,1589.57,
OC-2026-000319,17-08-2026 19:05,email,Central Reparos Bandeirantes,SP,Geladeira,GCL257FLQ,GCL2114907,,"vazamento constante, cliente teve que colocar pano embaixo",VAZAMENTO_AGUA,,FECHADA,2026-08-21,240,107.32,
OC-2026-000307,2026-03-10,Formulario,Central Reparos Band.,SP,Ar-Condicionado,AC DUAL 9K,ACDU357091,L2612C,"suspeita de vazamento de gas, aparelho gela pouco",,Media,Aguardando peca,,120,659.27,
OC-2026-001523,16/04/2026,Planilha Parceiro,NORTE ELETRO SERVICOS LTDA,CE,TV,OLED55C4,OLED434834,,tela apagada,TELA_ESCURA,Media,FECHADA,2026-04-22,120,464.68,
OC-2026-000438,03-05-2026 13:12,Formulario,Assist Tec Silva,SP,Maquina de Lavar,WD-11WV,WD11598242,L2603B,nao liga de jeito nenhum,NAO_LIGA,Media,Fechado,20/05/2026,120,843.89,
OC-2026-001253,2026-07-16,Formulario,Tecnoar Servicos,RJ,Geladeira,GCL257FLQ,GCL2835305,,,TEMP_ALTA_GABINETE,Alta,Aberta,,72,,
OC-2026-000780,2026-04-06,Formulario,Refrig Vale Verde,MG,Monitor,27-UP550,27UP516170,,Sem imagem. Audio presente. Cliente ja testou outra fonte de video.,,Media,Fechada,14/04/2026,120,542.41,
OC-2026-001181,10/04/2026,formulario,Atlas Manutencao de Equipamentos,GO,Geladeira,GC-L257,GCL2888276,L2601C,"morreu do nada, nao acende nem a luzinha",NAO_LIGA,Baixa,fechada,2026-05-07,240,620.48,
OC-2026-001161,02/08/2026,FORM,NORTE ELETRO SERVICOS LTDA,CE,Ar-Condicionado,ACS12TQ,ACS1728039,L2604B,"Baixa pressao no sistema, indicio de vazamento na linha.",,,FECHADA,24/08/2026,72,586.96,
OC-2026-001432,01/03/2026,planilha_parceiro,Eletro Servicos Andrade ME,SP,Monitor,24MP400,24MP656734,L2612B,apareceu umas linhas verticais na tela,,Baixa,fechada,2026-03-15,240,507.43,
OC-2026-000855,2026-06-30,planilha_parceiro,A.T. SILVA LTDA,SP,Geladeira,GC-L257FLQ,GCL2582281,L2603B,"temperatura do gabinete alta, marcando 14 graus com regulagem no maximo",TEMP_ALTA_GABINETE,Media,EM ATENDIMENTO,,120,,
OC-2026-001239,2026-06-09,E-mail,MegaTec Reparos,BA,Monitor,27-UP550,27UP462343,L2602A,"Aparelho nao liga. Tomada testada com outro equipamento, energia OK.",,Baixa,Fechada,10-06-2026 19:47,240,254.91,
OC-2026-001108,2026-04-12,Formulario,MegaTec Reparos,BA,Maquina de Lavar,WMT13BW,WMT1459323,L2602B,ta pingando agua na parte de tras,ERRO_DISPLAY,Baixa,Fechada,2026-04-15 07:08,240,240.33,
OC-2026-000355,07-05-2026 10:27,formulario,Eletro Servicos Andrade ME,SP,Geladeira,GT39SSP,GT39735643,L2602B,"Porta desalinhada, borracha de vedacao solta em um dos cantos.",PORTA_DESALINHADA,Media,Aguardando peca,,120,191.83,
OC-2026-000184,24-04-2026 09:46,Formulario,Norte Eletro Servicos,CE,Maquina de Lavar,WD-11WV,WD11803455,L2601B,Cliente relata poca de agua no chao apos o uso.,VAZAMENTO_AGUA,Alta,Aguardando peca,,72,256.96,
OC-2026-000043,2026-08-11 07:55,formulario,Assist Tec Silva,SP,Monitor,24-MP400,24MP447934,L2605C,a tela fica piscando o tempo todo,FLICKER,Alta,AGUARDANDO PECA,,72,1072.92,
OC-2026-001963,2026-06-30,Formulario,MegaTec Reparos Ltda,BA,Ar-Condicionado,ACS12TQ,ACS1821597,L2605B,Equipamento liga mas nao resfria. Cliente relata que ja limpou os filtros.,,,Reaberta,,120,,OC-2026-001142
OC-2026-001310,09/05/2026,formulario,Eletro Nordeste,PE,Maquina de Lavar,WM-F60BW,WMF6634491,L2602B,aparece codigo de erro no visor e para tudo,ERRO_DISPLAY,Media,Aberta,,120,,
OC-2026-001732,2026-08-26,E-mail,Norte Eletro,CE,Geladeira,GCB247SLUV,GCB2505776,L2607C,"morreu do nada, nao acende nem a luzinha",,Media,FECHADA,28/08/2026,120,603.52,
OC-2026-001805,08/04/2026,planilha_parceiro,Sul Service,RS,TV,NANO75SQA,NANO612396,,aparece codigo de erro no visor e para tudo,ERRO_DISPLAY,Alta,FECHADA,2026-04-16,72,446.92,
OC-2026-001225,21-05-2026 09:56,E-mail,Assistencia Tecnica Silva Ltda,SP,TV,UQ7550PSF,UQ75616293,L2604C,nao liga de jeito nenhum,,Media,fechada,2026-05-23 14:28,120,576.22,
OC-2026-000261,2026-06-18,email,Sul Service,RS,Maquina de Lavar,WMT13BW,WMT1630125,L2603A,erro no painel,ERRO_DISPLAY,Baixa,FECHADA,12/07/2026,240,410.74,
OC-2026-002038,27/04/2026,planilha_parceiro,OFICINA DIGITAL CAMPINAS ME,SP,Ar-Condicionado,ACDUAL9K,ACDU635498,L2601A,"Aparelho nao esta ligando. Tomada testada com outro equipamento, energia OK.",NAO_LIGA,,aberta,,120,,
OC-2026-000196,2026-03-06,Formulario,Norte Eletro Servicos,CE,Maquina de Lavar,WD-11WV,WD11551367,L2601B,"vazamento constante, cliente teve que colocar pano embaixo",VAZAMENTO_AGUA,Media,Aberta,,120,,
OC-2026-000576,06/04/2026,formulario,Central Reparos Band.,SP,Monitor,27UP550,27UP370270,L2601A,Cintilacao visivel principalmente em fundo claro.,FLICKER,Baixa,fechada,27/04/2026,240,454.86,
OC-2026-001124,2026-06-01,email,MegaTec Reparos Ltda,BA,TV,NANO-75SQA,NANO104301,L2604B,nao liga de jeito nenhum,NAO_LIGA,Alta,Fechada,2026-06-03 07:45,72,284.55,
OC-2026-000511,2026-03-01,E-mail,MEGATEC,BA,Geladeira,GT39SSP,GT39120732,L2611A,"porta nao fecha direito, fica uma fresta",,Alta,Fechada,2026-03-23 16:15,72,547.51,
OC-2026-000267,2026-03-20,Planilha Parceiro,Norte Eletro Servicos,CE,Monitor,24-MP400,24MP694743,L2601A,apareceu umas linhas verticais na tela,,Baixa,em_atendimento,,240,,
OC-2026-001322,2026-04-06,Planilha Parceiro,Prisma Assistencia Tecnica,PR,TV,UQ7550PSF,UQ75192470,L2602C,Controle remoto sem resposta. Aparelho responde aos botoes fisicos.,CONTROLE_NAO_RESPONDE,Baixa,Em atendimento,,240,,
OC-2026-001334,06-06-2026 13:23,planilha_parceiro,Central Reparos Bandeirantes,SP,TV,UQ-7550PSF,UQ75711828,,Controle remoto sem resposta. Aparelho responde aos botoes fisicos.,CONTROLE_NAO_RESPONDE,Baixa,Fechada,26/06/2026,240,121.19,
OC-2026-000702,2026-06-26,Formulario,Sul Service,RS,TV,NANO-75SQA,NANO276959,L2603A,"controle nao funciona mais, ja troquei a pilha",,Media,Fechada,2026-06-28,120,205.72,
OC-2026-000295,16-06-2026 09:59,FORM,PRISMA AT,PR,TV,NANO75SQA,NANO782673,L2603C,sem som nenhum,SEM_AUDIO,,FECHADA,2026-06-22 08:40,240,361.5,
OC-2026-000786,2026-06-18,Formulario,Assist Tec Silva,SP,Maquina de Lavar,WM-T13BW,WMT1533801,L2604B,"nao centrifuga, roupa sai encharcada",NAO_LIGA,Alta,Fechada,24/06/2026,72,466.16,
OC-2026-000977,2026-05-19 09:04,Formulario,OFICINA DIGITAL CAMPINAS ME,SP,Geladeira,GCL257FLQ,GCL2225231,,"vazamento constante, cliente teve que colocar pano embaixo",VAZAMENTO_AGUA,Media,ABERTA,,120,,
OC-2026-000508,2026-08-11,E-mail,Eletro Nordeste,PE,Maquina de Lavar,WMT13BW,WMT1126880,,nao liga de jeito nenhum,,Media,Aguardando peca,,120,829.07,
OC-2026-002041,2026-08-19,planilha_parceiro,Sul Service Eletrodomesticos,RS,Maquina de Lavar,WM-T13BW,WMT1718013,L2605B,,VAZAMENTO_AGUA,Alta,aberta,,72,221.06,
OC-2026-000448,21/04/2026,E-mail,NORTE ELETRO SERVICOS LTDA,CE,TV,OLED55C4,OLED618411,L2602C,apareceu umas linhas verticais na tela,LINHAS_TELA,Baixa,Fechado,2026-05-19,240,2130.01,
OC-2026-000800,2026-04-02,formulario,ELETRO NORDESTE ASSIST LTDA,PE,Geladeira,GT-39SSP,GT39808582,L2602A,"Porta desalinhada, borracha de vedacao solta em um dos cantos.",PORTA_DESALINHADA,Media,Aberta,,120,,
OC-2026-001423,2026-06-03,formulario,Prisma Assist Tecnica,PR,Ar-Condicionado,ACDUAL9K,ACDU718354,L2602A,"Baixa pressao no sistema, indicio de vazamento na linha.",,Media,Fechada,07/06/2026,120,418.59,
OC-2026-001022,16/03/2026,Formulario,ELETRO SERV ANDRADE,SP,Ar-Condicionado,AC-DUAL9K,ACDU227577,,"morreu do nada, nao acende nem a luzinha",NAO_LIGA,Critica,EM ATENDIMENTO,,72,,
OC-2026-001918,2026-07-27,formulario,Eletro Nordeste Assistencia,PE,Maquina de Lavar,WM-F60BW,WMF6354965,,"instalacao feita as pressas, mangueira nao encaixou e vaza toda vez que enche",VAZAMENTO_AGUA,Alta,Aguardando peca,,72,89.47,
OC-2026-002037,2026-06-01,FORM,SUL SERVICE ELETRO,RS,TV,OLED55C4,OLED725770,,apareceu umas linhas verticais na tela,,Alta,ABERTA,,72,702.56,
OC-2026-001996,2026-06-11,E-mail,REFRIGERACAO VALE VERDE LTDA,MG,Geladeira,GT-39SSP,GT39916017,L2605B,"vazamento constante, cliente teve que colocar pano embaixo",VAZAMENTO_AGUA,Alta,reaberta,,72,109.12,OC-2026-000937
OC-2026-000243,30/05/2026,FORM,PRISMA AT,PR,TV,NANO75SQA,NANO980634,L2602C,apareceu umas linhas verticais na tela,,Baixa,Aguardando peca,,240,419.13,
OC-2026-001429,2026-04-05,E-mail,ELETRO NORDESTE ASSIST LTDA,PE,Geladeira,GT39SSP,GT39581849,,"temperatura do gabinete alta, marcando 14 graus com regulagem no maximo",TEMP_ALTA_GABINETE,Critica,EM ATENDIMENTO,,72,,
OC-2026-001851,2026-07-10,E-mail,MegaTec Reparos,BA,Geladeira,GC-B247SLUV,GCB2698003,L2606C,"novinha e ja parou de gelar, ta com uns 3 meses so",TEMP_ALTA_GABINETE,Alta,FECHADA,2026-07-17,72,836.44,
OC-2026-000768,2026-05-30,Formulario,Oficina Digital Campinas,SP,Maquina de Lavar,wd-11wv,WD11540437,L2603B,vazando agua embaixo do aparelho,,Baixa,Fechada,2026-06-15,240,317.27,
OC-2026-000608,2026-08-09 08:44,email,Prisma Assistencia Tecnica,PR,Monitor,34-WP65C,34WP129497,,aparece sem sinal na tela mesmo com o cabo ligado,SEM_SINAL,Alta,ABERTA,,72,,
OC-2026-000162,2026-08-07,Formulario,CENTRAL REPAROS BANDEIRANTES SA,SP,Maquina de Lavar,WMT13BW,WMT1602347,L2605C,para na centrifugacao e apita,NAO_CENTRIFUGA,Baixa,Fechada,2026-08-26,240,191.79,
OC-2026-001722,2026-05-13,Planilha Parceiro,Central Reparos Bandeirantes,SP,Geladeira,GC-L257FLQ,GCL2514808,L2602A,"morreu do nada, nao acende nem a luzinha",NAO_LIGA,Baixa,Fechado,14/05/2026,240,265.92,
OC-2026-001780,2026-06-03,E-mail,Eletro Nordeste Assistencia,PE,TV,OLED55C4,OLED750295,L2604C,"Aparelho nao liga. Tomada testada com outro equipamento, energia OK.",NAO_LIGA,Alta,Fechada,2026-06-23,72,502.86,
OC-2026-000552,2026-05-02,E-mail,Assistencia Tecnica Silva Ltda,SP,Geladeira,GC-L257,GCL2704115,L2602B,"porta nao fecha direito, fica uma fresta",PORTA_DESALINHADA,,fechada,2026-05-20,72,94.05,
OC-2026-001227,2026-04-05,Planilha Parceiro,MegaTec Reparos,BA,Geladeira,GT-39SSP,GT39879974,L2612B,Gabinete quente. Cliente ja verificou vedacao da porta.,TEMP_ALTA_GABINETE,Media,ABERTA,,120,,
OC-2026-000120,2026-05-28,email,ELETRO NORDESTE ASSIST LTDA,PE,Maquina de Lavar,WD-11WV,WD11821481,L2603A,Display apresenta codigo de erro intermitente. Cliente ja tentou reset.,,Baixa,Fechada,2026-06-02,240,552.48,
OC-2026-001067,2026-06-26,planilha_parceiro,Tecnoar Servicos,RJ,TV,OLED-55C4,OLED609893,L2602A,nao liga de jeito nenhum,,Media,fechada,2026-07-02,120,554.62,
OC-2026-000469,05/08/2026,Formulario,PRISMA AT,PR,TV,UQ-7550PSF,UQ75867798,L2606B,"controle nao funciona mais, ja troquei a pilha",,,Fechada,2026-08-30,120,815.18,
OC-2026-000559,2026-05-20,Formulario,Prisma Assist Tecnica,PR,Maquina de Lavar,WM-T13BW,WMT1198414,L2603A,Maquina completa o ciclo mas nao centrifuga.,,Alta,fechada,2026-06-05 12:35,72,255.14,
OC-2026-001913,2026-07-09 17:49,E-mail,NORTE ELETRO SERVICOS LTDA,CE,Maquina de Lavar,WM-F60BW,WMF6939446,L2605B,"agua vazando na parte de tras, mangueira solta",VAZAMENTO_AGUA,Media,aberta,,120,172.32,
OC-2026-001349,2026-07-27,Planilha Parceiro,CENTRAL REPAROS BANDEIRANTES SA,SP,Maquina de Lavar,WMT13BW,WMT1817659,L2606C,"nao escoa a agua, fica cheia",,,FECHADA,2026-08-23 16:40,72,437.31,
OC-2026-000817,2026-03-13,Planilha Parceiro,Refrigeracao Vale Verde,MG,TV,UQ7550PSF,UQ75639906,L2611A,"Aparelho nao liga. Tomada testada com outro equipamento, energia OK.",,Media,Fechada,14/03/2026,120,466.94,
OC-2026-001912,08/07/2026,E-mail,Norte Eletro,CE,Maquina de Lavar,WM-F60BW,WMF6229021,L2604B,"instalacao feita as pressas, mangueira nao encaixou e vaza toda vez que enche",VAZAMENTO_AGUA,Media,aguardando_peca,,120,147.89,
OC-2026-000590,2026-06-11,email,OFICINA DIGITAL CAMPINAS ME,SP,Maquina de Lavar,WMT13BW,WMT1195410,L2604A,"nao escoa a agua, fica cheia",NAO_DRENA,Media,Fechado,23/06/2026,120,233.74,
OC-2026-002033,23/08/2026,FORM,assistencia tecnica silva,SP,Geladeira,GT-39SSP,GT39287855,L2605B,"A parte de baixo nao esta gelando mais, o freezer ainda funciona normal.",,Media,ABERTA,,120,1246.9,OC-2026-000742
OC-2026-001563,11/03/2026,planilha_parceiro,Eletro Servicos Andrade,SP,Maquina de Lavar,WMT13BW,WMT1174437,L2601B,aparece codigo de erro no visor e para tudo,ERRO_DISPLAY,Baixa,Fechado,2026-03-18,240,421.72,
OC-2026-001428,21-08-2026 10:47,Formulario,SUL SERVICE ELETRO,RS,Maquina de Lavar,WM F60BW,WMF6235376,L2605C,nao liga de jeito nenhum,VAZAMENTO_AGUA,,Fechada,2026-09-18,240,69.14,
OC-2026-000288,2026-03-07,email,Atlas Manutencao de Equipamentos,GO,Maquina de Lavar,WMT13BW,WMT1680045,L2612A,"vazamento constante, cliente teve que colocar pano embaixo",,Alta,EM ATENDIMENTO,,72,,
OC-2026-000353,17/06/2026,email,Central Reparos Band.,SP,Monitor,34WP65C,34WP318275,L2603A,tela apagada,LINHAS_TELA,Media,fechada,14/07/2026,120,1817.02,
OC-2026-001648,2026-04-04,Formulario,assistencia tecnica silva,SP,Ar-Condicionado,AC-D18MQ,ACD1421019,,,,Media,fechada,2026-05-01,120,208.47,
OC-2026-001790,2026-03-06,E-mail,Atlas Manutencao de Equipamentos,GO,Monitor,24-MP400,24MP472754,L2601B,aparece sem sinal na tela mesmo com o cabo ligado,SEM_SINAL,Baixa,ABERTA,,240,,
OC-2026-001532,2026-06-25,Formulario,Eletro Servicos Andrade ME,SP,TV,NANO75SQA,NANO742159,L2604C,tela apagada,TELA_ESCURA,Baixa,ABERTA,,240,,
OC-2026-001069,05/03/2026,planilha_parceiro,NORTE ELETRO SERVICOS LTDA,CE,TV,NANO-75SQA,NANO989603,L2601C,tela preta mas o som funciona,TELA_ESCURA,Media,Fechado,2026-04-01,120,1343.99,
OC-2026-000104,2026-07-12,Formulario,Prisma Assist Tecnica,PR,Maquina de Lavar,wd-11wv,WD11919870,L2604B,"morreu do nada, nao acende nem a luzinha",NAO_LIGA,Media,fechada,2026-07-29,120,767.41,
OC-2026-001737,2026-07-30,E-mail,Refrig Vale Verde,MG,Maquina de Lavar,WD-11WV,WD11204798,,"nao escoa a agua, fica cheia",,Media,fechada,2026-08-25,120,721.18,
OC-2026-001047,24-06-2026 10:13,planilha_parceiro,Sul Service,RS,Maquina de Lavar,WMT13BW,WMT1200209,L2603A,nao liga de jeito nenhum,,Media,EM ATENDIMENTO,,120,,
OC-2026-001163,2026-03-25 17:55,Formulario,Central Reparos Bandeirantes,SP,Maquina de Lavar,WMT13BW,WMT1494933,L2601B,"nao escoa a agua, fica cheia",,Media,FECHADA,2026-04-01,120,452.36,
OC-2026-000059,06/06/2026,E-mail,Oficina Digital Campinas,SP,TV,UQ7550PSF,UQ75756598,L2603A,aparece codigo de erro no visor e para tudo,ERRO_DISPLAY,Baixa,Aberta,,240,,
OC-2026-000285,2026-07-01,Formulario,Atlas Manutencao,GO,Geladeira,GCL257FLQ,GCL2688275,,"A parte de baixo nao gela mais, o freezer ainda funciona normal.",NAO_LIGA,Baixa,aberta,,240,,
OC-2026-000281,2026-06-01,formulario,assistencia tecnica silva,SP,TV,oled55c4,OLED478868,,Sem imagem. Audio presente. Cliente ja testou outra fonte de video.,TELA_ESCURA,Media,aguardando_peca,,120,1284.59,
OC-2026-001409,2026-05-28,planilha_parceiro,assistencia tecnica silva,SP,Ar-Condicionado,AC-D18MQ,ACD1956920,,Controle remoto sem resposta. Aparelho responde aos botoes fisicos.,,Media,Fechado,29/05/2026,120,878.38,
OC-2026-001103,10/03/2026,planilha_parceiro,Oficina Digital,SP,Geladeira,GCL257FLQ,GCL2866007,L2602B,ta pingando agua na parte de tras,VAZAMENTO_AGUA,Alta,Fechado,2026-03-20,72,68.14,
OC-2026-001709,23/07/2026,E-mail,OFICINA DIGITAL CAMPINAS ME,SP,TV,NANO75SQA,NANO413588,,Sem imagem. Audio presente. Cliente ja testou outra fonte de video.,TELA_ESCURA,Media,FECHADA,24/07/2026,120,1424.11,
OC-2026-001199,2026-03-07,Formulario,MegaTec Reparos,BA,Maquina de Lavar,wd-11wv,WD11423812,L2611C,"morreu do nada, nao acende nem a luzinha",NAO_LIGA,Alta,fechada,26/03/2026,72,803.03,
OC-2026-000242,2026-06-30 13:01,Formulario,Refrig Vale Verde,MG,Maquina de Lavar,WMT13BW,WMT1669594,L2603A,agua fica parada no tambor,,Baixa,Fechado,2026-07-13,240,542.18,
OC-2026-001121,2026-06-20 09:12,Planilha Parceiro,Central Reparos Bandeirantes,SP,Geladeira,GC-L257FLQ,GCL2478257,L2603B,"geladeira parou de gelar, so o congelador ta gelando um pouco",NAO_GELA,,AGUARDANDO PECA,,240,911.58,
OC-2026-000589,2026-05-13,E-mail,REFRIGERACAO VALE VERDE LTDA,MG,Geladeira,GC-L257FLQ,GCL2766861,L2604C,"Ruido intermitente na parte traseira, cliente relata que piorou nas ultimas semanas.",,Baixa,Aberta,,240,,
OC-2026-001962,24-07-2026 19:01,email,Oficina Digital Campinas,SP,Ar-Condicionado,AC-DUAL9K,ACDU256627,,"nao gela o ambiente, so joga ar quente",NAO_RESFRIA,Media,Reaberta,,120,637.78,OC-2026-000373
OC-2026-001995,2026-07-27 11:00,Planilha Parceiro,Sul Service,RS,TV,NANO-75SQA,NANO938691,,nao liga de jeito nenhum,,Media,REABERTA,,120,,OC-2026-001233
OC-2026-000190,,Formulario,Tecnoar Servicos Eireli,RJ,Geladeira,GT39SSP,GT39953802,,nao liga de jeito nenhum,,Baixa,aguardando_peca,,240,335.26,
OC-2026-001238,2026-03-07,planilha_parceiro,Eletro Nordeste,PE,Maquina de Lavar,WMF60BW,WMF6854326,L2601B,"vazamento constante, cliente teve que colocar pano embaixo",,Media,FECHADA,30/03/2026,120,202.91,
OC-2026-000212,2026-07-29,planilha_parceiro,NORTE ELETRO SERVICOS LTDA,CE,Maquina de Lavar,WMT13BW,WMT1513918,,"nao centrifuga, roupa sai encharcada",,Alta,fechada,2026-07-31,72,423.53,
OC-2026-000082,2026-06-01,Formulario,Eletro Servicos Andrade ME,SP,Geladeira,GC-L257FLQ,GCL2686179,L2602B,"temperatura do gabinete alta, marcando 14 graus com regulagem no maximo",,Baixa,Em atendimento,,240,,
OC-2026-000532,2026-07-21,E-mail,PRISMA AT,PR,Maquina de Lavar,WD-11WV,WD11523126,L2606B,"Aparelho nao liga. Tomada testada com outro equipamento, energia OK.",NAO_LIGA,Baixa,Fechado,05-08-2026 10:55,240,286.32,
OC-2026-001853,2026-07-26,Planilha Parceiro,MegaTec Reparos,BA,Geladeira,GCB247SLUV,GCB2142842,L2607A,"aparelho com 2 meses, gelou normal no comeco e depois foi perdendo, agora nao gela mais nada",,Media,Fechada,08/08/2026,120,1201.7,
OC-2026-000657,2026-06-06,E-mail,Assistencia Tecnica Silva Ltda,SP,Ar-Condicionado,AC-D18MQ,ACD1596645,L2602A,"morreu do nada, nao acende nem a luzinha",NAO_LIGA,Alta,Fechado,2026-06-09,72,400.66,
OC-2026-001530,2026-08-29,Planilha Parceiro,Refrigeracao Vale Verde,MG,Monitor,27UP550,27UP512391,,"morreu do nada, nao acende nem a luzinha",,Media,Fechado,2026-09-16,120,355.69,
OC-2026-001093,2026-06-03 17:32,E-mail,PRISMA AT,PR,Maquina de Lavar,WMF60BW,WMF6744119,,ta pingando agua na parte de tras,,Alta,ABERTA,,72,,
OC-2026-000410,28/03/2026,Formulario,OFICINA DIGITAL CAMPINAS ME,SP,Geladeira,GT-39SSP,GT39166279,,faz um barulho alto de tempos em tempos,RUIDO_COMPRESSOR,,Em atendimento,,240,,
OC-2026-001368,29/03/2026,email,Norte Eletro,CE,TV,OLED55C4,OLED871088,,tela apagada,TELA_ESCURA,,fechada,20/04/2026,240,1300.41,
OC-2026-001427,05/05/2026,formulario,OFICINA DIGITAL CAMPINAS ME,SP,Ar-Condicionado,ACD18MQ,ACD1274598,L2602A,"Unidade externa com ruido alto durante a operacao, vizinhos reclamaram.",RUIDO_UNIDADE_EXTERNA,Baixa,AGUARDANDO PECA,,240,551.01,
OC-2026-001102,10/03/2026,Formulario,Assist Tec Silva,SP,Geladeira,GT-39SSP,GT39760866,L2601A,,,,Aguardando peca,,120,806.83,
OC-2026-002028,14/08/2026,FORM,Assist Tec Silva,SP,Geladeira,GCB247SLUV,GCB2355689,L2606B,Cliente relata que apos cerca de dois meses de uso o gabinete parou de refrigerar. Placa de controle suspeita.,,Alta,ABERTA,,72,999.4,
OC-2026-000876,2026-05-03,Planilha Parceiro,OFICINA DIGITAL CAMPINAS ME,SP,Maquina de Lavar,WM-T13BW,WMT1116654,,nao liga de jeito nenhum,,Media,Em atendimento,,120,,
OC-2026-000799,2026-05-20,formulario,Refrigeracao Vale Verde,MG,TV,oled55c4,OLED493053,L2601C,sem som nenhum,SEM_AUDIO,Media,fechada,2026-06-11,120,146.91,
OC-2026-000214,10/03/2026,Planilha Parceiro,ELETRO SERV ANDRADE,SP,TV,OLED-55C4,OLED699500,L2601B,tela preta mas o som funciona,,Baixa,Aguardando peca,,240,396.74,
OC-2026-001020,2026-04-02,Formulario,MegaTec Reparos,BA,Geladeira,GT39SSP,GT39873532,L2601B,faz um barulho alto de tempos em tempos,,Media,Fechado,2026-04-28,120,371.21,
OC-2026-001854,2026-07-14,Planilha Parceiro,Sul Service,RS,Geladeira,GCB247SLUV,GCB2803429,L2607A,"geladeira nova parou de funcionar, o motor fica ligando e desligando toda hora e nao gela",,Critica,aguardando_peca,,72,881.54,
OC-2026-000493,,Planilha Parceiro,Central Reparos Bandeirantes,SP,TV,UQ7550PSF,UQ75453461,L2602C,Audio ausente pelos alto-falantes internos. Saida optica funciona.,,Media,Fechado,21-06-2026 17:30,120,547.93,
OC-2026-001296,2026-04-23,formulario,REFRIGERACAO VALE VERDE LTDA,MG,Maquina de Lavar,WM F60BW,WMF6788088,L2612A,ta pingando agua na parte de tras,VAZAMENTO_AGUA,,fechada,15/05/2026,120,85.29,
OC-2026-000933,2026-08-05,Planilha Parceiro,ELETRO SERV ANDRADE,SP,Geladeira,GC-B247SLUV,GCB2758188,L2604C,"Porta desalinhada, borracha de vedacao solta em um dos cantos.",,Baixa,Fechado,23/08/2026,240,751.47,
OC-2026-001839,2026-07-26,formulario,REFRIGERACAO VALE VERDE LTDA,MG,Geladeira,gc-b247sluv,GCB2837513,L2606C,Equipamento com aproximadamente 70 dias de uso apresentou perda total de refrigeracao. Compressor em ciclo curto.,TEMP_ALTA_GABINETE,Alta,fechada,2026-08-13 10:56,72,1122.6,
OC-2026-001617,13/03/2026,Formulario,Eletro Nordeste Assistencia,PE,Geladeira,GT-39SSP,GT39915597,L2612C,"Aparelho nao liga. Tomada testada com outro equipamento, energia OK.",,Baixa,FECHADA,2026-03-23,240,929.63,
OC-2026-000953,2026-05-22,Formulario,NORTE ELETRO SERVICOS LTDA,CE,Geladeira,GCL257FLQ,GCL2391976,L2602B,"A parte de baixo nao gela mais, o freezer ainda funciona normal.",,Media,Fechado,2026-05-28 18:44,120,830.96,
OC-2026-000160,2026-05-16,E-mail,CENTRAL REPAROS BANDEIRANTES SA,SP,Maquina de Lavar,wd-11wv,WD11428901,L2603A,para na centrifugacao e apita,NAO_CENTRIFUGA,Alta,Fechado,2026-06-13 14:00,72,487.93,
OC-2026-000182,03/04/2026,FORM,Oficina Digital,SP,TV,UQ-7550PSF,UQ75222134,L2601A,sem som nenhum,,Baixa,Fechada,27/04/2026,240,834.42,
OC-2026-001930,2026-07-23,formulario,NORTE ELETRO SERVICOS LTDA,CE,Maquina de Lavar,WMF60BW,WMF6941506,L2606C,"instalacao feita as pressas, mangueira nao encaixou e vaza toda vez que enche",VAZAMENTO_AGUA,Alta,Fechado,2026-07-27,72,98.72,
OC-2026-000208,08/04/2026,Planilha Parceiro,Assistencia Tecnica Silva Ltda,SP,Geladeira,GT-39SSP,GT39311601,L2602C,Cliente relata poca de agua no chao apos o uso.,VAZAMENTO_AGUA,Media,Fechada,2026-05-01 16:53,120,115.75,
OC-2026-001330,2026-05-29,email,MegaTec Reparos Ltda,BA,Maquina de Lavar,WD11WV,WD11435060,L2603C,"Aparelho nao liga. Tomada testada com outro equipamento, energia OK.",,Alta,FECHADA,02/06/2026,72,931.15,
OC-2026-001866,2026-08-13,E-mail,MEGATEC,BA,Geladeira,GC B247SLUV,GCB2388046,L2606B,"aparelho com 2 meses, gelou normal no comeco e depois foi perdendo, agora nao gela mais nada",TEMP_ALTA_GABINETE,Critica,FECHADA,2026-08-26,72,1299.59,
OC-2026-000339,2026-08-31,FORM,SUL SERVICE ELETRO,RS,TV,UQ7550PSF,UQ75397926,L2608B,"Manchas escuras no canto inferior direito da tela, cliente relata que aumentaram.",,Alta,Em atendimento,,72,,
OC-2026-001375,2026-08-29,planilha_parceiro,MegaTec Reparos,BA,TV,OLED55C4,OLED544807,,"Aparelho nao liga. Tomada testada com outro equipamento, energia OK.",NAO_LIGA,Baixa,Fechado,2026-09-24,240,759.08,
OC-2026-001053,10/08/2026,FORM,Refrig Vale Verde,MG,Geladeira,GCL257FLQ,GCL2901065,L2604C,"Aparelho nao liga. Tomada testada com outro equipamento, energia OK.",,Alta,aguardando_peca,,72,376.7,
OC-2026-000167,2026-05-13,Formulario,Central Reparos Bandeirantes,SP,TV,oled55c4,OLED442903,L2604A,"Manchas escuras no canto inferior direito da tela, cliente relata que aumentaram.",,,Fechada,08/06/2026,72,288.33,
OC-2026-001026,17-07-2026 11:13,Planilha Parceiro,TECNOAR,RJ,Monitor,24MP400,24MP789262,L2604B,apareceu umas linhas verticais na tela,,,fechada,2026-08-13,240,967.01,
OC-2026-001377,2026-08-28,email,Oficina Digital,SP,Geladeira,GC-L257FLQ,GCL2582322,,"Aparelho nao liga. Tomada testada com outro equipamento, energia OK.",NAO_LIGA,Alta,EM ATENDIMENTO,,72,,
OC-2026-001252,2026-04-18 07:58,Formulario,Norte Eletro Servicos,CE,Maquina de Lavar,WMT13BW,WMT1106635,L2612A,Maquina completa o ciclo mas nao centrifuga.,NAO_DRENA,,EM ATENDIMENTO,,240,,
OC-2026-000155,2026-08-05,Formulario,Sul Service Eletrodomesticos,RS,Geladeira,GCL257FLQ,GCL2354693,L2606A,Gabinete quente. Cliente ja verificou vedacao da porta.,,Media,Fechado,2026-08-18,120,248.01,
OC-2026-000512,2026-04-11,formulario,SUL SERVICE ELETRO,RS,TV,oled55c4,OLED706338,L2612A,Controle remoto sem resposta. Aparelho responde aos botoes fisicos.,,Baixa,aberta,,240,,
OC-2026-001850,2026-07-15,email,SUL SERVICE ELETRO,RS,Geladeira,GC B247SLUV,GCB2678224,L2606A,"com uns 60 dias de uso comecou a esquentar dentro, hoje nao gela mais",TEMP_ALTA_GABINETE,Media,EM ATENDIMENTO,,120,1120.31,
OC-2026-001619,2026-08-13,Planilha Parceiro,PRISMA AT,PR,TV,UQ-7550PSF,UQ75137283,L2606B,Controle remoto sem resposta. Aparelho responde aos botoes fisicos.,CONTROLE_NAO_RESPONDE,Media,aguardando_peca,,120,138.23,
OC-2026-001647,25/04/2026,E-mail,Prisma Assist Tecnica,PR,TV,NANO75SQA,NANO390068,L2603A,Sem imagem. Audio presente. Cliente ja testou outra fonte de video.,,Baixa,Fechado,2026-05-22,240,857.84,
OC-2026-001906,2026-07-20,Planilha Parceiro,Eletro Nordeste Assistencia,PE,Maquina de Lavar,WM-F60BW,WMF6788183,L2605B,"agua vazando na parte de tras, mangueira solta",VAZAMENTO_AGUA,Media,fechada,2026-08-01,120,159.92,
OC-2026-000811,2026-03-03,Planilha Parceiro,CENTRAL REPAROS BANDEIRANTES SA,SP,Maquina de Lavar,WMF60BW,WMF6438118,L2601B,Cliente relata poca de agua no chao apos o uso.,,Media,AGUARDANDO PECA,,120,607.3,
OC-2026-000402,12/07/2026,Formulario,Eletro Servicos Andrade,SP,Monitor,27-UP550,27UP214130,L2604A,risco na tela do lado esquerdo,LINHAS_TELA,Media,fechada,2026-08-02,120,1750.98,
OC-2026-000426,2026-05-02 09:56,E-mail,MegaTec Reparos Ltda,BA,Ar-Condicionado,AC-D18MQ,ACD1722625,L2602C,"nao gela o ambiente, so joga ar quente",NAO_RESFRIA,Alta,FECHADA,19/05/2026,72,262.57,
OC-2026-001580,2026-04-12,email,Atlas Manutencao de Equipamentos,GO,Maquina de Lavar,WM-T13BW,WMT1634276,,"nao escoa a agua, fica cheia",,Media,fechada,2026-05-05,120,279.37,
OC-2026-000517,2026-08-16,Formulario,Eletro Servicos Andrade ME,SP,Geladeira,GC-L257,GCL2273701,L2604A,"temperatura do gabinete alta, marcando 14 graus com regulagem no maximo",TEMP_ALTA_GABINETE,Critica,fechada,2026-08-27,72,419.97,
OC-2026-000252,2026-03-07,Formulario,Assist Tec Silva,SP,TV,OLED55C4,OLED662176,L2602B,Audio ausente pelos alto-falantes internos. Saida optica funciona.,,Baixa,FECHADA,2026-03-19,240,796.62,
OC-2026-001597,2026-08-17,E-mail,Central Reparos Bandeirantes,SP,Ar-Condicionado,AC-D18MQ,ACD1852966,L2607C,nao resfria mais,,Media,FECHADA,2026-09-05,120,492.04,
OC-2026-002042,2026-04-13,Planilha Parceiro,CENTRAL REPAROS BANDEIRANTES SA,SP,TV,NANO-75SQA,NANO340501,,aparece codigo de erro no visor e para tudo,,Media,Aberta,,120,585.18,
OC-2026-000298,2026-05-19,Planilha Parceiro,MEGATEC,BA,TV,OLED-55C4,OLED186763,,tela preta mas o som funciona,,Media,fechada,2026-05-26,120,523.33,
OC-2026-001819,2026-05-31,Planilha Parceiro,MEGATEC,BA,Monitor,34WP65C,34WP529980,,"morreu do nada, nao acende nem a luzinha",LINHAS_TELA,Critica,Em atendimento,,72,,
OC-2026-000863,26-06-2026 15:44,formulario,ATLAS MANUT EQUIP,GO,Maquina de Lavar,WM-T13BW,WMT1895385,L2605C,agua fica parada no tambor,,Baixa,Em atendimento,,240,,
OC-2026-001059,2026-07-28,E-mail,Refrigeracao Vale Verde,MG,TV,NANO-75SQA,NANO952632,L2604C,Controle remoto sem resposta. Aparelho responde aos botoes fisicos.,CONTROLE_NAO_RESPONDE,,fechada,2026-08-16,120,70.43,
OC-2026-000188,2026-06-19,E-mail,SUL SERVICE ELETRO,RS,TV,OLED-55C4,OLED933284,,nao liga de jeito nenhum,,Baixa,Fechada,2026-07-05,240,816.82,
OC-2026-000893,2026-06-17,E-mail,Central Reparos Bandeirantes,SP,Maquina de Lavar,WD11WV,WD11953242,,vazando agua embaixo do aparelho,VAZAMENTO_AGUA,Alta,Fechado,2026-06-23,72,122.57,
OC-2026-000318,2026-03-05,planilha_parceiro,assistencia tecnica silva,SP,Geladeira,GT39SSP,GT39844057,L2612B,Gabinete quente. Cliente ja verificou vedacao da porta.,,Media,Fechado,2026-02-26,120,684.15,
OC-2026-000174,17-07-2026 09:36,planilha_parceiro,assistencia tecnica silva,SP,Maquina de Lavar,WM-T13BW,WMT1745998,L2605C,"Aparelho nao liga. Tomada testada com outro equipamento, energia OK.",NAO_LIGA,,fechada,2026-08-04,120,579.3,
OC-2026-001247,02/05/2026,E-mail,MEGATEC,BA,TV,OLED-55C4,OLED485024,L2602A,"morreu do nada, nao acende nem a luzinha",NAO_LIGA,Baixa,Fechada,2026-05-17,240,967.61,
OC-2026-001392,2026-04-16,Planilha Parceiro,MegaTec Reparos Ltda,BA,Maquina de Lavar,WMT13BW,WMT1779395,,"vazamento constante, cliente teve que colocar pano embaixo",,Baixa,fechada,2026-04-26,240,938.03,
OC-2026-000006,2026-06-29,Formulario,ATLAS MANUT EQUIP,GO,Geladeira,GC-L257,GCL2534404,,ta pingando agua na parte de tras,VAZAMENTO_AGUA,Alta,EM ATENDIMENTO,,72,,
OC-2026-001298,2026-08-08,Formulario,Norte Eletro Servicos,CE,Geladeira,GCL257FLQ,GCL2985564,L2605C,ta pingando agua na parte de tras,VAZAMENTO_AGUA,Media,Fechada,2026-08-17,120,69.52,
OC-2026-001356,06/07/2026,Formulario,Sul Service Eletrodomesticos,RS,Geladeira,GT-39SSP,GT39403291,,vazando agua embaixo do aparelho,,Media,Fechado,2026-07-17,120,741.9,
OC-2026-000144,2026-07-31,Formulario,Tecnoar Servicos,RJ,Geladeira,GC-L257FLQ,GCL2299813,,"Porta desalinhada, borracha de vedacao solta em um dos cantos.",PORTA_DESALINHADA,Media,Fechada,07/08/2026,120,196.12,
OC-2026-002043,2026-03-18 11:49,formulario,Assistencia Tecnica Silva Ltda,SP,Geladeira,GCL257FLQ,GCL2489720,L2601C,esquentou tudo dentro,NAO_GELA,,ABERTA,,120,1173.57,
OC-2026-001954,06-08-2026 16:11,planilha_parceiro,MegaTec Reparos,BA,TV,OLED55C4,OLED425638,L2604B,tela apagada,,Alta,Reaberta,,72,824.33,OC-2026-000974
OC-2026-000235,15/07/2026,Formulario,Oficina Digital Campinas,SP,Monitor,27-UP550,27UP965240,L2605C,tela apagada,,Media,Fechado,31/07/2026,120,884.08,
OC-2026-001274,01/04/2026,Planilha Parceiro,Central Reparos Band.,SP,TV,UQ7550PSF,UQ75871518,L2602B,Display apresenta codigo de erro intermitente. Cliente ja tentou reset.,ERRO_DISPLAY,Alta,FECHADA,2026-04-06,72,257.14,
OC-2026-001773,2026-04-04,formulario,Norte Eletro,CE,Ar-Condicionado,AC DUAL 9K,ACDU664101,L2601B,"morreu do nada, nao acende nem a luzinha",,Baixa,fechada,14/04/2026,240,286.13,
OC-2026-001678,2026-03-13,Formulario,Eletro Nordeste,PE,Maquina de Lavar,WD-11WV,WD11405516,L2601C,agua fica parada no tambor,NAO_DRENA,Media,EM ATENDIMENTO,,120,,
OC-2026-001421,2026-04-24,Formulario,SUL SERVICE ELETRO,RS,TV,UQ-7550PSF,UQ75726047,L2612C,apareceu umas linhas verticais na tela,,Baixa,fechada,2026-05-11,240,845.84,
OC-2026-000010,2026-07-12,planilha_parceiro,PRISMA AT,PR,TV,NANO-75SQA,NANO958956,L2605B,"controle nao funciona mais, ja troquei a pilha",CONTROLE_NAO_RESPONDE,Media,Fechada,2026-07-23,120,48.12,
OC-2026-000932,2026-05-13,E-mail,Eletro Servicos Andrade ME,SP,Maquina de Lavar,wd-11wv,WD11926764,L2602A,aparece codigo de erro no visor e para tudo,ERRO_DISPLAY,Alta,fechada,05/05/2026,72,334.43,
OC-2026-000097,07/06/2026,Formulario,Eletro Nordeste Assistencia,PE,Geladeira,GT39SSP,GT39808222,L2602C,nao liga de jeito nenhum,,Alta,FECHADA,03/07/2026,72,889.64,
OC-2026-001657,2026-06-03,planilha_parceiro,Refrig Vale Verde,MG,Ar-Condicionado,ACD18MQ,ACD1737374,,Equipamento liga mas nao resfria. Cliente relata que ja limpou os filtros.,NAO_RESFRIA,Alta,AGUARDANDO PECA,,72,475.35,
OC-2026-000650,2026-05-05,Planilha Parceiro,Central Reparos Bandeirantes,SP,Ar-Condicionado,AC-D18MQ,ACD1663146,L2601A,condensadora fazendo muito barulho,,Alta,EM ATENDIMENTO,,72,,
OC-2026-001379,2026-04-24,E-mail,Refrig Vale Verde,MG,Maquina de Lavar,WD11WV,WD11400824,,Display apresenta codigo de erro intermitente. Cliente ja tentou reset.,NAO_CENTRIFUGA,Baixa,FECHADA,2026-05-20,240,595.77,
OC-2026-001265,2026-08-06,email,TECNOAR,RJ,Geladeira,GT-39SSP,GT39176809,L2605C,"morreu do nada, nao acende nem a luzinha",,Media,FECHADA,2026-09-03,120,275.19,
OC-2026-000726,2026-08-05,Formulario,Central Reparos Band.,SP,TV,NANO-75SQA,NANO633336,L2605A,"morreu do nada, nap acende nem a luzinha",NAO_LIGA,Baixa,ABERTA,,240,,
OC-2026-001745,2026-07-21,Formulario,MegaTec Reparos,BA,Maquina de Lavar,WM-F60BW,WMF6309397,L2605B,para na centrifugacao e apita,NAO_CENTRIFUGA,Alta,fechada,2026-08-17,72,577.71,
OC-2026-000597,23/04/2026,FORM,PRISMA AT,PR,Ar-Condicionado,AC-D18MQ,ACD1983826,L2601C,"Unidade externa com ruido alto durante a operacao, vizinhos reclamaram.",RUIDO_UNIDADE_EXTERNA,Baixa,Fechada,2026-05-02,240,361.22,
OC-2026-000939,2026-06-07,formulario,Central Reparos Bandeirantes,SP,TV,NANO-75SQA,NANO962758,L2603A,Audio ausente pelos alto-falantes internos. Saida optica funciona.,SEM_AUDIO,Media,em_atendimento,,120,,
OC-2026-000315,2026-07-11,E-mail,assistencia tecnica silva,SP,Maquina de Lavar,WMT13BW,WMT1863282,,Maquina completa o ciclo mas nao centrifuga.,NAO_CENTRIFUGA,Media,Fechada,02/08/2026,120,420.47,
OC-2026-000621,2026-04-27 15:59,planilha_parceiro,Norte Eletro Servicos,CE,TV,OLED55C4,OLED141325,,"Aparelho nao liga. Tomada testada com outro equipamento, energia OK.",,Baixa,Aberta,,240,,
OC-2026-000841,2026-06-30 10:38,Formulario,Refrig Vale Verde,MG,Geladeira,GT39SSP,GT39113767,L2604A,Cliente relata que a geladeira nao esta refrigerando ha 3 dias. Alimentos estragaram.,NAO_GELA,,FECHADA,14-07-2026 16:14,72,417.96,
OC-2026-000105,2026-05-23,Formulario,Norte Eletro Servicos,CE,Ar-Condicionado,AC-D18MQ,ACD1347899,L2601C,"Unidade externa com ruido alto durante a operacao, vizinhos reclamaram.",,Alta,aguardando_peca,,72,465.54,
OC-2026-001271,2026-08-22,E-mail,Oficina Digital Campinas,SP,TV,OLED55C4,OLED469046,,nao liga de jeito nenhum,NAO_LIGA,Media,fechada,2026-09-18,120,440.36,
OC-2026-000865,,E-mail,MEGATEC,BA,TV,UQ7550PSF,UQ75390306,L2604A,Display apresenta codigo de erro intermitente. Cliente ja tentou reset.,ERRO_DISPLAY,Alta,aberta,,72,,
OC-2026-001139,02/06/2026,Formulario,Refrigeracao Vale Verde,MG,Geladeira,GCL257FLQ,GCL2333118,L2603A,nao gela nada,NAO_GELA,Media,fechada,2026-06-30,120,402.72,
OC-2026-001294,22-07-2026 09:10,E-mail,Prisma Assist Tecnica,PR,Ar-Condicionado,AC DUAL 9K,ACDU956399,L2605A,nao liga de jeito nenhum,NAO_LIGA,Media,Aguardando peca,,120,680.32,
OC-2026-001970,2026-08-12,Formulario,Assistencia Tecnica Silva Ltda,SP,Maquina de Lavar,WM-T13BW,WMT1344765,L2605C,agua fica parada no tambor,NAO_DRENA,Media,REABERTA,,120,352.99,OC-2026-001351
OC-2026-001255,2026-04-03 19:23,planilha_parceiro,ATLAS MANUT EQUIP,GO,TV,UQ-7550PSF,UQ75790241,,"morreu do nada, nao acende nem a luzinha",,Media,fechada,2026-04-15,120,567.11,
OC-2026-001781,03/03/2026,planilha_parceiro,Central Reparos Band.,SP,Ar-Condicionado,ACS12TQ,ACS1455552,L2612C,"suspeita de vazamento de gas, aparelho gela pouco",VAZAMENTO_GAS,Media,FECHADA,2026-03-24,120,731.07,
OC-2026-000785,22/05/2026,Planilha Parceiro,Eletro Nordeste,PE,Maquina de Lavar,WD11WV,WD11341115,,para na centrifugacao e apita,,Alta,Fechado,29/05/2026,72,460.24,
OC-2026-001133,28/04/2026,Planilha Parceiro,Oficina Digital,SP,Geladeira,GC-L257FLQ,GCL2390306,L2602C,"barulho estranho no compressor, parece que trava",,Baixa,Fechada,2026-05-19,240,776.89,
OC-2026-001956,27/03/2026,email,Prisma Assist Tecnica,PR,TV,oled55c4,OLED513877,L2612C,"controle nao funciona mais, ja troquei a pilha",CONTROLE_NAO_RESPONDE,Baixa,Reaberta,,240,135.45,OC-2026-000789
OC-2026-000427,2026-04-22,Formulario,Eletro Servicos Andrade,SP,Monitor,27-UP550,27UP542825,,Sem imagem. Audio presente. Cliente ja testou outra fonte de video.,TELA_ESCURA,Baixa,aguardando_peca,,240,1261.03,
OC-2026-000827,18-07-2026 17:50,email,Oficina Digital Campinas,SP,Maquina de Lavar,WD11WV,WD11792486,,,,Alta,fechada,2026-08-11,72,566.24,
OC-2026-000169,2026-05-14 12:16,Formulario,Eletro Nordeste,PE,Monitor,24-MP400,24MP972870,L2601B,aparece sem sinal na tela mesmo com o cabo ligado,SEM_SINAL,Critica,fechada,2026-05-30 12:47,72,99.94,
OC-2026-000687,2026-04-17 15:12,planilha_parceiro,Prisma Assist Tecnica,PR,Ar-Condicionado,AC-D18MQ,ACD1599118,,"Unidade externa com ruido alto durante a operacao, vizinhos reclamaram.",RUIDO_UNIDADE_EXTERNA,Media,fechada,2026-05-02 09:39,120,658.93,
OC-2026-000137,28/04/2026,Formulario,Refrigeracao Vale Verde,MG,TV,UQ-7550PSF,UQ75321741,L2602B,"Manchas escuras no canto inferior direito da tela, cliente relata que aumentaram.",LINHAS_TELA,Media,Aguardando peca,,120,2357.55,
OC-2026-000749,2026-07-14,FORM,NORTE ELETRO SERVICOS LTDA,CE,TV,NANO-75SQA,NANO640340,L2603A,apareceu umas linhas verticais na tela,,Alta,FECHADA,2026-07-21,72,274.88,
OC-2026-000744,02-05-2026 12:37,planilha_parceiro,Atlas Manutencao de Equipamentos,GO,TV,OLED55C4,OLED408410,L2601C,sem som nenhum,SEM_AUDIO,Critica,fechada,13/05/2026,72,217.9,
OC-2026-000015,28/06/2026,planilha_parceiro,NORTE ELETRO SERVICOS LTDA,CE,Ar-Condicionado,ACS12TQ,ACS1965368,L2605A,"Baixa pressao no sistema, indicio de vazamento na linha.",,Alta,Em atendimento,,72,,
OC-2026-001129,2026-06-14,Planilha Parceiro,Tecnoar Servicos,RJ,Maquina de Lavar,WD11WV,WD11976601,L2604A,"Aparelho nao liga. Tomada testada com outro equipamento, energia OK.",,Baixa,fechada,2026-06-18,240,910.2,
OC-2026-000844,25/06/2026,Formulario,NORTE ELETRO SERVICOS LTDA,CE,TV,NANO-75SQA,NANO431580,L2604A,nao liga de jeito nenhum,,Alta,aberta,,72,,
OC-2026-001086,2026-08-03 19:06,planilha_parceiro,Eletro Servicos Andrade,SP,TV,NANO-75SQA,NANO919379,L2605B,tela preta mas o som funciona,TELA_ESCURA,Media,FECHADA,2026-08-11,120,1204.86,
OC-2026-001814,2026-08-24,formulario,SUL SERVICE ELETRO,RS,Geladeira,GT39SSP,GT39354549,L2606B,"Porta desalinhada, borracha de vedacao solta em um dos cantos.",PORTA_DESALINHADA,Baixa,Fechado,2026-09-11,240,82.68,
OC-2026-000922,2026-07-24,planilha_parceiro,PRISMA AT,PR,Ar-Condicionado,AC S12TQ,ACS1696478,L2605B,"Aparelho nao liga. Tomada testada com outro equipamento, energia OK.",,Media,FECHADA,15/08/2026,120,249.44,
OC-2026-001760,11/08/2026,Formulario,SUL SERVICE ELETRO,RS,Ar-Condicionado,AC-DUAL9K,ACDU482765,,condensadora fazendo muito barulho,,Media,fechada,23/08/2026,120,398.86,
OC-2026-000114,2026-05-02,Formulario,MEGATEC,BA,Geladeira,GT39SSP,GT39715979,,"temperatura do gabinete alta, marcando 14 graus com regulagem no maximo",NAO_LIGA,Baixa,Aberta,,240,,
OC-2026-000393,2026-04-02,FORM,Tecnoar Servicos,RJ,Geladeira,GCL257FLQ,GCL2298112,L2602B,"Ruido intermitente na parte traseira, cliente relata que piorou nas ultimas semanas.",,Baixa,EM ATENDIMENTO,,240,,
OC-2026-001933,2026-07-08,Formulario,Norte Eletro Servicos,CE,Geladeira,GT-39SSP,GT39178503,,nao liga de jeito nenhum,,Media,REABERTA,,120,900.37,OC-2026-000515
OC-2026-001292,2026-08-11,formulario,Central Reparos Band.,SP,Ar-Condicionado,ACDUAL9K,ACDU264737,L2607C,"Unidade externa com ruido alto durante a operacao, vizinhos reclamaram.",RUIDO_UNIDADE_EXTERNA,Baixa,Fechada,2026-08-03,240,814.97,
OC-2026-000895,2026-06-23,email,Prisma Assistencia Tecnica,PR,Ar-Condicionado,AC DUAL 9K,ACDU146155,L2605C,"Unidade externa com ruido alto durante a operacao, vizinhos reclamaram.",NAO_RESFRIA,Media,Fechado,2026-07-09,120,820.51,
OC-2026-001015,25/08/2026,formulario,Atlas Manutencao,GO,Monitor,24-MP400,24MP314334,,nao liga de jeito nenhum,,,Fechado,2026-09-04,72,671.08,
OC-2026-000072,2026-03-09,E-mail,TECNOAR,RJ,Geladeira,GC-L257,GCL2666748,,"temperatura do gabinete alta, marcando 14 graus com regulagem no maximo",,Media,FECHADA,2026-03-20,120,974.86,
OC-2026-001249,2026-04-03,email,Eletro Nordeste Assistencia,PE,Ar-Condicionado,AC S12TQ,ACS1836197,,"suspeita de vazamento de gas, aparelho gela pouco",,Media,FECHADA,2026-04-26,120,597.63,
OC-2026-000026,2026-07-17,Formulario,Atlas Manutencao de Equipamentos,GO,Monitor,34-WP65C,34WP170131,L2604A,Cintilacao visivel principalmente em fundo claro.,,Critica,ABERTA,,72,,
OC-2026-000255,2026-08-19,email,Tecnoar Servicos Eireli,RJ,Geladeira,GC-L257,GCL2213376,L2605B,"Ruido intermitente na parte traseira, cliente relata que piorou nas ultimas semanas.",,Media,Fechada,31/08/2026,120,593.78,
OC-2026-000514,2026-07-07,Planilha Parceiro,Eletro Servicos Andrade ME,SP,Ar-Condicionado,ACDUAL9K,ACDU441383,L2605B,"suspeita de vazamento de gas, aparelho gela pouco",VAZAMENTO_GAS,Baixa,Fechado,2026-07-14,240,342.55,
OC-2026-000450,22/04/2026,E-mail,Eletro Servicos Andrade,SP,Maquina de Lavar,WM-T13BW,WMT1759843,L2601A,"Aparelho nao liga. Tomada testada com outro equipamento, energia OK.",NAO_LIGA,Alta,em_atendimento,,72,,
OC-2026-001728,02/03/2026,email,Sul Service,RS,Maquina de Lavar,WMT13BW,WMT1496952,L2601C,"nao centrifuga, roupa sai encharcada",NAO_CENTRIFUGA,Baixa,EM ATENDIMENTO,,240,,
OC-2026-000759,2026-03-11,Planilha Parceiro,Central Reparos Bandeirantes,SP,Ar-Condicionado,ACDUAL9K,ACDU454086,L2601A,"suspeita de vazamento de gas, aparelho gela pouco",,Baixa,FECHADA,2026-03-03 14:47,240,410.72,
OC-2026-001881,16/08/2026,Formulario,MegaTec Reparos,BA,Geladeira,GCB247SLUV,GCB2243884,L2606C,"produto com menos de 3 meses, nao refrigera. ja verificamos gas e esta ok, indicio de falha eletronica",,Critica,Fechado,2026-08-28,72,911.28,
OC-2026-000019,2026-03-06,E-mail,NORTE ELETRO SERVICOS LTDA,CE,Ar-Condicionado,AC-D18MQ,ACD1769678,L2602B,,,,aberta,,240,,
OC-2026-001466,2026-05-30,Formulario,Prisma Assistencia Tecnica,PR,TV,OLED-55C4,OLED998382,L2602A,,TELA_ESCURA,Baixa,Em atendimento,,240,,
OC-2026-001109,03-08-2026 10:19,E-mail,assistencia tecnica silva,SP,Ar-Condicionado,ACS12TQ,ACS1906831,,Controle remoto sem resposta. Aparelho responde aos botoes fisicos.,CONTROLE_NAO_RESPONDE,Baixa,Fechado,2026-08-19,240,107.68,
OC-2026-001164,2026-07-07,formulario,NORTE ELETRO SERVICOS LTDA,CE,TV,NANO-75SQA,NANO557674,L2604A,"controle nao funciona mais, ja troquei a pilha",CONTROLE_NAO_RESPONDE,Media,Aberta,,120,,
OC-2026-000897,2026-06-20 19:24,E-mail,CENTRAL REPAROS BANDEIRANTES SA,SP,TV,UQ7550PSF,UQ75905555,L2603A,apareceu umas linhas verticais na tela,LINHAS_TELA,Baixa,Fechado,2026-07-08,240,2336.01,
OC-2026-000222,2026-07-07,Planilha Parceiro,Oficina Digital Campinas,SP,Ar-Condicionado,AC S12TQ,ACS1487828,,"Baixa pressao no sistema, indicio de vazamento na linha.",VAZAMENTO_GAS,Media,Fechado,12-07-2026 15:33,120,830.38,
OC-2026-001596,20/03/2026,Formulario,assistencia tecnica silva,SP,Ar-Condicionado,ACS12TQ,ACS1884502,L2612B,"morreu do nada, nao acende nem a luzinha",,Critica,ABERTA,,72,,
OC-2026-000964,2026-05-29,FORM,Oficina Digital Campinas,SP,Maquina de Lavar,WD11WV,WD11133158,L2604C,,,Alta,fechada,13-06-2026 11:18,72,916.81,
OC-2026-001608,2026-07-20,Planilha Parceiro,assistencia tecnica silva,SP,Ar-Condicionado,AC DUAL 9K,ACDU342932,L2604B,Equipamento liga mas nao resfria. Cliente relata que ja limpou os filtros.,NAO_RESFRIA,Baixa,Em atendimento,,240,,
OC-2026-000900,27/03/2026,E-mail,OFICINA DIGITAL CAMPINAS ME,SP,Maquina de Lavar,WD-11WV,WD11142754,L2601C,Display apresenta codigo de erro intermitente. Cliente ja tentou reset.,,Critica,FECHADA,2026-03-29,72,569.66,
OC-2026-000579,16/06/2026,Planilha Parceiro,Sul Service Eletrodomesticos,RS,Monitor,24-MP400,24MP114244,,risco na tela do lado esquerdo,,Alta,em_atendimento,,72,,
OC-2026-001761,2026-06-04 17:10,Planilha Parceiro,CENTRAL REPAROS BANDEIRANTES SA,SP,Geladeira,GT39SSP,GT39341641,L2603C,"vazamento constante, cliente teve que colocar pano embaixo",,Alta,aguardando_peca,,72,942.21,
OC-2026-001092,2026-05-31 12:06,formulario,Prisma Assist Tecnica,PR,Monitor,24-MP400,24MP565925,L2602B,tela preta mas o som funciona,FLICKER,Alta,Fechada,2026-06-11 10:54,72,882.84,
OC-2026-001799,2026-04-20,planilha_parceiro,PRISMA AT,PR,Maquina de Lavar,WD11WV,WD11705962,,aparece codigo de erro no visor e para tudo,ERRO_DISPLAY,Alta,fechada,2026-04-23,72,268.2,
OC-2026-001776,2026-04-29,Formulario,REFRIGERACAO VALE VERDE LTDA,MG,Geladeira,GT-39SSP,GT39476667,,"porta nao fecha direito, fica uma fresta",,,Aberta,,240,,
OC-2026-000903,2026-04-23 14:46,Formulario,Norte Eletro,CE,Maquina de Lavar,WD11WV,WD11513865,L2612C,agua fica parada no tambor,,Critica,ABERTA,,72,,
OC-2026-000857,2026-04-11,formulario,Refrigeracao Vale Verde,MG,Maquina de Lavar,wd-11wv,WD11676201,L2612B,agua fica parada no tambor,NAO_DRENA,Media,Aberta,,120,,
OC-2026-000136,12-06-2026 19:29,E-mail,Eletro Nordeste,PE,TV,NANO-75SQA,NANO285678,L2602A,Controle remoto sem resposta. Aparelho responde aos botoes fisicos.,,Media,AGUARDANDO PECA,,120,354.72,
OC-2026-001437,2026-08-04,Formulario,SUL SERVICE ELETRO,RS,Maquina de Lavar,WM-F60BW,WMF6822271,,erro no painel,ERRO_DISPLAY,Alta,FECHADA,17/08/2026,72,379.88,
OC-2026-001878,2026-08-14,Formulario,Central Reparos Band.,SP,Geladeira,GC B247SLUV,GCB2550231,L2606C,Equipamento com aproximadamente 70 dias de uso apresentou perda total de refrigeracao. Compressor em ciclo curto.,,Alta,ABERTA,,72,932.23,
OC-2026-001599,20/07/2026,Formulario,NORTE ELETRO SERVICOS LTDA,CE,TV,NANO75SQA,NANO518560,L2606A,Sem imagem. Audio presente. Cliente ja testou outra fonte de video.,TELA_ESCURA,Media,EM ATENDIMENTO,,120,,
OC-2026-000156,2026-08-05 19:05,Planilha Parceiro,TECNOAR,RJ,TV,OLED55C4,OLED729307,L2606C,apareceu umas linhas verticais na tela,LINHAS_TELA,Alta,Aguardando peca,,72,814.5,
OC-2026-001291,24/04/2026,email,ELETRO NORDESTE ASSIST LTDA,PE,Geladeira,GT-39SSP,GT39637107,L2603C,vazando agua embaixo do aparelho,,Media,FECHADA,2026-04-30,120,682.52,
OC-2026-001335,2026-03-07,formulario,A.T. SILVA LTDA,SP,Ar-Condicionado,ACS12TQ,ACS1148747,L2601A,"morreu do nada, nao acende nem a luzinha",NAO_LIGA,Media,EM ATENDIMENTO,,120,,
OC-2026-001955,2026-04-18,Formulario,assistencia tecnica silva,SP,TV,NANO-75SQA,NANO663414,L2602B,reincidencia do mesmo problema,LINHAS_TELA,Baixa,Reaberta,,240,1442.92,OC-2026-000721
OC-2026-000462,2026-06-29,E-mail,Oficina Digital Campinas,SP,Maquina de Lavar,WD-11WV,WD11526943,L2605B,vazando agua embaixo do aparelho,VAZAMENTO_AGUA,Media,Fechado,2026-07-16,120,319.39,
OC-2026-000758,06/07/2026,FORM,Central Reparos Bandeirantes,SP,Geladeira,GCL257FLQ,GCL2504325,L2605A,"nao ta gelando direito desde semana passada, ja regulei o termostato e nao adiantou",,Media,fechada,29-07-2026 11:45,120,774.1,
OC-2026-001113,2026-04-21,Formulario,TECNOAR,RJ,Ar-Condicionado,ACD18MQ,ACD1371676,L2601C,"suspeita de vazamento de gas, aparelho gela pouco",VAZAMENTO_GAS,Critica,Fechado,2026-04-30,72,398.82,
OC-2026-001562,22/06/2026,Formulario,Sul Service,RS,Monitor,27UP550,27UP606419,,Sem imagem. Audio presente. Cliente ja testou outra fonte de video.,,Alta,Fechada,2026-07-12,72,248.61,
OC-2026-000806,05/05/2026,planilha_parceiro,Atlas Manutencao de Equipamentos,GO,TV,UQ7550PSF,UQ75195022,L2601C,apareceu umas linhas verticais na tela,LINHAS_TELA,Alta,Fechada,12/05/2026,72,1263.45,
OC-2026-001919,2026-07-27,formulario,ELETRO NORDESTE ASSIST LTDA,PE,Maquina de Lavar,WMF60BW,WMF6472062,,"instalacao feita as pressas, mangueira nao encaixou e vaza toda vez que enche",VAZAMENTO_AGUA,Media,fechada,13-08-2026 11:12,120,133.61,
OC-2026-000599,20/04/2026,formulario,Norte Eletro,CE,TV,UQ7550PSF,UQ75110102,,Controle remoto sem resposta. Aparelho responde aos botoes fisicos.,CONTROLE_NAO_RESPONDE,Alta,FECHADA,17/05/2026,72,90.06,
OC-2026-001754,2026-08-27 16:13,Formulario,Oficina Digital,SP,Maquina de Lavar,WMT13BW,WMT1545184,L2607C,para na centrifugacao e apita,,Critica,Fechado,01-09-2026 18:22,72,858.73,
OC-2026-000747,2026-07-05,Formulario,Oficina Digital Campinas,SP,Maquina de Lavar,WM-T13BW,WMT1858045,L2605A,"nao escoa a agua, fica cheia",NAO_DRENA,Critica,fechada,23/07/2026,72,193.69,
OC-2026-001320,14/06/2026,Formulario,REFRIGERACAO VALE VERDE LTDA,MG,Maquina de Lavar,WD11WV,WD11268369,L2605B,"nao escoa a agua, fica cheia",,Alta,Fechada,2026-06-19,72,960.19,
OC-2026-000667,2026-08-14,E-mail,Prisma Assist Tecnica,PR,Geladeira,GT39SSP,GT39156183,L2605C,"Aparelho nao liga. Tomada testada com outro equipamento, energia OK.",NAO_LIGA,,AGUARDANDO PECA,,120,204.14,
OC-2026-000586,2026-05-03 10:06,Formulario,Central Reparos Bandeirantes,SP,Maquina de Lavar,WM-T13BW,WMT1145873,L2603A,Cliente relata poca de agua no chao apos o uso.,,Media,Fechado,23/05/2026,120,594.34,
OC-2026-001791,2026-05-23,E-mail,Norte Eletro Servicos,CE,TV,NANO-75SQA,NANO666813,,risco na tela do lado esquerdo,LINHAS_TELA,Baixa,aguardando_peca,,240,2006.35,
OC-2026-001165,2026-03-01,email,ELETRO NORDESTE ASSIST LTDA,PE,Geladeira,GC-L257,GCL2288375,,"Aparelho nao liga. Tomada testada com outro equipamento, energia OK.",NAO_LIGA,Alta,em_atendimento,,72,,
OC-2026-000649,12/04/2026,Formulario,SUL SERVICE ELETRO,RS,Monitor,27-UP550,27UP669074,L2601A,a tela fica piscando o tempo todo,FLICKER,Baixa,Aberta,,240,,
OC-2026-001811,27/05/2026,formulario,NORTE ELETRO SERVICOS LTDA,CE,Geladeira,GC-L257FLQ,GCL2715852,,"A parte de baixo nao gela mais, o freezer ainda funciona normal.",NAO_GELA,Baixa,aberta,,240,,
OC-2026-001440,2026-05-26,Planilha Parceiro,Eletro Servicos Andrade,SP,Maquina de Lavar,WD11WV,WD11716328,L2602A,"Aparelho nao liga. Tomada testada com outro equipamento, energia OK.",NAO_LIGA,Media,Fechado,2026-06-11,120,856.45,
OC-2026-000896,20/07/2026,formulario,Eletro Servicos Andrade,SP,TV,NANO75SQA,NANO432284,L2603A,nao liga de jeito nenhum,NAO_LIGA,Alta,ABERTA,,72,,
OC-2026-000541,01-07-2026 10:23,Planilha Parceiro,TECNOAR,RJ,Geladeira,GC-L257FLQ,GCL2869027,L2604C,"Porta desalinhada, borracha de vedacao solta em um dos cantos.",,Media,FECHADA,25/07/2026,120,293.11,
OC-2026-000264,2026-04-27,Planilha Parceiro,ELETRO NORDESTE ASSIST LTDA,PE,Maquina de Lavar,WMT13BW,WMT1486838,L2601B,"nao escoa a agua, fica cheia",,Alta,Fechado,2026-05-05,72,475.47,
OC-2026-001629,25/03/2026,formulario,Central Reparos Band.,SP,Geladeira,GC B247SLUV,GCB2781131,,"A parte de baixo nao gela mais, o freezer ainda funciona normal.",,Alta,Fechado,2026-04-20,72,203.52,
OC-2026-000430,2026-06-07,Formulario,Norte Eletro Servicos,CE,Maquina de Lavar,WM-F60BW,WMF6134882,L2602C,nao liga de jeito nenhum,NAO_LIGA,Baixa,Fechada,2026-06-19,240,400.62,
OC-2026-001071,27/03/2026,Planilha Parceiro,ELETRO SERV ANDRADE,SP,Ar-Condicionado,AC-DUAL9K,ACDU246982,,"Aparelho nao liga. Tomada testada com outro equipamento, energia OK.",NAO_LIGA,Alta,aberta,,72,,
OC-2026-000254,2026-08-24,Formulario,Assist Tec Silva,SP,Maquina de Lavar,wd-11wv,WD11872670,L2606B,agua fica parada no tambor,NAO_DRENA,Baixa,fechada,2026-08-28,240,225.23,
OC-2026-000122,17-03-2026 08:29,Formulario,Oficina Digital,SP,Monitor,34-WP65C,34WP369039,L2601A,tela preta mas o som funciona,TELA_ESCURA,Baixa,Fechado,2026-03-26,240,1279.87,
OC-2026-001406,2026-05-22 15:42,Formulario,Refrigeracao Vale Verde,MG,Geladeira,GT-39SSP,GT39478825,,"Ruido intermitente na parte traseira, cliente relata que piorou nas ultimas semanas.",,,Fechada,27/05/2026,120,794.76,
OC-2026-001693,2026-06-04 14:30,Planilha Parceiro,Prisma Assist Tecnica,PR,TV,OLED55C4,OLED879843,,,SEM_AUDIO,Media,aberta,,120,,
OC-2026-001618,2026-06-30 18:47,Formulario,MegaTec Reparos Ltda,BA,TV,UQ-7550PSF,UQ75644722,L2603A,risco na tela do lado esquerdo,,Media,Fechado,2026-07-08,120,575.52,
OC-2026-000170,2026-07-22,Formulario,Refrig Vale Verde,MG,TV,UQ7550PSF,UQ75782455,L2605A,Controle remoto sem resposta. Aparelho responde aos botoes fisicos.,,Baixa,Fechada,2026-08-05 15:10,240,464.61,
OC-2026-001735,25/05/2026,Formulario,Sul Service,RS,Maquina de Lavar,WM-T13BW,WMT1755370,L2603B,Cliente relata que a agua nao drena ao final do ciclo.,,Media,ABERTA,,120,,
OC-2026-000678,08/06/2026,Planilha Parceiro,Eletro Nordeste Assistencia,PE,TV,NANO-75SQA,NANO829956,,Display apresenta codigo de erro intermitente. Cliente ja tentou reset.,,Media,FECHADA,2026-07-05,120,904.7,
OC-2026-000595,2026-04-07,Formulario,Norte Eletro,CE,TV,UQ-7550PSF,UQ75342241,,Sem imagem. Audio presente. Cliente ja testou outra fonte de video.,,Baixa,aberta,,240,,
OC-2026-001482,2026-03-10,Formulario,Sul Service,RS,Geladeira,GT-39SSP,GT39132065,L2612A,esquentou tudo dentro,PORTA_DESALINHADA,Baixa,fechada,28/03/2026,240,115.56,
OC-2026-000048,2026-04-03,E-mail,OFICINA DIGITAL CAMPINAS ME,SP,Maquina de Lavar,WM-F60BW,WMF6622661,L2601C,"nap escoa a agua, fica cheia",NAO_CENTRIFUGA,,Fechado,2026-04-16,120,427.02,
OC-2026-000051,20/06/2026,formulario,Sul Service Eletrodomesticos,RS,Maquina de Lavar,WMT13BW,WMT1303284,L2605C,"nao escoa a agua, fica cheia",,Media,Aguardando peca,,120,600.08,
OC-2026-000356,2026-03-01 12:48,E-mail,PRISMA AT,PR,Ar-Condicionado,ACS12TQ,ACS1459398,L2611A,"nao gela o ambiente, so joga ar quente",,Baixa,Fechado,2026-03-28,240,928.47,
OC-2026-000924,07/07/2026,Planilha Parceiro,Norte Eletro,CE,Maquina de Lavar,WMT13BW,WMT1292817,,erro no painel,ERRO_DISPLAY,Media,Fechado,2026-07-09,120,476.56,
OC-2026-000562,21/08/2026,E-mail,ATLAS MANUT EQUIP,GO,Geladeira,GC-L257FLQ,GCL2654162,L2607C,ta pingando agua na parte de tras,,Alta,Aberta,,72,,
OC-2026-000454,06/04/2026,Planilha Parceiro,Tecnoar Servicos,RJ,Geladeira,GT-39SSP,GT39414980,L2602C,ta pingando agua na parte de tras,VAZAMENTO_AGUA,Media,Fechada,2026-05-02,120,294.23,
OC-2026-001419,03/05/2026,formulario,Prisma Assistencia Tecnica,PR,Ar-Condicionado,AC-DUAL9K,ACDU352874,L2603C,Controle remoto sem resposta. Aparelho responde aos botoes fisicos.,,Media,EM ATENDIMENTO,,120,,
OC-2026-000509,2026-03-24,Planilha Parceiro,Refrig Vale Verde,MG,Ar-Condicionado,ACDUAL9K,ACDU701568,L2602B,nao resfria mais,VAZAMENTO_GAS,Baixa,Fechada,2026-04-13 12:58,240,624.47,
OC-2026-000273,2026-07-18,E-mail,Prisma Assistencia Tecnica,PR,Maquina de Lavar,WM-T13BW,WMT1770912,L2605A,"vazamento constante, cliente teve que colocar pano embaixo",VAZAMENTO_AGUA,Media,FECHADA,01/08/2026,120,285.46,
OC-2026-000322,2026-03-26,Formulario,Norte Eletro Servicos,CE,Maquina de Lavar,WM-T13BW,WMT1488158,L2612C,para na centrifugacao e apita,NAO_CENTRIFUGA,,FECHADA,20/04/2026,240,501.96,
OC-2026-001748,01/07/2026,Planilha Parceiro,assistencia tecnica silva,SP,Geladeira,GC-L257,GCL2305744,,"Porta desalinhada, borracha de vedacao solta em um dos cantos.",,Alta,EM ATENDIMENTO,,72,,
OC-2026-000014,2026-03-31,E-mail,Atlas Manutencao,GO,TV,NANO-75SQA,NANO392502,L2601B,Audio ausente pelos alto-falantes internos. Saida optica funciona.,SEM_AUDIO,Media,AGUARDANDO PECA,,120,367.3,
OC-2026-001774,2026-03-06 07:11,Formulario,Oficina Digital,SP,TV,OLED-55C4,OLED404821,L2601A,aparece codigo de erro no visor e para tudo,ERRO_DISPLAY,Alta,Fechado,2026-03-21,72,562.76,
OC-2026-000436,01-07-2026 11:44,E-mail,Central Reparos Band.,SP,Geladeira,GCL257FLQ,GCL2135354,,ta pingando agua na parte de tras,VAZAMENTO_AGUA,,Aguardando peca,,72,162.37,
OC-2026-001582,2026-06-16,formulario,Eletro Nordeste,PE,Maquina de Lavar,WM-T13BW,WMT1328315,L2605B,"nao escoa a agua, fica cheia",,Baixa,FECHADA,2026-06-30,240,551.86,
OC-2026-000655,2026-06-22,Formulario,Oficina Digital,SP,Geladeira,GCL257FLQ,GCL2124434,,"porta nao fecha direito, fica uma fresta",PORTA_DESALINHADA,Alta,ABERTA,,72,,
OC-2026-001460,2026-04-21,E-mail,ATLAS MANUT EQUIP,GO,Maquina de Lavar,WD11WV,WD11264173,L2601B,Cliente relata que a agua nao drena ao final do ciclo.,NAO_DRENA,,fechada,14-05-2026 15:02,72,322.71,
OC-2026-000913,2026-03-22,E-mail,SUL SERVICE ELETRO,RS,Ar-Condicionado,ACS12TQ,ACS1870805,,"controle nao funciona mais, ja troquei a pilha",NAO_RESFRIA,Media,aguardando_peca,,120,970.83,
OC-2026-001843,2026-07-08,Formulario,MEGATEC,BA,Geladeira,GC-B247SLUV,GCB2183429,L2605B,Cliente relata qeu apos cerca de dois meses de uso o gabinete parou de refrigerar. Placa de controle suspeita.,,Alta,Fechado,2026-07-16,72,865.39,
OC-2026-001852,2026-07-10,Planilha Parceiro,Refrigeracao Vale Verde,MG,Geladeira,GC-B247SLUV,GCB2907336,L2607B,Cliente relata que apos cerca de dois meses de uso o gabinete parou de refrigerar. Placa de controle suspeita.,TEMP_ALTA_GABINETE,,FECHADA,2026-08-06,72,1000.81,
OC-2026-000931,2026-08-21,Formulario,Atlas Manutencao,GO,Monitor,34-WP65C,34WP705324,L2607B,"morreu do nada, nao acende nem a luzinha",LINHAS_TELA,Media,fechada,18-09-2026 08:53,120,2224.9,
OC-2026-000691,07/06/2026,email,PRISMA AT,PR,Monitor,34WP65C,34WP816258,L2603C,tela apagada,TELA_ESCURA,Baixa,fechada,22-06-2026 17:27,240,755.08,
OC-2026-001775,24-07-2026 18:47,email,CENTRAL REPAROS BANDEIRANTES SA,SP,Geladeira,GC-L257FLQ,GCL2689554,,"Ruido intermitente na parte traseira, cliente relata que piorou nas ultimas semanas.",RUIDO_COMPRESSOR,Media,Fechada,2026-08-08,120,760.39,
OC-2026-000989,02/06/2026,formulario,Eletro Servicos Andrade ME,SP,Maquina de Lavar,WM-T13BW,WMT1227992,,Maquina completa o ciclo mas nao centrifuga.,NAO_CENTRIFUGA,Media,ABERTA,,120,,
OC-2026-001200,2026-06-12,Formulario,Eletro Servicos Andrade ME,SP,Maquina de Lavar,WMT13BW,WMT1974776,,aparece codigo de erro no visor e para tudo,,Media,Fechada,20/06/2026,120,424.33,
OC-2026-000284,08-05-2026 07:18,Planilha Parceiro,OFICINA DIGITAL CAMPINAS ME,SP,Geladeira,GC-L257,GCL2876286,L2603B,"temperatura do gabinete alta, marcando 14 graus com regulagem no maximo",TEMP_ALTA_GABINETE,Media,em_atendimento,,120,,
OC-2026-001544,08/04/2026,email,NORTE ELETRO SERVICOS LTDA,CE,Ar-Condicionado,ACD18MQ,ACD1576758,L2612B,"morreu do nada, nao acende nem a luzinha",NAO_LIGA,,Em atendimento,,240,,
OC-2026-001070,,E-mail,Refrigeracao Vale Verde,MG,Ar-Condicionado,AC-D18MQ,ACD1529589,L2603C,,NAO_LIGA,,aberta,,120,,
OC-2026-000409,2026-04-14,formulario,Eletro Servicos Andrade ME,SP,Maquina de Lavar,WD11WV,WD11295966,,Display apresenta codigo de erro intermitente. Cliente ja tentou reset.,,,FECHADA,2026-04-25 17:17,120,630.9,
OC-2026-000442,2026-07-10,E-mail,Eletro Nordeste Assistencia,PE,TV,OLED-55C4,OLED908509,L2604A,nao liga de jeito nenhum,NAO_LIGA,Baixa,em_atendimento,,240,,
OC-2026-001501,16-03-2026 16:00,E-mail,Refrig Vale Verde,MG,Maquina de Lavar,wd-11wv,WD11321357,,,,Alta,FECHADA,31/03/2026,72,620.92,
OC-2026-000293,2026-07-20,FORM,Atlas Manutencao,GO,Ar-Condicionado,ACS12TQ,ACS1402516,L2603C,,RUIDO_UNIDADE_EXTERNA,Media,Aberta,,120,,
OC-2026-001210,2026-07-11,E-mail,Refrig Vale Verde,MG,Maquina de Lavar,WD-11WV,WD11450581,L2604C,,VAZAMENTO_AGUA,Baixa,Fechado,2026-08-03,240,272.7,
OC-2026-001826,2026-06-07 16:46,Planilha Parceiro,A.T. SILVA LTDA,SP,Geladeira,GC-B247SLUV,GCB2734641,L2606C,Equipamento com aproximadamente 70 dias de uso apresentou perda total de refrigeracao. Compressor em ciclo curto.,,,Fechado,2026-06-20,72,1124.03,
OC-2026-000772,25/03/2026,Formulario,Prisma Assistencia Tecnica,PR,Maquina de Lavar,WMT13BW,WMT1707797,,"vazamento constante, cliente teve que colocar pano embaixo",,Alta,Fechada,2026-04-17 18:18,72,520.13,
OC-2026-001935,23-07-2026 11:03,formulario,MegaTec Reparos Ltda,BA,Geladeira,GC-L257FLQ,GCL2681500,,"Porta desalinhada, borracha de vedacao solta em um dos cantos.",,Alta,reaberta,,72,,OC-2026-000474
OC-2026-001727,2026-06-26,E-mail,Refrig Vale Verde,MG,Maquina de Lavar,WD11WV,WD11290818,L2604C,Maquina completa o ciclo mas nao centrifuga.,,Media,fechada,2026-07-16,120,762.67,
OC-2026-001439,01/06/2026,Planilha Parceiro,Tecnoar Servicos Eireli,RJ,Geladeira,GC-L257FLQ,GCL2209234,,esquentou tudo dentro,TEMP_ALTA_GABINETE,Media,fechada,04-06-2026 14:16,120,1158.61,
OC-2026-001990,15/07/2026,Planilha Parceiro,Eletro Nordeste,PE,Maquina de Lavar,WM F60BW,WMF6450541,L2606A,Cliente relata que a agua nao drena ao final do ciclo.,NAO_CENTRIFUGA,Alta,REABERTA,,72,543.92,OC-2026-001591
OC-2026-000643,2026-05-26,Formulario,Sul Service Eletrodomesticos,RS,Monitor,24MP400,24MP343557,L2602C,risco na tela do lado esquerdo,,Media,FECHADA,2026-06-18,120,507.78,
OC-2026-001246,10/04/2026,formulario,Sul Service Eletrodomesticos,RS,Geladeira,GC-L257,GCL2987383,L2601C,"Aparelho nao liga. Tomada testada com outro equipamento, energia OK.",NAO_LIGA,,aberta,,240,,
OC-2026-001041,14-08-2026 09:07,Formulario,Prisma Assist Tecnica,PR,Monitor,34WP65C,34WP208613,L2606B,Mensagem de ausencia de sinal. Cliente testou dois cabos diferentes.,,Baixa,Fechado,2026-08-31,240,678.33,
OC-2026-000037,2026-08-08 19:54,formulario,Sul Service,RS,Maquina de Lavar,WD-11WV,WD11685938,L2606C,"morreu do nada, nao acende nem a luzinha",,,AGUARDANDO PECA,,120,757.37,
OC-2026-000373,28/05/2026,email,MegaTec Reparos,BA,Ar-Condicionado,AC-DUAL9K,ACDU256627,L2603C,"nao gela o ambiente, so joga ar quente",NAO_RESFRIA,Media,Fechado,2026-06-10,120,478.99,
OC-2026-001856,2026-08-09,Formulario,assistencia tecnica silva,SP,Geladeira,GC-B247SLUV,GCB2525737,L2605A,"parou de gelar do nada, produto tem pouco tempo de uso. tecnico falou que e a placa",NAO_GELA,Alta,Fechada,2026-09-06,72,640.76,
OC-2026-001194,2026-03-26 17:29,Formulario,Atlas Manutencao de Equipamentos,GO,Ar-Condicionado,AC-D18MQ,ACD1185790,,"controle nao funciona mais, ja troquei a pilha",,Media,Fechado,15/04/2026,120,965.93,
OC-2026-001324,2026-04-19,Formulario,Refrig Vale Verde,MG,Monitor,24-MP400,24MP527248,L2603B,"morreu do nada, nao acende nem a luzinha",NAO_LIGA,Alta,Aguardando peca,,72,370.11,
OC-2026-000133,2026-08-16,Formulario,OFICINA DIGITAL CAMPINAS ME,SP,Ar-Condicionado,ACD18MQ,ACD1629114,L2606C,Controle remoto sem resposta. Aparelho responde aos botoes fisicos.,,Media,Fechada,21/08/2026,120,778.09,
OC-2026-001817,2026-07-18,Formulario,Prisma Assistencia Tecnica,PR,Ar-Condicionado,AC-D18MQ,ACD1736638,L2606C,"Aparelho nao liga. Tomada testada com outro equipamento, energia OK.",NAO_LIGA,Baixa,Aguardando peca,,240,544.53,
OC-2026-001967,03-05-2026 19:25,Formulario,ATLAS MANUT EQUIP,GO,Maquina de Lavar,WM-T13BW,WMT1683247,,"nap escoa a agua, fica cheia",NAO_CENTRIFUGA,Alta,reaberta,,72,455.53,OC-2026-000665
OC-2026-000515,17/05/2026,FORM,Tecnoar Servicos,RJ,Geladeira,GT-39SSP,GT39178503,L2604B,nao liga de jeito nenhum,,Baixa,fechada,21-05-2026 09:04,240,566.04,
OC-2026-000505,2026-07-22,formulario,Prisma Assistencia Tecnica,PR,TV,OLED-55C4,OLED949833,L2605C,Controle remoto sem resposta. Aparelho responde aos botoes fisicos.,CONTROLE_NAO_RESPONDE,Baixa,Em atendimento,,240,,
OC-2026-001892,2026-08-27 11:40,E-mail,Assist Tec Silva,SP,Geladeira,GCB247SLUV,GCB2353893,L2606B,"novinha e ja parou de gelar, ta com uns 3 meses so",NAO_GELA,Critica,fechada,2026-09-05,72,716.74,
OC-2026-002034,2026-06-21 07:52,E-mail,REFRIGERACAO VALE VERDE LTDA,MG,TV,NANO75SQA,NANO959580,,"Aparelho nao esta ligando. Tomada testada com outro equipamento, energia OK.",,,aberta,,72,302.15,
OC-2026-001510,2026-05-14,FORM,CENTRAL REPAROS BANDEIRANTES SA,SP,TV,UQ7550PSF,UQ75343850,L2601C,Audio ausente pelos alto-falantes internos. Saida optica funciona.,,Media,fechada,26/05/2026,120,924.24,
OC-2026-001498,05/03/2026,Formulario,MegaTec Reparos Ltda,BA,Ar-Condicionado,ACS12TQ,ACS1400565,L2611B,"Unidade externa com ruido alto durante a operacao, vizinhos reclamaram.",,Baixa,AGUARDANDO PECA,,240,542.95,
OC-2026-000369,2026-07-10,E-mail,ELETRO SERV ANDRADE,SP,Monitor,27UP550,27UP867148,L2603C,Sem imagem. Audio presente. Cliente ja testou outra fonte de video.,TELA_ESCURA,Media,EM ATENDIMENTO,,120,,
OC-2026-001305,2026-04-04,E-mail,Atlas Manutencao,GO,Geladeira,GCL257FLQ,GCL2907993,L2602B,nao gela nada,,Alta,FECHADA,2026-04-16,72,227.11,
OC-2026-001302,2026-03-13,email,MEGATEC,BA,Maquina de Lavar,WD11WV,WD11729959,L2612C,vazando agua embaixo do aparelho,,Alta,FECHADA,2026-03-15,72,699.24,
OC-2026-001476,2026-05-20,Formulario,Oficina Digital Campinas,SP,Ar-Condicionado,AC-D18MQ,ACD1466255,L2601B,nao liga de jeito nenhum,,Media,fechada,2026-05-24,120,723.72,
OC-2026-001879,2026-08-27 17:56,email,Central Reparos Bandeirantes,SP,Geladeira,GC B247SLUV,GCB2822780,L2607B,Equipamento com aproximadamente 70 dias de uso apresentou perda total de refrigeracao. Compressor em ciclo curto.,NAO_GELA,,FECHADA,22/09/2026,72,897.56,
OC-2026-000907,11/03/2026,E-mail,Eletro Servicos Andrade,SP,Monitor,27-UP550,27UP281938,L2601B,aparece sem sinal na tela mesmo com o cabo ligado,SEM_SINAL,Media,Fechada,04/04/2026,120,251.93,
OC-2026-000573,2026-05-23,FORM,Norte Eletro Servicos,CE,Maquina de Lavar,WD11WV,WD11787348,L2604A,agua fica parada no tambor,,Media,Fechado,15/06/2026,120,811.69,
OC-2026-001115,2026-03-08,Formulario,Tecnoar Servicos,RJ,Maquina de Lavar,WM-T13BW,WMT1718906,,Maquina completa o ciclo mas nao centrifuga.,NAO_CENTRIFUGA,Media,aguardando_peca,,120,611.27,
OC-2026-001036,19/07/2026,Planilha Parceiro,assistencia tecnica silva,SP,TV,UQ7550PSF,UQ75981049,L2606A,"morreu do nada, nao acende nem a luzinha",NAO_LIGA,Baixa,fechada,2026-08-13,240,716.89,
OC-2026-002030,2026-08-26,planilha_parceiro,Refrig Vale Verde,MG,Geladeira,GC-L257FLQ,GCL2358290,L2605B,"Ruido intermitente na parte traseira, cliente relata que piorou nas ultimas semanas.",RUIDO_COMPRESSOR,Baixa,ABERTA,,240,1052.67,
OC-2026-001609,,Formulario,Norte Eletro,CE,Maquina de Lavar,WMT13BW,WMT1449412,,Maquina completa o ciclo mas nao centrifuga.,NAO_CENTRIFUGA,Media,fechada,2026-06-05,120,580.88,
OC-2026-000775,2026-03-18 17:19,Planilha Parceiro,Sul Service Eletrodomesticos,RS,Maquina de Lavar,wd-11wv,WD11995673,,aparece codigo de erro no visor e para tudo,ERRO_DISPLAY,Critica,aguardando_peca,,72,697.36,
OC-2026-000556,2026-07-19,Planilha Parceiro,ELETRO SERV ANDRADE,SP,Geladeira,GC-L257,GCL2597778,L2604B,"porta nao fecha direito, fica uma fresta",PORTA_DESALINHADA,Media,Fechada,2026-07-26,120,69.47,
OC-2026-000534,2026-05-23,Formulario,Atlas Manutencao,GO,Maquina de Lavar,WMT13BW,WMT1670155,L2604A,Cliente relata que a agua nao drena ao final do ciclo.,NAO_DRENA,Alta,fechada,2026-06-14,72,90.18,
OC-2026-000135,2026-08-04,E-mail,Prisma Assistencia Tecnica,PR,Ar-Condicionado,AC-D18MQ,ACD1870577,,condensadora fazendo muito barulho,,,Fechada,2026-08-10,72,267.84,
OC-2026-000585,2026-04-13,Planilha Parceiro,REFRIGERACAO VALE VERDE LTDA,MG,Ar-Condicionado,AC-S12TQ,ACS1724638,L2612B,,,Alta,Fechada,30/04/2026,72,491.08,
OC-2026-001135,2026-03-18,Planilha Parceiro,Refrigeracao Vale Verde,MG,Ar-Condicionado,ACS12TQ,ACS1922264,L2612C,Equipamento liga mas nao resfria. Cliente relata que ja limpou os filtros.,NAO_RESFRIA,Baixa,Aguardando peca,,240,301.04,
OC-2026-000380,06/06/2026,Formulario,Assistencia Tecnica Silva Ltda,SP,Geladeira,GT-39SSP,GT39699528,L2603C,Gabinete quente. Cliente ja verificou vedacao da porta.,TEMP_ALTA_GABINETE,Critica,Fechada,10-06-2026 18:57,72,996.8,
OC-2026-000960,2026-08-03,formulario,Central Reparos Band.,SP,Ar-Condicionado,AC S12TQ,ACS1706821,L2605A,,NAO_LIGA,Alta,fechada,23/08/2026,72,784.26,
OC-2026-001653,2026-08-04 10:11,Formulario,TECNOAR,RJ,Geladeira,GCL257FLQ,GCL2279546,L2605A,Gabinete quente. Cliente ja verificou vedacao da porta.,TEMP_ALTA_GABINETE,Media,aberta,,120,,
OC-2026-000963,01/06/2026,Formulario,NORTE ELETRO SERVICOS LTDA,CE,Maquina de Lavar,WD11WV,WD11651447,L2604B,aparece codigo de erro no visor e para tudo,,Media,fechada,10-06-2026 17:01,120,311.76,
OC-2026-000449,16/08/2026,Formulario,assistencia tecnica silva,SP,Geladeira,GT-39SSP,GT39812056,,"Ruido intermitente na parte traseira, cliente relata que piorou nas ultimas semanas.",RUIDO_COMPRESSOR,Baixa,Aguardando peca,,240,843.56,
OC-2026-001043,17/05/2026,formulario,Eletro Servicos Andrade,SP,Geladeira,GT39SSP,GT39106653,L2602B,"temperatura do gabinete alta, marcando 14 graus com regulagem no maximo",,Critica,fechada,2026-06-12,72,465.9,
OC-2026-002022,2026-03-26 08:52,Planilha Parceiro,TECNOAR,RJ,Maquina de Lavar,WD-11WV,WD11632986,L2601A,"nao escoa a agua, fica cheia",,Media,Aberta,,120,172.4,
OC-2026-000347,27/04/2026,Planilha Parceiro,ATLAS MANUT EQUIP,GO,TV,oled55c4,OLED748347,L2603A,Sem imagem. Audio presente. Cliente ja testou outra fonte de video.,TELA_ESCURA,Baixa,fechada,12/05/2026,240,953.42,
OC-2026-001621,2026-06-16 08:59,FORM,Sul Service Eletrodomesticos,RS,Geladeira,GT-39SSP,GT39337555,L2605A,"temperatura do gabinete alta, marcando 14 graus com regulagem no maximo",TEMP_ALTA_GABINETE,Media,Aberta,,120,,
OC-2026-000965,2026-06-09,E-mail,Prisma Assist Tecnica,PR,Ar-Condicionado,ACD18MQ,ACD1864431,,Controle remoto sem resposta. Aparelho responde aos botoes fisicos.,,Critica,fechada,26/06/2026,72,609.57,
OC-2026-001960,19/05/2026,Planilha Parceiro,MegaTec Reparos Ltda,BA,Ar-Condicionado,AC-DUAL9K,ACDU650502,L2602B,"suspeita de vazamento de gas, aparelh gela pouco",VAZAMENTO_GAS,,reaberta,,72,886.7,OC-2026-000390
OC-2026-000065,2026-07-30,E-mail,Atlas Manutencao,GO,Geladeira,GT39SSP,GT39248403,L2606C,Cliente relata que a geladeira nao esta refrigerando ha 3 dias. Alimentos estragaram.,,Alta,Fechada,2026-08-06,72,779.93,
OC-2026-001638,2026-06-26,Formulario,Refrigeracao Vale Verde,MG,Maquina de Lavar,WM-T13BW,WMT1727571,,,VAZAMENTO_AGUA,Media,FECHADA,17/07/2026,120,317.25,
OC-2026-000494,2026-05-09,E-mail,Atlas Manutencao de Equipamentos,GO,Geladeira,GT-39SSP,GT39553171,L2604C,"A parte de baixo nao gela mais, o freezer ainda funciona normal.",NAO_GELA,Media,AGUARDANDO PECA,,120,882.49,
OC-2026-001560,12/07/2026,Planilha Parceiro,NORTE ELETRO SERVICOS LTDA,CE,Geladeira,GT39SSP,GT39302802,,,,Media,FECHADA,2026-07-26 10:20,120,205.21,
OC-2026-000383,2026-05-13,email,Prisma Assist Tecnica,PR,TV,oled55c4,OLED676692,,nao liga de jeito nenhum,NAO_LIGA,Alta,aberta,,72,,
OC-2026-000645,2026-07-15,planilha_parceiro,A.T. SILVA LTDA,SP,Maquina de Lavar,WMF60BW,WMF6569361,L2604B,"nao centrifuga, roupa sai encharcada",ERRO_DISPLAY,Baixa,Fechado,2026-07-20,240,637.65,
OC-2026-001806,2026-07-15,Formulario,Central Reparos Bandeirantes,SP,Geladeira,GT-39SSP,GT39276377,L2603B,faz um barulho alto de tempos em tempos,RUIDO_COMPRESSOR,Alta,Fechada,2026-08-09,72,449.06,
OC-2026-000323,25/05/2026,E-mail,MEGATEC,BA,Ar-Condicionado,AC-DUAL9K,ACDU712897,,Controle remoto sem resposta. Aparelho responde aos botoes fisicos.,CONTROLE_NAO_RESPONDE,Media,Fechada,2026-06-07,120,123.14,
OC-2026-001719,2026-04-03 11:01,formulario,Norte Eletro,CE,Maquina de Lavar,WM-T13BW,WMT1702000,L2612B,nao liga de jeito nenhum,VAZAMENTO_AGUA,Baixa,Fechado,2026-04-25,240,257.82,
OC-2026-000226,2026-03-09,formulario,Tecnoar Servicos,RJ,Geladeira,GC-L257FLQ,GCL2884805,L2601B,"A parte de baixo nao gela mais, o freezer ainda funciona normal.",,Alta,fechada,2026-03-19,72,569.84,
OC-2026-000871,2026-06-19,email,MegaTec Reparos,BA,Maquina de Lavar,WM-T13BW,WMT1302401,L2604B,"Aparelho nao liga. Tomada testada com outro equipamento, energia OK.",NAO_LIGA,Baixa,em_atendimento,,240,,
OC-2026-001782,2026-03-06,Planilha Parceiro,PRISMA AT,PR,TV,NANO-75SQA,NANO392045,L2612B,nao liga de jeito nenhum,,Media,fechada,2026-03-31,120,658.87,
OC-2026-000992,2026-07-16,Formulario,Refrigeracao Vale Verde,MG,Ar-Condicionado,ACS12TQ,ACS1933914,L2604B,"suspeita de vazamento de gas, aparelho gela pouco",,Media,EM ATENDIMENTO,,120,,
OC-2026-001369,2026-06-02,E-mail,ELETRO NORDESTE ASSIST LTDA,PE,Ar-Condicionado,ACS12TQ,ACS1315508,L2603C,"controle nao funciona mais, ja troquei a pilha",CONTROLE_NAO_RESPONDE,Baixa,fechada,2026-06-30 14:52,240,63.23,
OC-2026-001518,2026-06-14,E-mail,MegaTec Reparos Ltda,BA,Monitor,24-MP400,24MP195875,L2603B,"Manchas escuras no canto inferior direito da tela, cliente relata que aumentaram.",LINHAS_TELA,Alta,fechada,01/07/2026,72,1962.96,
OC-2026-001248,04-08-2026 19:28,E-mail,ELETRO NORDESTE ASSIST LTDA,PE,Monitor,34WP65C,34WP715968,L2605C,"Manchas escuras no canto inferior direito da tela, cliente relata que aumentaram.",FLICKER,Alta,aguardando_peca,,72,470.87,
OC-2026-000694,23-06-2026 08:56,E-mail,NORTE ELETRO SERVICOS LTDA,CE,Monitor,24MP400,24MP551348,,apareceu umas linhas verticais na tela,,Media,FECHADA,03-07-2026 09:25,120,670.44,
OC-2026-001590,2026-05-26,Formulario,assistencia tecnica silva,SP,Maquina de Lavar,wd-11wv,WD11876849,L2602A,agua fica parada no tambor,,Baixa,aguardando_peca,,240,676.77,
OC-2026-001366,2026-08-24,Formulario,Sul Service,RS,Geladeira,GC-L257,GCL2342439,L2606B,Cliente relata que a geladeira nao esta refrigerando ha 3 dias. Alimentos estragaram.,NAO_GELA,Media,AGUARDANDO PECA,,120,1005.95,
OC-2026-000058,2026-07-16,Formulario,Atlas Manutencao de Equipamentos,GO,Geladeira,GCL257FLQ,GCL2700486,L2604B,Cliente relata poca de agua no chao apos o uso.,,Alta,Fechado,06/08/2026,72,542.04,
OC-2026-000656,2026-08-22,Formulario,Prisma Assist Tecnica,PR,Geladeira,GCL257FLQ,GCL2914324,L2607C,Cliente relata poca de agua no chao apos o uso.,TEMP_ALTA_GABINETE,Baixa,Aberta,,240,,
OC-2026-001900,2026-07-17 18:14,email,ELETRO NORDESTE ASSIST LTDA,PE,Maquina de Lavar,WM F60BW,WMF6581095,L2606B,Cliente relata vazamento desde o primeiro uso. Verificada conexao de entrada fora do padrao.,VAZAMENTO_AGUA,Alta,Em atendimento,,72,70.34,
OC-2026-000013,23/06/2026,FORM,TECNOAR,RJ,Monitor,27-UP550,27UP401444,,tela preta mas o som funciona,TELA_ESCURA,Media,Fechado,04-07-2026 13:07,120,1481.13,
OC-2026-000549,12-03-2026 11:02,formulario,OFICINA DIGITAL CAMPINAS ME,SP,Monitor,34WP65C,34WP728828,L2612B,tela apagada,,Media,fechada,2026-03-28,120,676.95,
OC-2026-001258,2026-07-03,Formulario,Oficina Digital Campinas,SP,Maquina de Lavar,WD11WV,WD11200391,L2605C,"Aparelho nao liga. Tomada testada com outro equipamento, energia OK.",NAO_LIGA,,FECHADA,13/07/2026,120,817.65,
OC-2026-000981,2026-04-08,Formulario,Prisma Assistencia Tecnica,PR,Monitor,34WP65C,34WP570724,,"morreu do nada, nao acende nem a luzinha",NAO_LIGA,,FECHADA,2026-04-25,72,609.67,
OC-2026-000639,26/05/2026,E-mail,Oficina Digital Campinas,SP,Geladeira,GT-39SSP,GT39183178,L2602C,"morreu do nada, nao acende nem a luzinha",NAO_GELA,Media,aberta,,120,,
OC-2026-001327,2026-03-28,E-mail,ATLAS MANUT EQUIP,GO,Geladeira,GC-B247SLUV,GCB2290959,L2612C,"porta nao fecha direito, fica uma fresta",PORTA_DESALINHADA,Alta,aguardando_peca,,72,50.58,
OC-2026-000982,26/06/2026,planilha_parceiro,Oficina Digital,SP,Geladeira,GC-L257FLQ,GCL2335660,L2605A,"porta nao fecha direito, fica uma fresta",,Alta,Em atendimento,,72,,
OC-2026-001153,2026-07-06,Formulario,Prisma Assistencia Tecnica,PR,Geladeira,GT39SSP,GT39802348,L2604A,"barulho estranho no compressor, parece que trava",RUIDO_COMPRESSOR,Alta,FECHADA,21/07/2026,72,1006.81,
OC-2026-001317,2026-05-03 10:57,FORM,Assistencia Tecnica Silva Ltda,SP,Monitor,27UP550,27UP546918,L2601A,"Manchas escuras no canto inferior direito da tela, cliente relata que aumentaram.",,Baixa,Fechada,2026-05-20,240,362.02,
OC-2026-001729,15/04/2026,FORM,ATLAS MANUT EQUIP,GO,Maquina de Lavar,WD11WV,WD11228271,,aparece codigo de erro no visor e para tudo,,Baixa,aberta,,240,,
OC-2026-001694,2026-04-02,Formulario,Sul Service,RS,Maquina de Lavar,wd-11wv,WD11522067,L2601C,nao liga de jeito nenhum,NAO_LIGA,Baixa,Fechado,05/04/2026,240,873.2,
OC-2026-001753,2026-04-25,E-mail,Prisma Assistencia Tecnica,PR,Geladeira,GT39SSP,GT39682972,,Cliente relata que a geladeira nao esta refrigerando ha 3 dias. Alimentos estragaram.,NAO_GELA,Alta,Fechado,12/05/2026,72,776.08,
OC-2026-000219,18/05/2026,email,OFICINA DIGITAL CAMPINAS ME,SP,TV,NANO75SQA,NANO760153,L2603B,tela apagada,TELA_ESCURA,Media,em_atendimento,,120,,
OC-2026-000934,2026-08-27 14:20,E-mail,MegaTec Reparos,BA,Geladeira,GC-L257,GCL2901723,L2607A,"A parte de baixo nao gela mais, o freezer ainda funciona normal.",TEMP_ALTA_GABINETE,Baixa,Fechada,07/09/2026,240,711.12,
OC-2026-000735,2026-06-19 19:01,E-mail,SUL SERVICE ELETRO,RS,TV,NANO-75SQA,NANO456072,L2605A,"morreu do nada, nao acende nem a luzinha",NAO_LIGA,Media,fechada,2026-07-09 14:11,120,477.69,
OC-2026-001676,05/04/2026,E-mail,Tecnoar Servicos,RJ,Ar-Condicionado,ACS12TQ,ACS1675083,L2612B,"suspeita de vazamento de gas, aparelho gela pouco",VAZAMENTO_GAS,Baixa,aguardando_peca,,240,320.63,
OC-2026-000251,2026-06-01,E-mail,Tecnoar Servicos Eireli,RJ,TV,NANO-75SQA,NANO972245,L2604C,"controle nao funciona mais, ja troquei a pilha",CONTROLE_NAO_RESPONDE,Media,AGUARDANDO PECA,,120,74.9,
OC-2026-001554,2026-04-11,E-mail,Central Reparos Band.,SP,Geladeira,GC-L257FLQ,GCL2741970,L2603C,"temperatura do gabinete alta, marcando 14 graus com regulagem no maximo",,Alta,fechada,03/05/2026,72,673.99,
OC-2026-001759,2026-05-07 14:30,FORM,Eletro Nordeste Assistencia,PE,Ar-Condicionado,AC-S12TQ,ACS1268034,L2602B,Controle remoto sem resposta. Aparelho responde aos botoes fisicos.,,Media,Em atendimento,,120,,
OC-2026-001073,04-03-2026 13:16,Formulario,Assist Tec Silva,SP,TV,UQ7550PSF,UQ75899618,,"Aparelho nao liga. Tomada testada com outro equipamento, energia OK.",,Alta,EM ATENDIMENTO,,72,,
OC-2026-001323,,formulario,MegaTec Reparos,BA,Ar-Condicionado,ACS12TQ,ACS1578754,,"suspeita de vazamento de gas, aparelho gela pouco",,Media,FECHADA,2026-05-12 18:55,120,539.28,
OC-2026-001931,2026-07-02,Formulario,Eletro Nordeste Assistencia,PE,Maquina de Lavar,WMF60BW,WMF6232295,L2603C,"instalacao feita as pressas, mangueira nao encaixou e vaza toda vez que enche",VAZAMENTO_AGUA,Media,Fechado,2026-07-04,120,75.61,
OC-2026-001537,13/07/2026,E-mail,Eletro Servicos Andrade ME,SP,TV,UQ-7550PSF,UQ75535487,L2605A,"morreu do nada, nao acende nem a luzinha",,Alta,FECHADA,10/08/2026,72,708.53,
OC-2026-001136,28/07/2026,E-mail,Tecnoar Servicos,RJ,Geladeira,GT-39SSP,GT39912363,L2604A,nao liga de jeito nenhum,NAO_LIGA,Alta,fechada,2026-07-29,72,577.38,
OC-2026-001220,11-03-2026 14:20,E-mail,ELETRO SERV ANDRADE,SP,Geladeira,GT-39SSP,GT39376903,L2602C,"Ruido intermitente na parte traseira, cliente relata que piorou nas ultimas semanas.",RUIDO_COMPRESSOR,,Fechada,27/03/2026,240,1075.89,
OC-2026-001886,2026-08-26,E-mail,Sul Service,RS,Geladeira,gc-b247sluv,GCB2516047,L2606C,"novinha e ja parou de gelar, ta com uns 3 meses so",,Alta,fechada,15/09/2026,72,1036.19,
OC-2026-000577,31/05/2026,E-mail,Norte Eletro,CE,TV,NANO75SQA,NANO691105,L2604C,tela preta mas o som funciona,,Baixa,aguardando_peca,,240,518.76,
OC-2026-001347,2026-04-13,email,TECNOAR,RJ,Maquina de Lavar,WMT13BW,WMT1118085,L2601C,aparece codigo de erro no visor e para tudo,,Baixa,ABERTA,,240,,
OC-2026-000333,2026-06-07,Formulario,PRISMA AT,PR,Maquina de Lavar,WMT13BW,WMT1110186,L2604C,agua fica parada no tambor,,Baixa,FECHADA,03/07/2026,240,511.18,
OC-2026-000478,08/07/2026,formulario,NORTE ELETRO SERVICOS LTDA,CE,Ar-Condicionado,AC-DUAL9K,ACDU275486,L2604B,nao liga de jeito nenhum,,,ABERTA,,120,,
OC-2026-000833,2026-08-11,Formulario,MEGATEC,BA,TV,UQ-7550PSF,UQ75665953,L2604A,Sem imagem. Audio presente. Cliente ja testou outra fonte de video.,,Media,Fechado,2026-08-31,120,917.45,
OC-2026-000635,2026-07-19,Formulario,NORTE ELETRO SERVICOS LTDA,CE,Maquina de Lavar,WM-T13BW,WMT1552629,L2604B,"vazamento constante, cliente teve que colocar pano embaixo",,Critica,em_atendimento,,72,,
OC-2026-001645,2026-03-08,email,REFRIGERACAO VALE VERDE LTDA,MG,Ar-Condicionado,AC S12TQ,ACS1481504,L2612B,nao resfria mais,,Baixa,Fechado,2026-03-10,240,779.32,
OC-2026-000211,01-04-2026 07:04,Planilha Parceiro,SUL SERVICE ELETRO,RS,TV,UQ7550PSF,UQ75338157,L2602B,Sem imagem. Audio presente. Cliente ja testou outra fonte de video.,TELA_ESCURA,Media,em_atendimento,,120,,
OC-2026-001646,2026-03-05,E-mail,OFICINA DIGITAL CAMPINAS ME,SP,Ar-Condicionado,AC-D18MQ,ACD1627645,L2601A,"suspeita de vazamento de gas, aparelho gela pouco",,Media,aberta,,120,,
OC-2026-000027,2026-08-03,Formulario,OFICINA DIGITAL CAMPINAS ME,SP,Ar-Condicionado,ACD18MQ,ACD1711908,L2604B,"morreu do nada, nao acende nem a luzinha",NAO_LIGA,Baixa,Fechado,2026-08-04,240,313.14,
OC-2026-000283,2026-03-04,planilha_parceiro,Refrigeracao Vale Verde,MG,Ar-Condicionado,AC-D18MQ,ACD1811746,L2612C,"morreu do nada, nao acende nem a luzinha",CONTROLE_NAO_RESPONDE,Media,fechada,2026-03-18,120,145.67,
OC-2026-000501,2026-08-19 08:02,email,Atlas Manutencao de Equipamentos,GO,TV,UQ-7550PSF,UQ75195448,L2606A,Controle remoto sem resposta. Aparelho responde aos botoes fisicos.,,Media,em_atendimento,,120,,
OC-2026-001081,2026-05-04,email,Eletro Servicos Andrade,SP,Monitor,34-WP65C,34WP792501,L2602C,Sem imagem. Audio presente. Cliente ja testou outra fonte de video.,TELA_ESCURA,Critica,Em atendimento,,72,,
OC-2026-000045,2026-04-02,E-mail,ELETRO NORDESTE ASSIST LTDA,PE,Geladeira,GT-39SSP,GT39999862,L2601A,esquentou tudo dentro,,Baixa,FECHADA,05/04/2026,240,535.5,
OC-2026-000971,2026-03-11,Formulario,SUL SERVICE ELETRO,RS,Maquina de Lavar,WM-T13BW,WMT1942971,,Cliente relata poca de agua no chao apos o uso.,,Alta,Fechado,17/03/2026,72,870.72,
OC-2026-000672,29/07/2026,E-mail,OFICINA DIGITAL CAMPINAS ME,SP,Maquina de Lavar,WD11WV,WD11815127,L2604A,Maquina completa o ciclo mas nao centrifuga.,NAO_CENTRIFUGA,Baixa,FECHADA,2026-08-19,240,424.27,
OC-2026-000001,2026-05-22,E-mail,SUL SERVICE ELETRO,RS,Ar-Condicionado,ACS12TQ,ACS1177006,L2602B,Controle remoto sem resposta. Aparelho responde aos botoes fisicos.,CONTROLE_NAO_RESPONDE,Baixa,Fechada,2026-06-19,240,85.74,
OC-2026-001598,2026-04-11,formulario,Refrigeracao Vale Verde,MG,Geladeira,GC-L257,GCL2686834,L2602C,nao liga de jeito nenhum,,Media,Fechado,2026-04-15,120,640.81,
OC-2026-001331,01/04/2026,E-mail,ELETRO SERV ANDRADE,SP,Geladeira,GC-L257FLQ,GCL2835123,L2612C,nao liga de jeito nenhum,,Media,ABERTA,,120,,
OC-2026-000756,10/08/2026,Formulario,Central Reparos Bandeirantes,SP,TV,UQ7550PSF,UQ75286480,L2607B,Display apresenta codigo de erro intermitente. Cliente ja tentou reset.,ERRO_DISPLAY,Baixa,Fechada,27/08/2026,240,339.2,
OC-2026-001802,2026-03-18,Planilha Parceiro,ATLAS MANUT EQUIP,GO,Geladeira,GCB247SLUV,GCB2661265,,"Ruido intermitente na parte traseira, cliente relata que piorou nas ultimas semanas.",RUIDO_COMPRESSOR,Alta,FECHADA,2026-04-08 17:35,72,960.01,
OC-2026-001516,06/08/2026,E-mail,Atlas Manutencao de Equipamentos,GO,Maquina de Lavar,WM-F60BW,WMF6546847,L2606A,"vazamento constante, cliente teve que colocar pano embaixo",VAZAMENTO_AGUA,Baixa,Fechada,2026-08-15 11:00,240,143.83,
OC-2026-000047,2026-03-05 10:44,Formulario,Sul Service Eletrodomesticos,RS,Ar-Condicionado,AC-D18MQ,ACD1491574,,"nao gela o ambiente, so joga ar quente",NAO_RESFRIA,,FECHADA,2026-03-22,72,730.37,
OC-2026-000660,2026-03-26,Planilha Parceiro,Atlas Manutencao de Equipamentos,GO,Maquina de Lavar,WD-11WV,WD11792588,,"vazamento constante, cliente teve que colocar pano embaixo",VAZAMENTO_AGUA,Media,fechada,2026-03-17,120,115.5,
OC-2026-001936,29/07/2026,email,assistencia tecnica silva,SP,Geladeira,GC B247SLUV,GCB2698003,L2605B,"novinha e ja parou de gelar, ta com uns 3 meses so",TEMP_ALTA_GABINETE,Media,REABERTA,,120,899.23,OC-2026-001851
OC-2026-001869,,Formulario,Central Reparos Band.,SP,Geladeira,GC-B247SLUV,GCB2511376,L2605B,Equipamento com aproximadamente 70 dias de uso apresentou perda total de refrigeracao. Compressor em ciclo curto.,NAO_GELA,Alta,FECHADA,22/08/2026,72,661.52,
OC-2026-000360,19-04-2026 17:43,Formulario,Assist Tec Silva,SP,Ar-Condicionado,AC DUAL 9K,ACDU599317,,"Aparelho nao liga. Tomada testada com outro equipamento, energia OK.",NAO_LIGA,Baixa,Aguardando peca,,240,840.94,
OC-2026-000134,29/04/2026,formulario,Norte Eletro Servicos,CE,Monitor,27UP550,27UP547015,L2602C,Mensagem de ausencia de sinal. Cliente testou dois cabos diferentes.,,Media,aguardando_peca,,120,641.23,
OC-2026-001359,02/04/2026,Formulario,assistencia tecnica silva,SP,Geladeira,GT39SSP,GT39112100,L2602C,"Porta desalinhada, borracha de vedacao solta em um dos cantos.",PORTA_DESALINHADA,Baixa,fechada,2026-04-21,240,76.19,
OC-2026-000069,2026-03-04,email,Sul Service Eletrodomesticos,RS,Maquina de Lavar,WD11WV,WD11558873,,aparece codigo de erro no visor e para tudo,ERRO_DISPLAY,Baixa,FECHADA,25-03-2026 16:04,240,152.28,
OC-2026-000130,2026-03-18 18:41,Planilha Parceiro,Assistencia Tecnica Silva Ltda,SP,Geladeira,GCL257FLQ,GCL2489720,L2601C,esquentou tudo dentro,NAO_GELA,,Fechado,24-03-2026 11:23,120,1173.57,
OC-2026-000192,30-06-2026 15:17,formulario,Eletro Nordeste Assistencia,PE,TV,OLED-55C4,OLED493891,L2605B,erro no painel,ERRO_DISPLAY,Critica,FECHADA,2026-07-24,72,407.64,
OC-2026-000017,14/04/2026,Planilha Parceiro,OFICINA DIGITAL CAMPINAS ME,SP,TV,NANO-75SQA,NANO953124,L2603B,risco na tela do lado esquerdo,LINHAS_TELA,Media,FECHADA,2026-05-05 11:09,120,1570.96,
OC-2026-000889,2026-06-13,Formulario,Tecnoar Servicos Eireli,RJ,TV,UQ7550PSF,UQ75650114,L2603A,"Manchas escuras no canto inferior direito da tela, cliente relata que aumentaram.",LINHAS_TELA,Baixa,Aberta,,240,,
OC-2026-000302,2026-04-26 15:16,formulario,TECNOAR,RJ,TV,UQ7550PSF,UQ75358313,,nao liga de jeito nenhum,NAO_LIGA,Alta,Fechado,2026-05-02,72,735.65,
OC-2026-001907,2026-07-28,Formulario,Norte Eletro Servicos,CE,Maquina de Lavar,WM F60BW,WMF6434064,L2605C,vazando agua embaixo desde o dia da instalacao,VAZAMENTO_AGUA,Media,aguardando_peca,,120,138.89,
OC-2026-000472,2026-08-11,E-mail,Oficina Digital,SP,TV,UQ7550PSF,UQ75590145,L2606B,tela preta mas o som funciona,,Baixa,Fechado,2026-08-13,240,618.04,
OC-2026-000358,2026-04-21,email,Assistencia Tecnica Silva Ltda,SP,Monitor,34-WP65C,34WP502998,L2602B,a tela fica piscando o tempo todo,FLICKER,Baixa,FECHADA,2026-05-04,240,872.44,
OC-2026-001088,2026-06-16 13:55,email,Central Reparos Bandeirantes,SP,Geladeira,GCL257FLQ,GCL2278962,,Cliente relata que a geladeira nao esta refrigerando ha 3 dias. Alimentos estragaram.,NAO_GELA,Media,Aberta,,120,,
OC-2026-000404,04-05-2026 13:09,formulario,CENTRAL REPAROS BANDEIRANTES SA,SP,Monitor,34-WP65C,34WP531396,L2603C,Cintilacao visivel principalmente em fundo claro.,,Media,em_atendimento,,120,,
OC-2026-001107,2026-07-09 14:22,Planilha Parceiro,Tecnoar Servicos,RJ,Maquina de Lavar,WM-T13BW,WMT1868438,L2605A,para na centrifugacao e apita,,Baixa,em_atendimento,,240,,
OC-2026-000967,2026-04-24,formulario,Prisma Assist Tecnica,PR,TV,oled55c4,OLED667278,L2612A,nao liga de jeito nenhum,NAO_LIGA,Alta,FECHADA,27/04/2026,72,842.35,
OC-2026-000648,2026-04-04,email,Oficina Digital,SP,Ar-Condicionado,ACD18MQ,ACD1736142,L2603A,nao resfria mais,NAO_RESFRIA,Alta,Fechada,2026-04-30,72,329.35,
OC-2026-001751,04-03-2026 18:58,formulario,CENTRAL REPAROS BANDEIRANTES SA,SP,Ar-Condicionado,ACD18MQ,ACD1341342,,Equipamento liga mas nao resfria. Cliente relata que ja limpou os filtros.,,Alta,FECHADA,2026-03-20,72,322.41,
OC-2026-001472,2026-06-01,Planilha Parceiro,CENTRAL REPAROS BANDEIRANTES SA,SP,Ar-Condicionado,AC-DUAL9K,ACDU627297,L2604A,"suspeita de vazamento de gas, aparelho gela pouco",,Baixa,fechada,03/06/2026,240,607.46,
OC-2026-001166,2026-03-28,E-mail,NORTE ELETRO SERVICOS LTDA,CE,Geladeira,GC-L257,GCL2451169,L2612B,esquentou tudo dentro,,Baixa,Fechada,19/04/2026,240,582.04,
OC-2026-000565,2026-06-16,Planilha Parceiro,CENTRAL REPAROS BANDEIRANTES SA,SP,Maquina de Lavar,WD11WV,WD11611933,L2602C,Cliente relata que a agua nao drena ao final do ciclo.,,Baixa,fechada,03/07/2026,240,877.19,
OC-2026-000769,2026-05-27,E-mail,CENTRAL REPAROS BANDEIRANTES SA,SP,Geladeira,GC-L257FLQ,GCL2177851,,"barulho estranho no compressor, parece que trava",RUIDO_COMPRESSOR,Critica,EM ATENDIMENTO,,72,,
OC-2026-001446,2026-06-25,E-mail,Assistencia Tecnica Silva Ltda,SP,TV,OLED-55C4,OLED262480,L2604C,"controle nao funciona mais, ja troquei a pilha",CONTROLE_NAO_RESPONDE,Baixa,Aguardando peca,,240,74.16,
OC-2026-000859,11/03/2026,Formulario,Tecnoar Servicos,RJ,Maquina de Lavar,WM-T13BW,WMT1406673,L2611B,Cliente relata poca de agua no chao apos o uso.,VAZAMENTO_AGUA,Media,ABERTA,,120,,
OC-2026-001740,2026-05-04 16:11,email,Tecnoar Servicos Eireli,RJ,TV,OLED55C4,OLED948707,L2603C,Controle remoto sem resposta. Aparelho responde aos botoes fisicos.,CONTROLE_NAO_RESPONDE,,Fechado,2026-05-11,240,94.69,
OC-2026-000289,2026-05-19,email,A.T. SILVA LTDA,SP,Ar-Condicionado,ACD18MQ,ACD1345529,L2603C,"controle nao funciona mais, ja troquei a pilha",,Media,Aberta,,120,,
OC-2026-000917,29/04/2026,Formulario,Refrigeracao Vale Verde,MG,Maquina de Lavar,WM-F60BW,WMF6716128,,Maquina completa o ciclo mas nao centrifuga.,,Baixa,Em atendimento,,240,,
OC-2026-000712,2026-06-09,formulario,MegaTec Reparos,BA,Ar-Condicionado,AC-D18MQ,ACD1296533,L2604B,"controle nao funciona mais, ja troquei a pilha",CONTROLE_NAO_RESPONDE,Alta,Em atendimento,,72,,
OC-2026-000052,2026-04-02,planilha_parceiro,Assist Tec Silva,SP,Ar-Condicionado,AC-D18MQ,ACD1301743,L2601C,"Baixa pressao no sistema, indicio de vazamento na linha.",,Critica,Fechada,27-04-2026 14:17,72,327.25,
OC-2026-000179,2026-06-26,formulario,Norte Eletro Servicos,CE,Maquina de Lavar,WD11WV,WD11378281,L2604A,"nao centrifuga, roupa sai encharcada",,,FECHADA,2026-07-14,72,406.97,
OC-2026-001721,2026-08-21,Planilha Parceiro,Atlas Manutencao de Equipamentos,GO,Maquina de Lavar,wd-11wv,WD11446889,L2604B,Display apresenta codigo de erro intermitente. Cliente ja tentou reset.,,Alta,FECHADA,2026-09-07,72,454.27,
OC-2026-001666,2026-05-19,Planilha Parceiro,REFRIGERACAO VALE VERDE LTDA,MG,Ar-Condicionado,AC S12TQ,ACS1253820,,"Unidade externa com ruido alto durante a operacao, vizinhos reclamaram.",RUIDO_UNIDADE_EXTERNA,Media,Fechado,2026-05-29,120,407.94,
OC-2026-000354,2026-08-24,email,Norte Eletro Servicos,CE,TV,OLED55C4,OLED362658,L2607C,risco na tela do lado esquerdo,LINHAS_TELA,,Aguardando peca,,72,1023.37,
OC-2026-001700,2026-07-30 11:28,Formulario,Sul Service Eletrodomesticos,RS,Maquina de Lavar,WM-T13BW,WMT1795096,L2604B,"vazamento constante, cliente teve que colocar pano embaixo",VAZAMENTO_AGUA,Alta,FECHADA,2026-07-31,72,216.76,
OC-2026-000064,10/04/2026,formulario,Central Reparos Band.,SP,Ar-Condicionado,AC DUAL 9K,ACDU211597,L2601A,Equipamento liga mas nao resfria. Cliente relata que ja limpou os filtros.,NAO_RESFRIA,,fechada,08/05/2026,72,913.03,
OC-2026-000802,2026-03-23,E-mail,Eletro Servicos Andrade,SP,Ar-Condicionado,AC-S12TQ,ACS1605672,,condensadora fazendo muito barulho,RUIDO_UNIDADE_EXTERNA,Alta,EM ATENDIMENTO,,72,,
OC-2026-000312,2026-05-04,Formulario,PRISMA AT,PR,Ar-Condicionado,AC S12TQ,ACS1205513,L2601C,"controle nao funciona mais, ja troquei a pilha",,Baixa,EM ATENDIMENTO,,240,,
OC-2026-000126,08/07/2026,FORM,Eletro Servicos Andrade ME,SP,Maquina de Lavar,WD11WV,WD11723529,L2605C,aparece codigo de erro no visor e para tudo,,Media,Aguardando peca,,120,502.44,
OC-2026-000357,2026-04-10,email,Atlas Manutencao,GO,Ar-Condicionado,AC DUAL 9K,ACDU935937,L2603C,condensadora fazendo muito barulho,RUIDO_UNIDADE_EXTERNA,Media,Fechado,2026-04-26 17:27,120,809.95,
OC-2026-001091,2026-06-21,Planilha Parceiro,MegaTec Reparos Ltda,BA,TV,OLED55C4,OLED321631,L2603A,"Aparelho nao liga. Tomada testada com outro equipamento, energia OK.",,Media,EM ATENDIMENTO,,120,,
OC-2026-002032,2026-04-07 08:02,email,Tecnoar Servicos,RJ,Geladeira,GT-39SSP,GT39414980,L2602C,ta pingando agua na parte de tras,VAZAMENTO_AGUA,Media,Aberta,,120,294.23,
OC-2026-000458,03/07/2026,E-mail,Eletro Nordeste,PE,TV,UQ-7550PSF,UQ75212968,L2604A,nao liga de jeito nenhum,NAO_LIGA,Baixa,Fechada,23/07/2026,240,769.85,
OC-2026-001100,2026-05-23 10:07,E-mail,Central Reparos Bandeirantes,SP,TV,UQ7550PSF,UQ75921239,L2603A,Sem imagem. Audio presente. Cliente ja testou outra fonte de video.,TELA_ESCURA,,fechada,03/06/2026,120,1016.87,
OC-2026-000231,2026-04-28,E-mail,Refrigeracao Vale Verde,MG,Geladeira,GT-39SSP,GT39304339,L2601B,"porta nao fecha direito, fica uma fresta",PORTA_DESALINHADA,Baixa,aberta,,240,,
OC-2026-001941,2026-05-13,Formulario,NORTE ELETRO SERVICOS LTDA,CE,Geladeira,GT39SSP,GT39177342,,"nao ta gelando direito desde semana passada, ja regulei o termostato e nao adiantou",NAO_GELA,Baixa,Reaberta,,240,564.35,OC-2026-001281
OC-2026-000603,2026-06-22,E-mail,Norte Eletro,CE,Ar-Condicionado,ACD18MQ,ACD1697847,L2603B,"suspeita de vazamento de gas, aparelho gela pouco",NAO_RESFRIA,Alta,EM ATENDIMENTO,,72,,
OC-2026-000581,2026-05-12,Formulario,SUL SERVICE ELETRO,RS,Monitor,34WP65C,34WP855781,L2603B,apareceu umas linhas verticais na tela,LINHAS_TELA,Alta,EM ATENDIMENTO,,72,,
OC-2026-000641,2026-05-19,FORM,Refrigeracao Vale Verde,MG,Monitor,24MP400,24MP598575,L2603C,risco na tela do lado esquerdo,TELA_ESCURA,Critica,fechada,2026-05-23,72,459.59,
OC-2026-001007,22/06/2026,Formulario,MEGATEC,BA,Monitor,27-UP550,27UP968985,L2604B,tela preta mas o som funciona,TELA_ESCURA,Baixa,Fechada,29/06/2026,240,1413.58,
OC-2026-000324,23/07/2026,Formulario,Tecnoar Servicos,RJ,Monitor,24-MP400,24MP952584,,a tela fica piscando o tempo todo,FLICKER,Alta,fechada,2026-08-01,72,962.26,
OC-2026-001143,2026-03-23 13:56,E-mail,Sul Service,RS,Maquina de Lavar,WMT13BW,WMT1340700,,Cliente relata que a agua nao drena ao final do ciclo.,,Alta,aberta,,72,,
OC-2026-001846,2026-07-16 12:20,Planilha Parceiro,SUL SERVICE ELETRO,RS,Geladeira,GC B247SLUV,GCB2564547,L2606C,"comprou faz uns 2 meses e parou de gelar, o compressor liga e desliga direto",NAO_GELA,Alta,FECHADA,2026-08-02,72,1163.06,
OC-2026-001231,2026-05-06,FORM,Oficina Digital Campinas,SP,Geladeira,GC-L257,GCL2336751,L2601A,Cliente relata que a geladeira nao esta refrigerando ha 3 dias. Alimentos estragaram.,NAO_GELA,Media,Fechado,2026-04-28,120,451.23,
OC-2026-000171,20/07/2026,Formulario,NORTE ELETRO SERVICOS LTDA,CE,Maquina de Lavar,WD-11WV,WD11797626,L2605A,"vazamento constante, cliente teve que colocar pano embaixo",,Critica,aguardando_peca,,72,526.41,
OC-2026-000761,2026-04-10,planilha_parceiro,TECNOAR,RJ,Geladeira,GC-L257FLQ,GCL2567884,L2602C,"Ruido intermitente na parte traseira, cliente relata que piorou nas ultimas semanas.",,Baixa,EM ATENDIMENTO,,240,,
